Employee_id,work_year,experience_level,employment_type,job_title,salary,salary_currency,salary_in_usd,employee_residence,remote_ratio,company_location,company_size,Job Category
1,2020,MI,FT,Data Scientist,70000,EUR,79833,DE,0,DE,L,Data Scientist
2,2020,SE,FT,Machine Learning Scientist,260000,USD,260000,JP,0,JP,S,Machine Learning / Ai
3,2020,SE,FT,Big Data Engineer,85000,GBP,109024,GB,50,GB,M,Data Engineering & Architecture
4,2020,MI,FT,Product Data Analyst,20000,USD,20000,HN,0,HN,S,Data Analyst / BI
5,2020,SE,FT,Machine Learning Engineer,150000,USD,150000,US,50,US,L,Machine Learning / Ai
6,2020,EN,FT,Data Analyst,72000,USD,72000,US,100,US,L,Data Analyst / BI
7,2020,SE,FT,Lead Data Scientist,190000,USD,190000,US,100,US,S,Data Scientist
8,2020,MI,FT,Data Scientist,11000000,HUF,35735,HU,50,HU,L,Data Scientist
9,2020,MI,FT,Business Data Analyst,135000,USD,135000,US,100,US,L,Data Analyst / BI
10,2020,SE,FT,Lead Data Engineer,125000,USD,125000,NZ,50,NZ,S,Data Engineering & Architecture
11,2020,EN,FT,Data Scientist,45000,EUR,51321,FR,0,FR,S,Data Scientist
12,2020,MI,FT,Data Scientist,3000000,INR,40481,IN,0,IN,L,Data Scientist
13,2020,EN,FT,Data Scientist,35000,EUR,39916,FR,0,FR,M,Data Scientist
14,2020,MI,FT,Lead Data Analyst,87000,USD,87000,US,100,US,L,Data Analyst / BI
15,2020,MI,FT,Data Analyst,85000,USD,85000,US,100,US,L,Data Analyst / BI
16,2020,MI,FT,Data Analyst,8000,USD,8000,PK,50,PK,L,Data Analyst / BI
17,2020,EN,FT,Data Engineer,4450000,JPY,41689,JP,100,JP,S,Data Engineering & Architecture
18,2020,SE,FT,Big Data Engineer,100000,EUR,114047,PL,100,GB,S,Data Engineering & Architecture
19,2020,EN,FT,Data Science Consultant,423000,INR,5707,IN,50,IN,M,Data Scientist
20,2020,MI,FT,Lead Data Engineer,56000,USD,56000,PT,100,US,M,Data Engineering & Architecture
21,2020,MI,FT,Machine Learning Engineer,299000,CNY,43331,CN,0,CN,M,Machine Learning / Ai
22,2020,MI,FT,Product Data Analyst,450000,INR,6072,IN,100,IN,L,Data Analyst / BI
23,2020,SE,FT,Data Engineer,42000,EUR,47899,GR,50,GR,L,Data Engineering & Architecture
24,2020,MI,FT,BI Data Analyst,98000,USD,98000,US,0,US,M,Data Analyst / BI
25,2020,MI,FT,Lead Data Scientist,115000,USD,115000,AE,0,AE,L,Data Scientist
26,2020,EX,FT,Director of Data Science,325000,USD,325000,US,100,US,L,Data Scientist
27,2020,EN,FT,Research Scientist,42000,USD,42000,NL,50,NL,L,Research / Computational
28,2020,SE,FT,Data Engineer,720000,MXN,33511,MX,0,MX,S,Data Engineering & Architecture
29,2020,EN,CT,Business Data Analyst,100000,USD,100000,US,100,US,L,Data Analyst / BI
30,2020,SE,FT,Machine Learning Manager,157000,CAD,117104,CA,50,CA,L,Machine Learning / Ai
31,2020,MI,FT,Data Engineering Manager,51999,EUR,59303,DE,100,DE,S,Data Engineering & Architecture
32,2020,EN,FT,Big Data Engineer,70000,USD,70000,US,100,US,L,Data Engineering & Architecture
33,2020,SE,FT,Data Scientist,60000,EUR,68428,GR,100,US,L,Data Scientist
34,2020,MI,FT,Research Scientist,450000,USD,450000,US,0,US,M,Research / Computational
35,2020,MI,FT,Data Analyst,41000,EUR,46759,FR,50,FR,L,Data Analyst / BI
36,2020,MI,FT,Data Engineer,65000,EUR,74130,AT,50,AT,L,Data Engineering & Architecture
37,2020,MI,FT,Data Science Consultant,103000,USD,103000,US,100,US,L,Data Scientist
38,2020,EN,FT,Machine Learning Engineer,250000,USD,250000,US,50,US,L,Machine Learning / Ai
39,2020,EN,FT,Data Analyst,10000,USD,10000,NG,100,NG,S,Data Analyst / BI
40,2020,EN,FT,Machine Learning Engineer,138000,USD,138000,US,100,US,S,Machine Learning / Ai
41,2020,MI,FT,Data Scientist,45760,USD,45760,PH,100,US,S,Data Scientist
42,2020,EX,FT,Data Engineering Manager,70000,EUR,79833,ES,50,ES,L,Data Engineering & Architecture
43,2020,MI,FT,Machine Learning Infrastructure Engineer,44000,EUR,50180,PT,0,PT,M,Machine Learning / Ai
44,2020,MI,FT,Data Engineer,106000,USD,106000,US,100,US,L,Data Engineering & Architecture
45,2020,MI,FT,Data Engineer,88000,GBP,112872,GB,50,GB,L,Data Engineering & Architecture
46,2020,EN,PT,ML Engineer,14000,EUR,15966,DE,100,DE,S,Machine Learning / Ai
47,2020,MI,FT,Data Scientist,60000,GBP,76958,GB,100,GB,S,Data Scientist
48,2020,SE,FT,Data Engineer,188000,USD,188000,US,100,US,L,Data Engineering & Architecture
49,2020,MI,FT,Data Scientist,105000,USD,105000,US,100,US,L,Data Scientist
50,2020,MI,FT,Data Engineer,61500,EUR,70139,FR,50,FR,L,Data Engineering & Architecture
51,2020,EN,FT,Data Analyst,450000,INR,6072,IN,0,IN,S,Data Analyst / BI
52,2020,EN,FT,Data Analyst,91000,USD,91000,US,100,US,L,Data Analyst / BI
53,2020,EN,FT,AI Scientist,300000,DKK,45896,DK,50,DK,S,Machine Learning / Ai
54,2020,EN,FT,Data Engineer,48000,EUR,54742,PK,100,DE,L,Data Engineering & Architecture
55,2020,SE,FL,Computer Vision Engineer,60000,USD,60000,RU,100,US,S,Machine Learning / Ai
56,2020,SE,FT,Principal Data Scientist,130000,EUR,148261,DE,100,DE,M,Data Scientist
57,2020,MI,FT,Data Scientist,34000,EUR,38776,ES,100,ES,M,Data Scientist
58,2020,MI,FT,Data Scientist,118000,USD,118000,US,100,US,M,Data Scientist
59,2020,SE,FT,Data Scientist,120000,USD,120000,US,50,US,L,Data Scientist
60,2020,MI,FT,Data Scientist,138350,USD,138350,US,100,US,M,Data Scientist
61,2020,MI,FT,Data Engineer,110000,USD,110000,US,100,US,L,Data Engineering & Architecture
62,2020,MI,FT,Data Engineer,130800,USD,130800,ES,100,US,M,Data Engineering & Architecture
63,2020,EN,PT,Data Scientist,19000,EUR,21669,IT,50,IT,S,Data Scientist
64,2020,SE,FT,Data Scientist,412000,USD,412000,US,100,US,L,Data Scientist
65,2020,SE,FT,Machine Learning Engineer,40000,EUR,45618,HR,100,HR,S,Machine Learning / Ai
66,2020,EN,FT,Data Scientist,55000,EUR,62726,DE,50,DE,S,Data Scientist
67,2020,EN,FT,Data Scientist,43200,EUR,49268,DE,0,DE,S,Data Scientist
68,2020,SE,FT,Data Science Manager,190200,USD,190200,US,100,US,M,Data Scientist
69,2020,EN,FT,Data Scientist,105000,USD,105000,US,100,US,S,Data Scientist
70,2020,SE,FT,Data Scientist,80000,EUR,91237,AT,0,AT,S,Data Scientist
71,2020,MI,FT,Data Scientist,55000,EUR,62726,FR,50,LU,S,Data Scientist
72,2020,MI,FT,Data Scientist,37000,EUR,42197,FR,50,FR,S,Data Scientist
73,2021,EN,FT,Research Scientist,60000,GBP,82528,GB,50,GB,L,Research / Computational
74,2021,EX,FT,BI Data Analyst,150000,USD,150000,IN,100,US,L,Data Analyst / BI
75,2021,EX,FT,Head of Data,235000,USD,235000,US,100,US,L,Data Analyst / BI
76,2021,SE,FT,Data Scientist,45000,EUR,53192,FR,50,FR,L,Data Scientist
77,2021,MI,FT,BI Data Analyst,100000,USD,100000,US,100,US,M,Data Analyst / BI
78,2021,MI,PT,3D Computer Vision Researcher,400000,INR,5409,IN,50,IN,M,Research / Computational
79,2021,MI,CT,ML Engineer,270000,USD,270000,US,100,US,L,Machine Learning / Ai
80,2021,EN,FT,Data Analyst,80000,USD,80000,US,100,US,M,Data Analyst / BI
81,2021,SE,FT,Data Analytics Engineer,67000,EUR,79197,DE,100,DE,L,Data Analyst / BI
82,2021,MI,FT,Data Engineer,140000,USD,140000,US,100,US,L,Data Engineering & Architecture
83,2021,MI,FT,Applied Data Scientist,68000,CAD,54238,GB,50,CA,L,Data Scientist
84,2021,MI,FT,Machine Learning Engineer,40000,EUR,47282,ES,100,ES,S,Machine Learning / Ai
85,2021,EX,FT,Director of Data Science,130000,EUR,153667,IT,100,PL,L,Data Scientist
86,2021,MI,FT,Data Engineer,110000,PLN,28476,PL,100,PL,L,Data Engineering & Architecture
87,2021,EN,FT,Data Analyst,50000,EUR,59102,FR,50,FR,M,Data Analyst / BI
88,2021,MI,FT,Data Analytics Engineer,110000,USD,110000,US,100,US,L,Data Analyst / BI
89,2021,SE,FT,Lead Data Analyst,170000,USD,170000,US,100,US,L,Data Analyst / BI
90,2021,SE,FT,Data Analyst,80000,USD,80000,BG,100,US,S,Data Analyst / BI
91,2021,SE,FT,Marketing Data Analyst,75000,EUR,88654,GR,100,DK,L,Data Analyst / BI
92,2021,EN,FT,Data Science Consultant,65000,EUR,76833,DE,100,DE,S,Data Scientist
93,2021,MI,FT,Lead Data Analyst,1450000,INR,19609,IN,100,IN,L,Data Analyst / BI
94,2021,SE,FT,Lead Data Engineer,276000,USD,276000,US,0,US,L,Data Engineering & Architecture
95,2021,EN,FT,Data Scientist,2200000,INR,29751,IN,50,IN,L,Data Scientist
96,2021,MI,FT,Cloud Data Engineer,120000,SGD,89294,SG,50,SG,L,Data Engineering & Architecture
97,2021,EN,PT,AI Scientist,12000,USD,12000,BR,100,US,S,Machine Learning / Ai
98,2021,MI,FT,Financial Data Analyst,450000,USD,450000,US,100,US,L,Data Analyst / BI
99,2021,EN,FT,Computer Vision Software Engineer,70000,USD,70000,US,100,US,M,Machine Learning / Ai
100,2021,MI,FT,Computer Vision Software Engineer,81000,EUR,95746,DE,100,US,S,Machine Learning / Ai
101,2021,MI,FT,Data Analyst,75000,USD,75000,US,0,US,L,Data Analyst / BI
102,2021,SE,FT,Data Engineer,150000,USD,150000,US,100,US,L,Data Engineering & Architecture
103,2021,MI,FT,BI Data Analyst,11000000,HUF,36259,HU,50,US,L,Data Analyst / BI
104,2021,MI,FT,Data Analyst,62000,USD,62000,US,0,US,L,Data Analyst / BI
105,2021,MI,FT,Data Scientist,73000,USD,73000,US,0,US,L,Data Scientist
106,2021,MI,FT,Data Analyst,37456,GBP,51519,GB,50,GB,L,Data Analyst / BI
107,2021,MI,FT,Research Scientist,235000,CAD,187442,CA,100,CA,L,Research / Computational
108,2021,SE,FT,Data Engineer,115000,USD,115000,US,100,US,S,Data Engineering & Architecture
109,2021,SE,FT,Data Engineer,150000,USD,150000,US,100,US,M,Data Engineering & Architecture
110,2021,EN,FT,Data Engineer,2250000,INR,30428,IN,100,IN,L,Data Engineering & Architecture
111,2021,SE,FT,Machine Learning Engineer,80000,EUR,94564,DE,50,DE,L,Machine Learning / Ai
112,2021,SE,FT,Director of Data Engineering,82500,GBP,113476,GB,100,GB,M,Data Engineering & Architecture
113,2021,SE,FT,Lead Data Engineer,75000,GBP,103160,GB,100,GB,S,Data Engineering & Architecture
114,2021,EN,PT,AI Scientist,12000,USD,12000,PK,100,US,M,Machine Learning / Ai
115,2021,MI,FT,Data Engineer,38400,EUR,45391,NL,100,NL,L,Data Engineering & Architecture
116,2021,EN,FT,Machine Learning Scientist,225000,USD,225000,US,100,US,L,Machine Learning / Ai
117,2021,MI,FT,Data Scientist,50000,USD,50000,NG,100,NG,L,Data Scientist
118,2021,MI,FT,Data Science Engineer,34000,EUR,40189,GR,100,GR,M,Data Scientist
119,2021,EN,FT,Data Analyst,90000,USD,90000,US,100,US,S,Data Analyst / BI
120,2021,MI,FT,Data Engineer,200000,USD,200000,US,100,US,L,Data Engineering & Architecture
121,2021,MI,FT,Big Data Engineer,60000,USD,60000,ES,50,RO,M,Data Engineering & Architecture
122,2021,SE,FT,Principal Data Engineer,200000,USD,200000,US,100,US,M,Data Engineering & Architecture
123,2021,EN,FT,Data Analyst,50000,USD,50000,US,100,US,M,Data Analyst / BI
124,2021,EN,FT,Applied Data Scientist,80000,GBP,110037,GB,0,GB,L,Data Scientist
125,2021,EN,PT,Data Analyst,8760,EUR,10354,ES,50,ES,M,Data Analyst / BI
126,2021,MI,FT,Principal Data Scientist,151000,USD,151000,US,100,US,L,Data Scientist
127,2021,SE,FT,Machine Learning Scientist,120000,USD,120000,US,50,US,S,Machine Learning / Ai
128,2021,MI,FT,Data Scientist,700000,INR,9466,IN,0,IN,S,Data Scientist
129,2021,EN,FT,Machine Learning Engineer,20000,USD,20000,IN,100,IN,S,Machine Learning / Ai
130,2021,SE,FT,Lead Data Scientist,3000000,INR,40570,IN,50,IN,L,Data Scientist
131,2021,EN,FT,Machine Learning Developer,100000,USD,100000,IQ,50,IQ,S,Machine Learning / Ai
132,2021,EN,FT,Data Scientist,42000,EUR,49646,FR,50,FR,M,Data Scientist
133,2021,MI,FT,Applied Machine Learning Scientist,38400,USD,38400,VN,100,US,M,Machine Learning / Ai
134,2021,SE,FT,Computer Vision Engineer,24000,USD,24000,BR,100,BR,M,Machine Learning / Ai
135,2021,EN,FT,Data Scientist,100000,USD,100000,US,0,US,S,Data Scientist
136,2021,MI,FT,Data Analyst,90000,USD,90000,US,100,US,M,Data Analyst / BI
137,2021,MI,FT,ML Engineer,7000000,JPY,63711,JP,50,JP,S,Machine Learning / Ai
138,2021,MI,FT,ML Engineer,8500000,JPY,77364,JP,50,JP,S,Machine Learning / Ai
139,2021,SE,FT,Principal Data Scientist,220000,USD,220000,US,0,US,L,Data Scientist
140,2021,EN,FT,Data Scientist,80000,USD,80000,US,100,US,M,Data Scientist
141,2021,MI,FT,Data Analyst,135000,USD,135000,US,100,US,L,Data Analyst / BI
142,2021,SE,FT,Data Science Manager,240000,USD,240000,US,0,US,L,Data Scientist
143,2021,SE,FT,Data Engineering Manager,150000,USD,150000,US,0,US,L,Data Engineering & Architecture
144,2021,MI,FT,Data Scientist,82500,USD,82500,US,100,US,S,Data Scientist
145,2021,MI,FT,Data Engineer,100000,USD,100000,US,100,US,L,Data Engineering & Architecture
146,2021,SE,FT,Machine Learning Engineer,70000,EUR,82744,BE,50,BE,M,Machine Learning / Ai
147,2021,MI,FT,Research Scientist,53000,EUR,62649,FR,50,FR,M,Research / Computational
148,2021,MI,FT,Data Engineer,90000,USD,90000,US,100,US,L,Data Engineering & Architecture
149,2021,SE,FT,Data Engineering Manager,153000,USD,153000,US,100,US,L,Data Engineering & Architecture
150,2021,SE,FT,Cloud Data Engineer,160000,USD,160000,BR,100,US,S,Data Engineering & Architecture
151,2021,SE,FT,Director of Data Science,168000,USD,168000,JP,0,JP,S,Data Scientist
152,2021,MI,FT,Data Scientist,150000,USD,150000,US,100,US,M,Data Scientist
153,2021,MI,FT,Data Scientist,95000,CAD,75774,CA,100,CA,L,Data Scientist
154,2021,EN,FT,Data Scientist,13400,USD,13400,UA,100,UA,L,Data Scientist
155,2021,SE,FT,Data Science Manager,144000,USD,144000,US,100,US,L,Data Scientist
156,2021,SE,FT,Data Science Engineer,159500,CAD,127221,CA,50,CA,L,Data Scientist
157,2021,MI,FT,Data Scientist,160000,SGD,119059,SG,100,IL,M,Data Scientist
158,2021,MI,FT,Applied Machine Learning Scientist,423000,USD,423000,US,50,US,L,Machine Learning / Ai
159,2021,SE,FT,Data Analytics Manager,120000,USD,120000,US,100,US,M,Data Analyst / BI
160,2021,EN,FT,Machine Learning Engineer,125000,USD,125000,US,100,US,S,Machine Learning / Ai
161,2021,EX,FT,Head of Data,230000,USD,230000,RU,50,RU,L,Data Analyst / BI
162,2021,EX,FT,Head of Data Science,85000,USD,85000,RU,0,RU,M,Data Scientist
163,2021,MI,FT,Data Engineer,24000,EUR,28369,MT,50,MT,L,Data Engineering & Architecture
164,2021,EN,FT,Data Science Consultant,54000,EUR,63831,DE,50,DE,L,Data Scientist
165,2021,EX,FT,Director of Data Science,110000,EUR,130026,DE,50,DE,M,Data Scientist
166,2021,SE,FT,Data Specialist,165000,USD,165000,US,100,US,L,Data Analyst / BI
167,2021,EN,FT,Data Engineer,80000,USD,80000,US,100,US,L,Data Engineering & Architecture
168,2021,EX,FT,Director of Data Science,250000,USD,250000,US,0,US,L,Data Scientist
169,2021,EN,FT,BI Data Analyst,55000,USD,55000,US,50,US,S,Data Analyst / BI
170,2021,MI,FT,Data Architect,150000,USD,150000,US,100,US,L,Data Engineering & Architecture
171,2021,MI,FT,Data Architect,170000,USD,170000,US,100,US,L,Data Engineering & Architecture
172,2021,MI,FT,Data Engineer,60000,GBP,82528,GB,100,GB,L,Data Engineering & Architecture
173,2021,EN,FT,Data Analyst,60000,USD,60000,US,100,US,S,Data Analyst / BI
174,2021,SE,FT,Principal Data Scientist,235000,USD,235000,US,100,US,L,Data Scientist
175,2021,SE,FT,Research Scientist,51400,EUR,60757,PT,50,PT,L,Research / Computational
176,2021,SE,FT,Data Engineering Manager,174000,USD,174000,US,100,US,L,Data Engineering & Architecture
177,2021,MI,FT,Data Scientist,58000,MXN,2859,MX,0,MX,S,Data Scientist
178,2021,MI,FT,Data Scientist,30400000,CLP,40038,CL,100,CL,L,Data Scientist
179,2021,EN,FT,Machine Learning Engineer,81000,USD,81000,US,50,US,S,Machine Learning / Ai
180,2021,MI,FT,Data Scientist,420000,INR,5679,IN,100,US,S,Data Scientist
181,2021,MI,FT,Big Data Engineer,1672000,INR,22611,IN,0,IN,L,Data Engineering & Architecture
182,2021,MI,FT,Data Scientist,76760,EUR,90734,DE,50,DE,L,Data Scientist
183,2021,MI,FT,Data Engineer,22000,EUR,26005,RO,0,US,L,Data Engineering & Architecture
184,2021,SE,FT,Finance Data Analyst,45000,GBP,61896,GB,50,GB,L,Data Analyst / BI
185,2021,MI,FL,Machine Learning Scientist,12000,USD,12000,PK,50,PK,M,Machine Learning / Ai
186,2021,MI,FT,Data Engineer,4000,USD,4000,IR,100,IR,M,Data Engineering & Architecture
187,2021,SE,FT,Data Analytics Engineer,50000,USD,50000,VN,100,GB,M,Data Analyst / BI
188,2021,EX,FT,Data Science Consultant,59000,EUR,69741,FR,100,ES,S,Data Scientist
189,2021,SE,FT,Data Engineer,65000,EUR,76833,RO,50,GB,S,Data Engineering & Architecture
190,2021,MI,FT,Machine Learning Engineer,74000,USD,74000,JP,50,JP,S,Machine Learning / Ai
191,2021,SE,FT,Data Science Manager,152000,USD,152000,US,100,FR,L,Data Scientist
192,2021,EN,FT,Machine Learning Engineer,21844,USD,21844,CO,50,CO,M,Machine Learning / Ai
193,2021,MI,FT,Big Data Engineer,18000,USD,18000,MD,0,MD,S,Data Engineering & Architecture
194,2021,SE,FT,Data Science Manager,174000,USD,174000,US,100,US,L,Data Scientist
195,2021,SE,FT,Research Scientist,120500,CAD,96113,CA,50,CA,L,Research / Computational
196,2021,MI,FT,Data Scientist,147000,USD,147000,US,50,US,L,Data Scientist
197,2021,EN,FT,BI Data Analyst,9272,USD,9272,KE,100,KE,S,Data Analyst / BI
198,2021,SE,FT,Machine Learning Engineer,1799997,INR,24342,IN,100,IN,L,Machine Learning / Ai
199,2021,SE,FT,Data Science Manager,4000000,INR,54094,IN,50,US,L,Data Scientist
200,2021,EN,FT,Data Science Consultant,90000,USD,90000,US,100,US,S,Data Scientist
201,2021,MI,FT,Data Scientist,52000,EUR,61467,DE,50,AT,M,Data Scientist
202,2021,SE,FT,Machine Learning Infrastructure Engineer,195000,USD,195000,US,100,US,M,Machine Learning / Ai
203,2021,MI,FT,Data Scientist,32000,EUR,37825,ES,100,ES,L,Data Scientist
204,2021,SE,FT,Research Scientist,50000,USD,50000,FR,100,US,S,Research / Computational
205,2021,MI,FT,Data Scientist,160000,USD,160000,US,100,US,L,Data Scientist
206,2021,MI,FT,Data Scientist,69600,BRL,12901,BR,0,BR,S,Data Scientist
207,2021,SE,FT,Machine Learning Engineer,200000,USD,200000,US,100,US,L,Machine Learning / Ai
208,2021,SE,FT,Data Engineer,165000,USD,165000,US,0,US,M,Data Engineering & Architecture
209,2021,MI,FL,Data Engineer,20000,USD,20000,IT,0,US,L,Data Engineering & Architecture
210,2021,SE,FT,Data Analytics Manager,120000,USD,120000,US,0,US,L,Data Analyst / BI
211,2021,MI,FT,Machine Learning Engineer,21000,EUR,24823,SI,50,SI,L,Machine Learning / Ai
212,2021,MI,FT,Research Scientist,48000,EUR,56738,FR,50,FR,S,Research / Computational
213,2021,MI,FT,Data Engineer,48000,GBP,66022,HK,50,GB,S,Data Engineering & Architecture
214,2021,EN,FT,Big Data Engineer,435000,INR,5882,IN,0,CH,L,Data Engineering & Architecture
215,2021,EN,FT,Machine Learning Engineer,21000,EUR,24823,DE,50,DE,M,Machine Learning / Ai
216,2021,SE,FT,Principal Data Engineer,185000,USD,185000,US,100,US,L,Data Engineering & Architecture
217,2021,EN,PT,Computer Vision Engineer,180000,DKK,28609,DK,50,DK,S,Machine Learning / Ai
218,2021,MI,FT,Machine Learning Engineer,75000,EUR,88654,BE,100,BE,M,Machine Learning / Ai
219,2021,SE,FT,Data Analytics Manager,140000,USD,140000,US,100,US,L,Data Analyst / BI
220,2021,MI,FT,Machine Learning Engineer,180000,PLN,46597,PL,100,PL,L,Machine Learning / Ai
221,2021,MI,FT,Data Scientist,85000,GBP,116914,GB,50,GB,L,Data Scientist
222,2021,MI,FT,Data Scientist,2500000,INR,33808,IN,0,IN,M,Data Scientist
223,2021,MI,FT,Data Scientist,40900,GBP,56256,GB,50,GB,L,Data Scientist
224,2021,SE,FT,Machine Learning Scientist,225000,USD,225000,US,100,CA,L,Machine Learning / Ai
225,2021,EX,CT,Principal Data Scientist,416000,USD,416000,US,100,US,S,Data Scientist
226,2021,SE,FT,Data Scientist,110000,CAD,87738,CA,100,CA,S,Data Scientist
227,2021,MI,FT,Data Scientist,75000,EUR,88654,DE,50,DE,L,Data Scientist
228,2021,SE,FT,Data Scientist,135000,USD,135000,US,0,US,L,Data Scientist
229,2021,SE,FT,Data Analyst,90000,CAD,71786,CA,100,CA,M,Data Analyst / BI
230,2021,EN,FT,Big Data Engineer,1200000,INR,16228,IN,100,IN,L,Data Engineering & Architecture
231,2021,SE,FT,ML Engineer,256000,USD,256000,US,100,US,S,Machine Learning / Ai
232,2021,SE,FT,Director of Data Engineering,200000,USD,200000,US,100,US,L,Data Engineering & Architecture
233,2021,SE,FT,Data Analyst,200000,USD,200000,US,100,US,L,Data Analyst / BI
234,2021,MI,FT,Data Architect,180000,USD,180000,US,100,US,L,Data Engineering & Architecture
235,2021,MI,FT,Head of Data Science,110000,USD,110000,US,0,US,S,Data Scientist
236,2021,MI,FT,Research Scientist,80000,CAD,63810,CA,100,CA,M,Research / Computational
237,2021,MI,FT,Data Scientist,39600,EUR,46809,ES,100,ES,M,Data Scientist
238,2021,EN,FT,Data Scientist,4000,USD,4000,VN,0,VN,M,Data Scientist
239,2021,EN,FT,Data Engineer,1600000,INR,21637,IN,50,IN,M,Data Engineering & Architecture
240,2021,SE,FT,Data Scientist,130000,CAD,103691,CA,100,CA,L,Data Scientist
241,2021,MI,FT,Data Analyst,80000,USD,80000,US,100,US,L,Data Analyst / BI
242,2021,MI,FT,Data Engineer,110000,USD,110000,US,100,US,L,Data Engineering & Architecture
243,2021,SE,FT,Data Scientist,165000,USD,165000,US,100,US,L,Data Scientist
244,2021,EN,FT,AI Scientist,1335000,INR,18053,IN,100,AS,S,Machine Learning / Ai
245,2021,MI,FT,Data Engineer,52500,GBP,72212,GB,50,GB,L,Data Engineering & Architecture
246,2021,EN,FT,Data Scientist,31000,EUR,36643,FR,50,FR,L,Data Scientist
247,2021,MI,FT,Data Engineer,108000,TRY,12103,TR,0,TR,M,Data Engineering & Architecture
248,2021,SE,FT,Data Engineer,70000,GBP,96282,GB,50,GB,L,Data Engineering & Architecture
249,2021,SE,FT,Principal Data Analyst,170000,USD,170000,US,100,US,M,Data Analyst / BI
250,2021,MI,FT,Data Scientist,115000,USD,115000,US,50,US,L,Data Scientist
251,2021,EN,FT,Data Scientist,90000,USD,90000,US,100,US,S,Data Scientist
252,2021,EX,FT,Principal Data Engineer,600000,USD,600000,US,100,US,L,Data Engineering & Architecture
253,2021,EN,FT,Data Scientist,2100000,INR,28399,IN,100,IN,M,Data Scientist
254,2021,MI,FT,Data Analyst,93000,USD,93000,US,100,US,L,Data Analyst / BI
255,2021,SE,FT,Big Data Architect,125000,CAD,99703,CA,50,CA,M,Data Engineering & Architecture
256,2021,SE,FT,Principal Data Scientist,147000,EUR,173762,DE,100,DE,M,Data Scientist
257,2021,SE,FT,Machine Learning Engineer,185000,USD,185000,US,50,US,L,Machine Learning / Ai
258,2021,EX,FT,Director of Data Science,120000,EUR,141846,DE,0,DE,L,Data Scientist
259,2021,MI,FT,Data Scientist,130000,USD,130000,US,50,US,L,Data Scientist
260,2021,SE,FT,Data Analyst,54000,EUR,63831,DE,50,DE,L,Data Analyst / BI
261,2021,MI,FT,Data Scientist,1250000,INR,16904,IN,100,IN,S,Data Scientist
262,2021,SE,FT,Machine Learning Engineer,4900000,INR,66265,IN,0,IN,L,Machine Learning / Ai
263,2021,MI,FT,Data Scientist,21600,EUR,25532,RS,100,DE,S,Data Scientist
264,2021,SE,FT,Lead Data Engineer,160000,USD,160000,PR,50,US,S,Data Engineering & Architecture
265,2021,MI,FT,Data Engineer,93150,USD,93150,US,0,US,M,Data Engineering & Architecture
266,2021,MI,FT,Data Engineer,111775,USD,111775,US,0,US,M,Data Engineering & Architecture
267,2021,MI,FT,Data Engineer,250000,TRY,28016,TR,100,TR,M,Data Engineering & Architecture
268,2021,EN,FT,Data Engineer,55000,EUR,65013,DE,50,DE,M,Data Engineering & Architecture
269,2021,EN,FT,Data Engineer,72500,USD,72500,US,100,US,L,Data Engineering & Architecture
270,2021,SE,FT,Computer Vision Engineer,102000,BRL,18907,BR,0,BR,M,Machine Learning / Ai
271,2021,EN,FT,Data Science Consultant,65000,EUR,76833,DE,0,DE,L,Data Scientist
272,2021,EN,FT,Machine Learning Engineer,85000,USD,85000,NL,100,DE,S,Machine Learning / Ai
273,2021,SE,FT,Data Scientist,65720,EUR,77684,FR,50,FR,M,Data Scientist
274,2021,EN,FT,Data Scientist,100000,USD,100000,US,100,US,M,Data Scientist
275,2021,EN,FT,Data Scientist,58000,USD,58000,US,50,US,L,Data Scientist
276,2021,SE,FT,AI Scientist,55000,USD,55000,ES,100,ES,L,Machine Learning / Ai
277,2021,SE,FT,Data Scientist,180000,TRY,20171,TR,50,TR,L,Data Scientist
278,2021,EN,FT,Business Data Analyst,50000,EUR,59102,LU,100,LU,L,Data Analyst / BI
279,2021,MI,FT,Data Engineer,112000,USD,112000,US,100,US,L,Data Engineering & Architecture
280,2021,EN,FT,Research Scientist,100000,USD,100000,JE,0,CN,L,Research / Computational
281,2021,MI,PT,Data Engineer,59000,EUR,69741,NL,100,NL,L,Data Engineering & Architecture
282,2021,SE,CT,Staff Data Scientist,105000,USD,105000,US,100,US,M,Data Scientist
283,2021,MI,FT,Research Scientist,69999,USD,69999,CZ,50,CZ,L,Research / Computational
284,2021,SE,FT,Data Science Manager,7000000,INR,94665,IN,50,IN,L,Data Scientist
285,2021,SE,FT,Head of Data,87000,EUR,102839,SI,100,SI,L,Data Analyst / BI
286,2021,MI,FT,Data Scientist,109000,USD,109000,US,50,US,L,Data Scientist
287,2021,MI,FT,Machine Learning Engineer,43200,EUR,51064,IT,50,IT,L,Machine Learning / Ai
288,2022,SE,FT,Data Engineer,135000,USD,135000,US,100,US,M,Data Engineering & Architecture
289,2022,SE,FT,Data Analyst,155000,USD,155000,US,100,US,M,Data Analyst / BI
290,2022,SE,FT,Data Analyst,120600,USD,120600,US,100,US,M,Data Analyst / BI
291,2022,MI,FT,Data Scientist,130000,USD,130000,US,0,US,M,Data Scientist
292,2022,MI,FT,Data Scientist,90000,USD,90000,US,0,US,M,Data Scientist
293,2022,MI,FT,Data Engineer,170000,USD,170000,US,100,US,M,Data Engineering & Architecture
294,2022,MI,FT,Data Engineer,150000,USD,150000,US,100,US,M,Data Engineering & Architecture
295,2022,SE,FT,Data Analyst,102100,USD,102100,US,100,US,M,Data Analyst / BI
296,2022,SE,FT,Data Analyst,84900,USD,84900,US,100,US,M,Data Analyst / BI
297,2022,SE,FT,Data Scientist,136620,USD,136620,US,100,US,M,Data Scientist
298,2022,SE,FT,Data Scientist,99360,USD,99360,US,100,US,M,Data Scientist
299,2022,SE,FT,Data Scientist,90000,GBP,117789,GB,0,GB,M,Data Scientist
300,2022,SE,FT,Data Scientist,80000,GBP,104702,GB,0,GB,M,Data Scientist
301,2022,SE,FT,Data Scientist,146000,USD,146000,US,100,US,M,Data Scientist
302,2022,SE,FT,Data Scientist,123000,USD,123000,US,100,US,M,Data Scientist
303,2022,EN,FT,Data Engineer,40000,GBP,52351,GB,100,GB,M,Data Engineering & Architecture
304,2022,SE,FT,Data Analyst,99000,USD,99000,US,0,US,M,Data Analyst / BI
305,2022,SE,FT,Data Analyst,116000,USD,116000,US,0,US,M,Data Analyst / BI
306,2022,MI,FT,Data Analyst,106260,USD,106260,US,0,US,M,Data Analyst / BI
307,2022,MI,FT,Data Analyst,126500,USD,126500,US,0,US,M,Data Analyst / BI
308,2022,EX,FT,Data Engineer,242000,USD,242000,US,100,US,M,Data Engineering & Architecture
309,2022,EX,FT,Data Engineer,200000,USD,200000,US,100,US,M,Data Engineering & Architecture
310,2022,MI,FT,Data Scientist,50000,GBP,65438,GB,0,GB,M,Data Scientist
311,2022,MI,FT,Data Scientist,30000,GBP,39263,GB,0,GB,M,Data Scientist
312,2022,MI,FT,Data Engineer,60000,GBP,78526,GB,0,GB,M,Data Engineering & Architecture
313,2022,MI,FT,Data Engineer,40000,GBP,52351,GB,0,GB,M,Data Engineering & Architecture
314,2022,SE,FT,Data Scientist,165220,USD,165220,US,100,US,M,Data Scientist
315,2022,EN,FT,Data Engineer,35000,GBP,45807,GB,100,GB,M,Data Engineering & Architecture
316,2022,SE,FT,Data Scientist,120160,USD,120160,US,100,US,M,Data Scientist
317,2022,SE,FT,Data Analyst,90320,USD,90320,US,100,US,M,Data Analyst / BI
318,2022,SE,FT,Data Engineer,181940,USD,181940,US,0,US,M,Data Engineering & Architecture
319,2022,SE,FT,Data Engineer,132320,USD,132320,US,0,US,M,Data Engineering & Architecture
320,2022,SE,FT,Data Engineer,220110,USD,220110,US,0,US,M,Data Engineering & Architecture
321,2022,SE,FT,Data Engineer,160080,USD,160080,US,0,US,M,Data Engineering & Architecture
322,2022,SE,FT,Data Scientist,180000,USD,180000,US,0,US,L,Data Scientist
323,2022,SE,FT,Data Scientist,120000,USD,120000,US,0,US,L,Data Scientist
324,2022,SE,FT,Data Analyst,124190,USD,124190,US,100,US,M,Data Analyst / BI
325,2022,EX,FT,Data Analyst,130000,USD,130000,US,100,US,M,Data Analyst / BI
326,2022,EX,FT,Data Analyst,110000,USD,110000,US,100,US,M,Data Analyst / BI
327,2022,SE,FT,Data Analyst,170000,USD,170000,US,100,US,M,Data Analyst / BI
328,2022,MI,FT,Data Analyst,115500,USD,115500,US,100,US,M,Data Analyst / BI
329,2022,SE,FT,Data Analyst,112900,USD,112900,US,100,US,M,Data Analyst / BI
330,2022,SE,FT,Data Engineer,165400,USD,165400,US,100,US,M,Data Engineering & Architecture
331,2022,SE,FT,Data Engineer,132320,USD,132320,US,100,US,M,Data Engineering & Architecture
332,2022,MI,FT,Data Analyst,167000,USD,167000,US,100,US,M,Data Analyst / BI
333,2022,SE,FT,Data Engineer,243900,USD,243900,US,100,US,M,Data Engineering & Architecture
334,2022,SE,FT,Data Analyst,136600,USD,136600,US,100,US,M,Data Analyst / BI
335,2022,SE,FT,Data Analyst,109280,USD,109280,US,100,US,M,Data Analyst / BI
336,2022,SE,FT,Data Engineer,128875,USD,128875,US,100,US,M,Data Engineering & Architecture
337,2022,SE,FT,Data Engineer,93700,USD,93700,US,100,US,M,Data Engineering & Architecture
338,2022,EX,FT,Head of Data Science,224000,USD,224000,US,100,US,M,Data Scientist
339,2022,EX,FT,Head of Data Science,167875,USD,167875,US,100,US,M,Data Scientist
340,2022,EX,FT,Analytics Engineer,175000,USD,175000,US,100,US,M,Data Analyst / BI
341,2022,SE,FT,Data Engineer,156600,USD,156600,US,100,US,M,Data Engineering & Architecture
342,2022,SE,FT,Data Engineer,108800,USD,108800,US,0,US,M,Data Engineering & Architecture
343,2022,SE,FT,Data Scientist,95550,USD,95550,US,0,US,M,Data Scientist
344,2022,SE,FT,Data Engineer,113000,USD,113000,US,0,US,L,Data Engineering & Architecture
345,2022,SE,FT,Data Analyst,135000,USD,135000,US,100,US,M,Data Analyst / BI
346,2022,SE,FT,Data Science Manager,161342,USD,161342,US,100,US,M,Data Scientist
347,2022,SE,FT,Data Science Manager,137141,USD,137141,US,100,US,M,Data Scientist
348,2022,SE,FT,Data Scientist,167000,USD,167000,US,100,US,M,Data Scientist
349,2022,SE,FT,Data Engineer,60000,GBP,78526,GB,0,GB,M,Data Engineering & Architecture
350,2022,SE,FT,Data Engineer,50000,GBP,65438,GB,0,GB,M,Data Engineering & Architecture
351,2022,SE,FT,Data Scientist,150000,USD,150000,US,0,US,M,Data Scientist
352,2022,SE,FT,Data Scientist,211500,USD,211500,US,100,US,M,Data Scientist
353,2022,SE,FT,Data Architect,192400,USD,192400,CA,100,CA,M,Data Engineering & Architecture
354,2022,SE,FT,Data Architect,90700,USD,90700,CA,100,CA,M,Data Engineering & Architecture
355,2022,SE,FT,Data Analyst,130000,USD,130000,CA,100,CA,M,Data Analyst / BI
356,2022,SE,FT,Data Analyst,61300,USD,61300,CA,100,CA,M,Data Analyst / BI
357,2022,SE,FT,Data Engineer,160000,USD,160000,US,0,US,L,Data Engineering & Architecture
358,2022,SE,FT,Data Scientist,138600,USD,138600,US,100,US,M,Data Scientist
359,2022,SE,FT,Data Engineer,136000,USD,136000,US,0,US,M,Data Engineering & Architecture
360,2022,MI,FT,Data Analyst,58000,USD,58000,US,0,US,S,Data Analyst / BI
361,2022,EX,FT,Analytics Engineer,135000,USD,135000,US,100,US,M,Data Analyst / BI
362,2022,SE,FT,Data Scientist,170000,USD,170000,US,100,US,M,Data Scientist
363,2022,SE,FT,Machine Learning Engineer,189650,USD,189650,US,0,US,M,Machine Learning / Ai
364,2022,SE,FT,Machine Learning Engineer,164996,USD,164996,US,0,US,M,Machine Learning / Ai
365,2022,MI,FT,ETL Developer,50000,EUR,54957,GR,0,GR,M,Data Engineering & Architecture
366,2022,EX,FT,Lead Data Engineer,150000,CAD,118187,CA,100,CA,S,Data Engineering & Architecture
367,2022,SE,FT,Data Analyst,132000,USD,132000,US,0,US,M,Data Analyst / BI
368,2022,SE,FT,Data Architect,208775,USD,208775,US,100,US,M,Data Engineering & Architecture
369,2022,SE,FT,Data Architect,147800,USD,147800,US,100,US,M,Data Engineering & Architecture
370,2022,SE,FT,Data Engineer,136994,USD,136994,US,100,US,M,Data Engineering & Architecture
371,2022,SE,FT,Data Engineer,101570,USD,101570,US,100,US,M,Data Engineering & Architecture
372,2022,SE,FT,Data Analyst,128875,USD,128875,US,100,US,M,Data Analyst / BI
373,2022,SE,FT,Data Analyst,93700,USD,93700,US,100,US,M,Data Analyst / BI
374,2022,EX,FT,Head of Machine Learning,6000000,INR,79039,IN,50,IN,L,Machine Learning / Ai
375,2022,EN,FT,Machine Learning Engineer,28500,GBP,37300,GB,100,GB,L,Machine Learning / Ai
376,2022,SE,FT,Data Analyst,164000,USD,164000,US,0,US,M,Data Analyst / BI
377,2022,SE,FT,Data Engineer,155000,USD,155000,US,100,US,M,Data Engineering & Architecture
378,2022,MI,FT,Machine Learning Engineer,95000,GBP,124333,GB,0,GB,M,Machine Learning / Ai
379,2022,MI,FT,Machine Learning Engineer,75000,GBP,98158,GB,0,GB,M,Machine Learning / Ai
380,2022,MI,FT,AI Scientist,120000,USD,120000,US,0,US,M,Machine Learning / Ai
381,2022,SE,FT,Data Analytics Manager,145000,USD,145000,US,100,US,M,Data Analyst / BI
382,2022,SE,FT,Data Analytics Manager,105400,USD,105400,US,100,US,M,Data Analyst / BI
383,2022,MI,FT,Machine Learning Engineer,80000,EUR,87932,FR,100,DE,M,Machine Learning / Ai
384,2022,MI,FT,Data Engineer,90000,GBP,117789,GB,0,GB,M,Data Engineering & Architecture
385,2022,SE,FT,Data Scientist,215300,USD,215300,US,100,US,L,Data Scientist
386,2022,SE,FT,Data Scientist,158200,USD,158200,US,100,US,L,Data Scientist
387,2022,SE,FT,Data Engineer,209100,USD,209100,US,100,US,L,Data Engineering & Architecture
388,2022,SE,FT,Data Engineer,154600,USD,154600,US,100,US,L,Data Engineering & Architecture
389,2022,SE,FT,Data Analyst,115934,USD,115934,US,0,US,M,Data Analyst / BI
390,2022,SE,FT,Data Analyst,81666,USD,81666,US,0,US,M,Data Analyst / BI
391,2022,SE,FT,Data Engineer,175000,USD,175000,US,100,US,M,Data Engineering & Architecture
392,2022,MI,FT,Data Engineer,75000,GBP,98158,GB,0,GB,M,Data Engineering & Architecture
393,2022,SE,FT,Data Engineer,183600,USD,183600,US,100,US,L,Data Engineering & Architecture
394,2022,MI,FT,Data Analyst,40000,GBP,52351,GB,100,GB,M,Data Analyst / BI
395,2022,SE,FT,Data Scientist,180000,USD,180000,US,100,US,M,Data Scientist
396,2022,MI,FT,Data Scientist,55000,GBP,71982,GB,0,GB,M,Data Scientist
397,2022,MI,FT,Data Scientist,35000,GBP,45807,GB,0,GB,M,Data Scientist
398,2022,MI,FT,Data Engineer,60000,EUR,65949,GR,100,GR,M,Data Engineering & Architecture
399,2022,MI,FT,Data Engineer,45000,EUR,49461,GR,100,GR,M,Data Engineering & Architecture
400,2022,MI,FT,Data Engineer,60000,GBP,78526,GB,100,GB,M,Data Engineering & Architecture
401,2022,MI,FT,Data Engineer,45000,GBP,58894,GB,100,GB,M,Data Engineering & Architecture
402,2022,SE,FT,Data Scientist,260000,USD,260000,US,100,US,M,Data Scientist
403,2022,SE,FT,Data Science Engineer,60000,USD,60000,AR,100,MX,L,Data Scientist
404,2022,MI,FT,Data Engineer,63900,USD,63900,US,0,US,M,Data Engineering & Architecture
405,2022,MI,FT,Machine Learning Scientist,160000,USD,160000,US,100,US,L,Machine Learning / Ai
406,2022,MI,FT,Machine Learning Scientist,112300,USD,112300,US,100,US,L,Machine Learning / Ai
407,2022,MI,FT,Data Science Manager,241000,USD,241000,US,100,US,M,Data Scientist
408,2022,MI,FT,Data Science Manager,159000,USD,159000,US,100,US,M,Data Scientist
409,2022,SE,FT,Data Scientist,180000,USD,180000,US,0,US,M,Data Scientist
410,2022,SE,FT,Data Scientist,80000,USD,80000,US,0,US,M,Data Scientist
411,2022,MI,FT,Data Engineer,82900,USD,82900,US,0,US,M,Data Engineering & Architecture
412,2022,SE,FT,Data Engineer,100800,USD,100800,US,100,US,L,Data Engineering & Architecture
413,2022,MI,FT,Data Engineer,45000,EUR,49461,ES,100,ES,M,Data Engineering & Architecture
414,2022,SE,FT,Data Scientist,140400,USD,140400,US,0,US,L,Data Scientist
415,2022,MI,FT,Data Analyst,30000,GBP,39263,GB,100,GB,M,Data Analyst / BI
416,2022,MI,FT,Data Analyst,40000,EUR,43966,ES,100,ES,M,Data Analyst / BI
417,2022,MI,FT,Data Analyst,30000,EUR,32974,ES,100,ES,M,Data Analyst / BI
418,2022,MI,FT,Data Engineer,80000,EUR,87932,ES,100,ES,M,Data Engineering & Architecture
419,2022,MI,FT,Data Engineer,70000,EUR,76940,ES,100,ES,M,Data Engineering & Architecture
420,2022,MI,FT,Data Engineer,80000,GBP,104702,GB,100,GB,M,Data Engineering & Architecture
421,2022,MI,FT,Data Engineer,70000,GBP,91614,GB,100,GB,M,Data Engineering & Architecture
422,2022,MI,FT,Data Engineer,60000,EUR,65949,ES,100,ES,M,Data Engineering & Architecture
423,2022,MI,FT,Data Engineer,80000,EUR,87932,GR,100,GR,M,Data Engineering & Architecture
424,2022,MI,FT,Data Analyst,40000,EUR,43966,GR,100,GR,M,Data Analyst / BI
425,2022,MI,FT,Data Analyst,30000,EUR,32974,GR,100,GR,M,Data Analyst / BI
426,2022,MI,FT,Data Engineer,75000,GBP,98158,GB,100,GB,M,Data Engineering & Architecture
427,2022,SE,FT,Data Scientist,215300,USD,215300,US,0,US,L,Data Scientist
428,2022,MI,FT,Data Engineer,70000,EUR,76940,GR,100,GR,M,Data Engineering & Architecture
429,2022,SE,FT,Data Engineer,180000,USD,180000,US,100,US,M,Data Engineering & Architecture
430,2022,EN,FT,ML Engineer,20000,EUR,21983,PT,100,PT,L,Machine Learning / Ai
431,2022,SE,FT,Data Engineer,80000,USD,80000,US,100,US,M,Data Engineering & Architecture
432,2022,MI,FT,Machine Learning Developer,100000,CAD,78791,CA,100,CA,M,Machine Learning / Ai
433,2022,EX,FT,Director of Data Science,250000,CAD,196979,CA,50,CA,L,Data Scientist
434,2022,MI,FT,Machine Learning Engineer,120000,USD,120000,US,100,US,S,Machine Learning / Ai
435,2022,EN,FT,Computer Vision Engineer,125000,USD,125000,US,0,US,M,Machine Learning / Ai
436,2022,MI,FT,NLP Engineer,240000,CNY,37236,US,50,US,L,Machine Learning / Ai
437,2022,SE,FT,Data Engineer,105000,USD,105000,US,100,US,M,Data Engineering & Architecture
438,2022,SE,FT,Lead Machine Learning Engineer,80000,EUR,87932,DE,0,DE,M,Machine Learning / Ai
439,2022,MI,FT,Business Data Analyst,1400000,INR,18442,IN,100,IN,M,Data Analyst / BI
440,2022,MI,FT,Data Scientist,2400000,INR,31615,IN,100,IN,L,Data Scientist
441,2022,MI,FT,Machine Learning Infrastructure Engineer,53000,EUR,58255,PT,50,PT,L,Machine Learning / Ai
442,2022,EN,FT,Financial Data Analyst,100000,USD,100000,US,50,US,L,Data Analyst / BI
443,2022,MI,PT,Data Engineer,50000,EUR,54957,DE,50,DE,L,Data Engineering & Architecture
444,2022,EN,FT,Data Scientist,1400000,INR,18442,IN,100,IN,M,Data Scientist
445,2022,SE,FT,Principal Data Scientist,148000,EUR,162674,DE,100,DE,M,Data Scientist
446,2022,EN,FT,Data Engineer,120000,USD,120000,US,100,US,M,Data Engineering & Architecture
447,2022,SE,FT,Research Scientist,144000,USD,144000,US,50,US,L,Research / Computational
448,2022,SE,FT,Data Scientist,104890,USD,104890,US,100,US,M,Data Scientist
449,2022,SE,FT,Data Engineer,100000,USD,100000,US,100,US,M,Data Engineering & Architecture
450,2022,SE,FT,Data Scientist,140000,USD,140000,US,100,US,M,Data Scientist
451,2022,MI,FT,Data Analyst,135000,USD,135000,US,100,US,M,Data Analyst / BI
452,2022,MI,FT,Data Analyst,50000,USD,50000,US,100,US,M,Data Analyst / BI
453,2022,SE,FT,Data Scientist,220000,USD,220000,US,100,US,M,Data Scientist
454,2022,MI,FT,Data Scientist,140000,GBP,183228,GB,0,GB,M,Data Scientist
455,2022,MI,FT,Data Scientist,70000,GBP,91614,GB,0,GB,M,Data Scientist
456,2022,SE,FT,Data Scientist,185100,USD,185100,US,100,US,M,Data Scientist
457,2022,SE,FT,Machine Learning Engineer,220000,USD,220000,US,100,US,M,Machine Learning / Ai
458,2022,MI,FT,Data Scientist,200000,USD,200000,US,100,US,M,Data Scientist
459,2022,MI,FT,Data Scientist,120000,USD,120000,US,100,US,M,Data Scientist
460,2022,SE,FT,Machine Learning Engineer,120000,USD,120000,AE,100,AE,S,Machine Learning / Ai
461,2022,SE,FT,Machine Learning Engineer,65000,USD,65000,AE,100,AE,S,Machine Learning / Ai
462,2022,EX,FT,Data Engineer,324000,USD,324000,US,100,US,M,Data Engineering & Architecture
463,2022,EX,FT,Data Engineer,216000,USD,216000,US,100,US,M,Data Engineering & Architecture
464,2022,SE,FT,Data Engineer,210000,USD,210000,US,100,US,M,Data Engineering & Architecture
465,2022,SE,FT,Machine Learning Engineer,120000,USD,120000,US,100,US,M,Machine Learning / Ai
466,2022,SE,FT,Data Scientist,230000,USD,230000,US,100,US,M,Data Scientist
467,2022,EN,PT,Data Scientist,100000,USD,100000,DZ,50,DZ,M,Data Scientist
468,2022,MI,FL,Data Scientist,100000,USD,100000,CA,100,US,M,Data Scientist
469,2022,EN,CT,Applied Machine Learning Scientist,29000,EUR,31875,TN,100,CZ,M,Machine Learning / Ai
470,2022,SE,FT,Head of Data,200000,USD,200000,MY,100,US,M,Data Analyst / BI
471,2022,MI,FT,Principal Data Analyst,75000,USD,75000,CA,100,CA,S,Data Analyst / BI
472,2022,MI,FT,Data Scientist,150000,PLN,35590,PL,100,PL,L,Data Scientist
473,2022,SE,FT,Machine Learning Developer,100000,CAD,78791,CA,100,CA,M,Machine Learning / Ai
474,2022,SE,FT,Data Scientist,100000,USD,100000,BR,100,US,M,Data Scientist
475,2022,MI,FT,Machine Learning Scientist,153000,USD,153000,US,50,US,M,Machine Learning / Ai
476,2022,EN,FT,Data Engineer,52800,EUR,58035,PK,100,DE,M,Data Engineering & Architecture
477,2022,SE,FT,Data Scientist,165000,USD,165000,US,100,US,M,Data Scientist
478,2022,SE,FT,Research Scientist,85000,EUR,93427,FR,50,FR,L,Research / Computational
479,2022,EN,FT,Data Scientist,66500,CAD,52396,CA,100,CA,L,Data Scientist
480,2022,SE,FT,Machine Learning Engineer,57000,EUR,62651,NL,100,NL,L,Machine Learning / Ai
481,2022,MI,FT,Head of Data,30000,EUR,32974,EE,100,EE,S,Data Analyst / BI
482,2022,EN,FT,Data Scientist,40000,USD,40000,JP,100,MY,L,Data Scientist
483,2022,MI,FT,Machine Learning Engineer,121000,AUD,87425,AU,100,AU,L,Machine Learning / Ai
484,2022,SE,FT,Data Engineer,115000,USD,115000,US,100,US,M,Data Engineering & Architecture
485,2022,EN,FT,Data Scientist,120000,AUD,86703,AU,50,AU,M,Data Scientist
486,2022,MI,FT,Applied Machine Learning Scientist,75000,USD,75000,BO,100,US,L,Machine Learning / Ai
487,2022,MI,FT,Research Scientist,59000,EUR,64849,AT,0,AT,L,Research / Computational
488,2022,EN,FT,Research Scientist,120000,USD,120000,US,100,US,L,Research / Computational
489,2022,MI,FT,Applied Data Scientist,157000,USD,157000,US,100,US,L,Data Scientist
490,2022,EN,FT,Computer Vision Software Engineer,150000,USD,150000,AU,100,AU,S,Machine Learning / Ai
491,2022,MI,FT,Business Data Analyst,90000,CAD,70912,CA,50,CA,L,Data Analyst / BI
492,2022,EN,FT,Data Engineer,65000,USD,65000,US,100,US,S,Data Engineering & Architecture
493,2022,SE,FT,Machine Learning Engineer,65000,EUR,71444,IE,100,IE,S,Machine Learning / Ai
494,2022,EN,FT,Data Analytics Engineer,20000,USD,20000,PK,0,PK,M,Data Analyst / BI
495,2022,MI,FT,Data Scientist,48000,USD,48000,RU,100,US,S,Data Scientist
496,2022,SE,FT,Data Science Manager,152500,USD,152500,US,100,US,M,Data Scientist
497,2022,MI,FT,Data Engineer,62000,EUR,68147,FR,100,FR,M,Data Engineering & Architecture
498,2022,MI,FT,Data Scientist,115000,CHF,122346,CH,0,CH,L,Data Scientist
499,2022,SE,FT,Applied Data Scientist,380000,USD,380000,US,100,US,L,Data Scientist
500,2022,MI,FT,Data Scientist,88000,CAD,69336,CA,100,CA,M,Data Scientist
501,2022,EN,FT,Computer Vision Engineer,10000,USD,10000,PT,100,LU,M,Machine Learning / Ai
502,2022,MI,FT,Data Analyst,20000,USD,20000,GR,100,GR,S,Data Analyst / BI
503,2022,SE,FT,Data Analytics Lead,405000,USD,405000,US,100,US,L,Data Analyst / BI
504,2022,MI,FT,Data Scientist,135000,USD,135000,US,100,US,L,Data Scientist
505,2022,SE,FT,Applied Data Scientist,177000,USD,177000,US,100,US,L,Data Scientist
506,2022,MI,FT,Data Scientist,78000,USD,78000,US,100,US,M,Data Scientist
507,2022,SE,FT,Data Analyst,100000,USD,100000,US,100,US,M,Data Analyst / BI
508,2022,MI,FT,Data Analyst,85000,USD,85000,CA,0,CA,M,Data Analyst / BI
509,2022,MI,FT,Data Analyst,75000,USD,75000,CA,0,CA,M,Data Analyst / BI
510,2022,SE,FT,Machine Learning Engineer,214000,USD,214000,US,100,US,M,Machine Learning / Ai
511,2022,SE,FT,Machine Learning Engineer,192600,USD,192600,US,100,US,M,Machine Learning / Ai
512,2022,SE,FT,Data Architect,266400,USD,266400,US,100,US,M,Data Engineering & Architecture
513,2022,SE,FT,Data Architect,213120,USD,213120,US,100,US,M,Data Engineering & Architecture
514,2022,MI,FT,Data Scientist,141300,USD,141300,US,0,US,M,Data Scientist
515,2022,MI,FT,Data Scientist,102100,USD,102100,US,0,US,M,Data Scientist
516,2022,SE,FT,Data Analyst,115934,USD,115934,US,100,US,M,Data Analyst / BI
517,2022,SE,FT,Data Analyst,81666,USD,81666,US,100,US,M,Data Analyst / BI
518,2022,MI,FT,Data Engineer,206699,USD,206699,US,0,US,M,Data Engineering & Architecture
519,2022,MI,FT,Data Engineer,99100,USD,99100,US,0,US,M,Data Engineering & Architecture
520,2022,SE,FT,Data Engineer,130000,USD,130000,US,100,US,M,Data Engineering & Architecture
521,2022,SE,FT,Data Engineer,110500,USD,110500,US,100,US,M,Data Engineering & Architecture
522,2022,SE,FT,Data Analyst,99050,USD,99050,US,100,US,M,Data Analyst / BI
523,2022,SE,FT,Data Engineer,160000,USD,160000,US,100,US,M,Data Engineering & Architecture
524,2022,SE,FT,Data Scientist,205300,USD,205300,US,0,US,L,Data Scientist
525,2022,SE,FT,Data Scientist,176000,USD,176000,US,100,US,M,Data Scientist
526,2022,SE,FT,Data Scientist,144000,USD,144000,US,100,US,M,Data Scientist
527,2022,SE,FT,Data Engineer,200100,USD,200100,US,100,US,M,Data Engineering & Architecture
528,2022,SE,FT,Data Engineer,145000,USD,145000,US,100,US,M,Data Engineering & Architecture
529,2022,SE,FT,Data Engineer,70500,USD,70500,US,0,US,M,Data Engineering & Architecture
530,2022,SE,FT,Data Scientist,205300,USD,205300,US,0,US,M,Data Scientist
531,2022,SE,FT,Data Scientist,140400,USD,140400,US,0,US,M,Data Scientist
532,2022,SE,FT,Analytics Engineer,205300,USD,205300,US,0,US,M,Data Analyst / BI
533,2022,SE,FT,Analytics Engineer,184700,USD,184700,US,0,US,M,Data Analyst / BI
534,2022,SE,FT,Data Engineer,175100,USD,175100,US,100,US,M,Data Engineering & Architecture
535,2022,SE,FT,Data Engineer,140250,USD,140250,US,100,US,M,Data Engineering & Architecture
536,2022,SE,FT,Data Analyst,116150,USD,116150,US,100,US,M,Data Analyst / BI
537,2022,SE,FT,Data Engineer,54000,USD,54000,US,0,US,M,Data Engineering & Architecture
538,2022,MI,FT,Data Analyst,50000,GBP,65438,GB,0,GB,M,Data Analyst / BI
539,2022,SE,FT,Data Analyst,80000,USD,80000,US,100,US,M,Data Analyst / BI
540,2022,SE,FT,Data Scientist,210000,USD,210000,US,100,US,M,Data Scientist
541,2022,SE,FT,Data Analyst,69000,USD,69000,US,100,US,M,Data Analyst / BI
542,2022,SE,FT,Data Analyst,150075,USD,150075,US,100,US,M,Data Analyst / BI
543,2022,SE,FT,Data Engineer,25000,USD,25000,US,100,US,M,Data Engineering & Architecture
544,2022,SE,FT,Data Analyst,126500,USD,126500,US,100,US,M,Data Analyst / BI
545,2022,SE,FT,Data Analyst,106260,USD,106260,US,100,US,M,Data Analyst / BI
546,2022,SE,FT,Data Engineer,220110,USD,220110,US,100,US,M,Data Engineering & Architecture
547,2022,SE,FT,Data Engineer,160080,USD,160080,US,100,US,M,Data Engineering & Architecture
548,2022,SE,FT,Data Analyst,105000,USD,105000,US,100,US,M,Data Analyst / BI
549,2022,SE,FT,Data Analyst,110925,USD,110925,US,100,US,M,Data Analyst / BI
550,2022,MI,FT,Data Analyst,35000,GBP,45807,GB,0,GB,M,Data Analyst / BI
551,2022,SE,FT,Data Analyst,60000,USD,60000,US,100,US,M,Data Analyst / BI
552,2022,SE,FT,Data Architect,192564,USD,192564,US,100,US,M,Data Engineering & Architecture
553,2022,SE,FT,Data Architect,144854,USD,144854,US,100,US,M,Data Engineering & Architecture
554,2022,SE,FT,Data Scientist,150000,USD,150000,US,100,US,M,Data Scientist
555,2022,SE,FT,Data Analytics Manager,150260,USD,150260,US,100,US,M,Data Analyst / BI
556,2022,SE,FT,Data Analytics Manager,109280,USD,109280,US,100,US,M,Data Analyst / BI
557,2022,MI,FT,Data Scientist,160000,USD,160000,US,100,US,M,Data Scientist
558,2022,MI,FT,Data Scientist,130000,USD,130000,US,100,US,M,Data Scientist
559,2022,EN,FT,Data Analyst,67000,USD,67000,CA,0,CA,M,Data Analyst / BI
560,2022,EN,FT,Data Analyst,52000,USD,52000,CA,0,CA,M,Data Analyst / BI
561,2022,SE,FT,Data Engineer,154000,USD,154000,US,100,US,M,Data Engineering & Architecture
562,2022,SE,FT,Data Engineer,126000,USD,126000,US,100,US,M,Data Engineering & Architecture
563,2022,SE,FT,Data Analyst,129000,USD,129000,US,0,US,M,Data Analyst / BI
564,2022,SE,FT,Data Analyst,150000,USD,150000,US,100,US,M,Data Analyst / BI
565,2022,MI,FT,AI Scientist,200000,USD,200000,IN,100,US,L,Machine Learning / Ai
566,2023,MI,FT,Data Analyst,165000,USD,165000,AU,0,AU,M,Data Analyst / BI
567,2023,MI,FT,Data Analyst,70000,USD,70000,US,100,US,M,Data Analyst / BI
568,2024,MI,FT,Machine Learning Engineer,85000,EUR,94444,IE,100,IE,M,Machine Learning / Ai
569,2024,SE,FT,Data Scientist,92700,USD,92700,US,0,US,M,Data Scientist
570,2023,MI,FT,Research Engineer,150000,USD,150000,US,0,US,M,Research / Computational
571,2024,MI,FT,Research Engineer,26000,EUR,28888,PT,0,PT,M,Research / Computational
572,2023,EX,FT,Machine Learning Engineer,145000,USD,145000,US,100,US,M,Machine Learning / Ai
573,2022,SE,FT,Data Scientist,130000,USD,130000,US,100,US,M,Data Scientist
574,2023,SE,FT,Data Scientist,159832,USD,159832,US,0,US,M,Data Scientist
575,2024,SE,FT,Data Engineer,160000,USD,160000,US,0,US,M,Data Engineering & Architecture
576,2023,SE,FT,Machine Learning Engineer,198200,USD,198200,US,100,US,M,Machine Learning / Ai
577,2023,SE,FT,Data Analyst,85000,USD,85000,US,0,US,M,Data Analyst / BI
578,2023,SE,FT,Machine Learning Engineer,161000,GBP,198094,GB,0,GB,M,Machine Learning / Ai
579,2023,EN,FT,Data Engineer,65000,USD,65000,US,0,US,M,Data Engineering & Architecture
580,2023,SE,FT,Data Scientist,160000,USD,160000,US,0,US,M,Data Scientist
581,2023,SE,FT,Data Scientist,202600,USD,202600,US,100,US,M,Data Scientist
582,2024,MI,FT,Data Engineer,140000,USD,140000,US,0,US,M,Data Engineering & Architecture
583,2023,SE,FT,Machine Learning Infrastructure Engineer,220000,USD,220000,US,100,US,M,Machine Learning / Ai
584,2023,MI,FT,Data Scientist,144000,USD,144000,US,100,US,M,Data Scientist
585,2023,SE,FT,Analytics Engineer,147500,USD,147500,US,0,US,M,Data Analyst / BI
586,2022,EN,FT,AI Research Engineer,30000,GBP,36940,GB,100,GB,L,Research / Computational
587,2024,MI,FT,Machine Learning Engineer,174000,USD,174000,US,100,US,M,Machine Learning / Ai
588,2024,MI,FT,Data Scientist,70000,USD,70000,US,0,US,M,Data Scientist
589,2023,SE,FT,Data Scientist,225000,USD,225000,US,0,US,M,Data Scientist
590,2023,SE,FT,Research Scientist,147100,USD,147100,US,0,US,M,Research / Computational
591,2023,SE,FT,Analytics Engineer,275300,USD,275300,US,100,US,M,Data Analyst / BI
592,2023,SE,FT,BI Analyst,110000,USD,110000,US,0,US,M,Data Analyst / BI
593,2024,SE,FT,Data Engineer,123700,USD,123700,US,0,US,L,Data Engineering & Architecture
594,2023,MI,FT,Data Analyst,55000,EUR,59382,DE,50,DE,L,Data Analyst / BI
595,2023,SE,FT,Data Scientist,158677,USD,158677,US,100,US,M,Data Scientist
596,2023,SE,FT,ML Engineer,151600,USD,151600,US,0,US,M,Machine Learning / Ai
597,2024,EN,FT,Business Intelligence Analyst,53000,USD,53000,US,0,US,M,Data Analyst / BI
598,2023,SE,FT,AI Engineer,170200,USD,170200,US,0,US,M,Machine Learning / Ai
599,2022,SE,FT,Data Analyst,35000,EUR,36773,ES,0,ES,M,Data Analyst / BI
600,2023,MI,FT,Research Scientist,212800,USD,212800,US,0,US,L,Research / Computational
601,2023,SE,FT,Data Analyst,136000,USD,136000,US,100,US,M,Data Analyst / BI
602,2023,SE,FT,Data Engineer,116455,USD,116455,US,0,US,M,Data Engineering & Architecture
603,2024,SE,FT,Data Scientist,199700,USD,199700,US,0,US,M,Data Scientist
604,2023,MI,FT,Data Analyst,105000,USD,105000,US,0,US,M,Data Analyst / BI
605,2023,MI,FT,Data Engineer,140000,USD,140000,US,100,US,M,Data Engineering & Architecture
606,2024,EN,FT,Research Analyst,300000,USD,300000,US,0,US,M,Research / Computational
607,2023,SE,FT,Data Scientist,156400,USD,156400,US,100,US,M,Data Scientist
608,2023,MI,FT,Machine Learning Engineer,300000,USD,300000,US,0,US,M,Machine Learning / Ai
609,2023,MI,FT,Data Scientist,220000,USD,220000,US,0,US,M,Data Scientist
610,2024,MI,FT,Data Engineer,113000,USD,113000,US,0,US,M,Data Engineering & Architecture
611,2024,SE,FT,Data Analyst,165000,USD,165000,US,100,US,M,Data Analyst / BI
612,2023,SE,FT,Data Scientist,143100,USD,143100,CA,0,CA,M,Data Scientist
613,2023,SE,FT,Data Engineer,120000,USD,120000,US,0,US,M,Data Engineering & Architecture
614,2024,MI,FT,Data Scientist,160000,USD,160000,US,0,US,M,Data Scientist
615,2024,MI,FT,Data Engineer,97000,USD,97000,US,0,US,M,Data Engineering & Architecture
616,2022,SE,FT,Data Scientist,204100,USD,204100,US,0,US,M,Data Scientist
617,2022,SE,FT,Data Analyst,110600,USD,110600,US,0,US,M,Data Analyst / BI
618,2023,SE,FT,Data Analyst,120000,USD,120000,US,100,US,M,Data Analyst / BI
619,2020,EX,FT,Staff Data Analyst,15000,USD,15000,NG,0,CA,M,Data Analyst / BI
620,2023,SE,FT,Data Infrastructure Engineer,185000,USD,185000,US,0,US,M,Data Engineering & Architecture
621,2024,SE,FT,Data Scientist,170000,USD,170000,US,0,US,M,Data Scientist
622,2024,SE,FT,Machine Learning Engineer,229900,USD,229900,US,0,US,M,Machine Learning / Ai
623,2024,SE,FT,Data Operations Specialist,206500,USD,206500,US,0,US,M,Data Analyst / BI
624,2023,SE,FT,Machine Learning Scientist,145000,USD,145000,US,100,US,M,Machine Learning / Ai
625,2022,SE,FT,Data Scientist,191475,USD,191475,US,100,US,M,Data Scientist
626,2023,SE,FT,Data Scientist,45000,EUR,48585,ES,0,ES,M,Data Scientist
627,2023,SE,FT,Research Engineer,190400,USD,190400,US,0,US,M,Research / Computational
628,2023,SE,FT,Data Analyst,79000,USD,79000,US,0,US,M,Data Analyst / BI
629,2023,SE,FT,Research Engineer,203000,USD,203000,US,0,US,M,Research / Computational
630,2023,SE,FT,Research Analyst,83000,USD,83000,US,100,US,M,Research / Computational
631,2022,SE,FT,Data Scientist,134000,USD,134000,US,100,US,M,Data Scientist
632,2024,SE,FT,Applied Scientist,136000,USD,136000,US,0,US,L,Data Analyst / BI
633,2023,MI,FT,Data Engineer,72000,USD,72000,US,0,US,M,Data Engineering & Architecture
634,2023,SE,FT,Data Scientist,176000,USD,176000,US,0,US,M,Data Scientist
635,2024,SE,FT,Data Scientist,115800,USD,115800,US,0,US,M,Data Scientist
636,2023,SE,FT,Machine Learning Engineer,140100,USD,140100,US,0,US,M,Machine Learning / Ai
637,2024,SE,FT,Data Analyst,133650,USD,133650,US,100,US,M,Data Analyst / BI
638,2024,SE,FT,Data Engineer,94500,USD,94500,US,0,US,M,Data Engineering & Architecture
639,2024,SE,FT,Research Engineer,176700,USD,176700,US,100,US,M,Research / Computational
640,2023,EN,FT,BI Developer,85600,USD,85600,US,0,US,M,Data Analyst / BI
641,2023,SE,FT,AI Engineer,176000,USD,176000,US,0,US,M,Machine Learning / Ai
642,2023,SE,FT,Data Analyst,119610,USD,119610,US,0,US,M,Data Analyst / BI
643,2023,SE,FT,Machine Learning Engineer,264400,USD,264400,US,100,US,M,Machine Learning / Ai
644,2022,SE,FT,Data Engineer,260000,USD,260000,US,0,US,M,Data Engineering & Architecture
645,2023,SE,FT,Data Engineer,126000,USD,126000,US,0,US,M,Data Engineering & Architecture
646,2024,EN,FT,Data Analyst,83300,USD,83300,US,0,US,M,Data Analyst / BI
647,2023,SE,FL,Machine Learning Researcher,50000,USD,50000,UA,50,UA,S,Research / Computational
648,2023,SE,FT,Research Scientist,150000,USD,150000,US,100,US,M,Research / Computational
649,2024,SE,FT,Data Science,130300,USD,130300,US,0,US,M,Data Scientist
650,2023,SE,FT,Data Science Manager,297300,USD,297300,US,100,US,M,Data Scientist
651,2023,MI,FT,Data Specialist,90000,USD,90000,US,100,US,M,Data Analyst / BI
652,2023,MI,FT,Data Engineer,240000,USD,240000,US,0,US,M,Data Engineering & Architecture
653,2023,SE,FT,Data Engineer,73100,USD,73100,US,0,US,M,Data Engineering & Architecture
654,2024,SE,FT,Machine Learning Engineer,245000,USD,245000,US,100,US,M,Machine Learning / Ai
655,2023,MI,FT,Machine Learning Engineer,55000,GBP,67672,GB,100,GB,M,Machine Learning / Ai
656,2023,SE,FT,Data Engineer,202000,USD,202000,US,100,US,M,Data Engineering & Architecture
657,2023,SE,FT,NLP Engineer,66200,EUR,71475,IT,100,IT,M,Machine Learning / Ai
658,2024,MI,FT,Machine Learning Engineer,100000,USD,100000,US,100,US,L,Machine Learning / Ai
659,2023,SE,FT,Machine Learning Engineer,207700,USD,207700,CA,0,CA,M,Machine Learning / Ai
660,2024,SE,FT,Machine Learning Engineer,146900,USD,146900,US,0,US,M,Machine Learning / Ai
661,2023,MI,FT,Applied Scientist,136000,USD,136000,US,0,US,L,Data Analyst / BI
662,2024,SE,FT,Data Engineer,190000,USD,190000,US,0,US,M,Data Engineering & Architecture
663,2024,MI,FT,Data Analyst,88000,USD,88000,US,100,US,M,Data Analyst / BI
664,2023,SE,FT,Data Analyst,85000,USD,85000,US,100,US,M,Data Analyst / BI
665,2022,SE,FT,Data Engineer,170000,USD,170000,US,0,US,M,Data Engineering & Architecture
666,2023,SE,FT,AI Engineer,160000,USD,160000,US,0,US,M,Machine Learning / Ai
667,2023,SE,FT,Business Intelligence Engineer,60000,GBP,73824,GB,0,GB,M,Data Analyst / BI
668,2023,SE,FT,Machine Learning Engineer,152300,USD,152300,US,0,US,M,Machine Learning / Ai
669,2023,MI,FT,Data Engineer,64300,USD,64300,US,0,US,M,Data Engineering & Architecture
670,2024,MI,FT,Data Engineer,107800,USD,107800,US,0,US,M,Data Engineering & Architecture
671,2024,MI,FT,Data Scientist,97060,USD,97060,US,100,US,M,Data Scientist
672,2023,SE,FT,Machine Learning Engineer,172200,USD,172200,US,0,US,M,Machine Learning / Ai
673,2024,SE,FT,Data Architect,242100,USD,242100,US,0,US,M,Data Engineering & Architecture
674,2024,MI,FT,Data Science Practitioner,93900,USD,93900,US,0,US,M,Data Scientist
675,2023,MI,FT,Data Scientist,183310,USD,183310,US,0,US,M,Data Scientist
676,2024,SE,FT,Data Engineer,144000,USD,144000,US,0,US,M,Data Engineering & Architecture
677,2024,SE,FT,Machine Learning Engineer,219100,USD,219100,US,100,US,M,Machine Learning / Ai
678,2023,SE,FT,Data Architect,105200,USD,105200,US,0,US,M,Data Engineering & Architecture
679,2023,SE,FT,Data Scientist,155500,USD,155500,US,0,US,M,Data Scientist
680,2023,SE,FT,Data Scientist,143060,USD,143060,US,0,US,M,Data Scientist
681,2024,MI,FT,Data Engineer,130000,USD,130000,US,0,US,M,Data Engineering & Architecture
682,2023,MI,FT,Machine Learning Engineer,84000,USD,84000,VN,100,VN,M,Machine Learning / Ai
683,2022,SE,FT,Data Engineer,141300,USD,141300,US,0,US,M,Data Engineering & Architecture
684,2023,SE,FT,Machine Learning Engineer,185000,USD,185000,US,0,US,M,Machine Learning / Ai
685,2024,EX,FT,Data Analyst,120000,USD,120000,US,0,US,M,Data Analyst / BI
686,2023,SE,FT,Machine Learning Engineer,260000,USD,260000,US,0,US,M,Machine Learning / Ai
687,2023,MI,FT,Data Engineer,175000,USD,175000,US,0,US,M,Data Engineering & Architecture
688,2024,SE,FT,Research Scientist,333500,USD,333500,US,0,US,M,Research / Computational
689,2023,SE,FT,Data Engineer,152000,USD,152000,US,0,US,M,Data Engineering & Architecture
690,2024,SE,FT,Computer Vision Engineer,220000,USD,220000,US,100,US,M,Machine Learning / Ai
691,2023,SE,FT,Data Analyst,110600,USD,110600,US,0,US,M,Data Analyst / BI
692,2023,EX,FT,Data Engineer,225000,USD,225000,US,0,US,M,Data Engineering & Architecture
693,2024,EX,FT,Data Architect,180000,USD,180000,US,100,US,M,Data Engineering & Architecture
694,2023,SE,FT,Data Science Lead,84700,USD,84700,US,0,US,M,Data Scientist
695,2022,SE,FT,Data Engineer,145000,USD,145000,US,0,US,M,Data Engineering & Architecture
696,2023,MI,FT,Data Engineer,128000,USD,128000,US,0,US,M,Data Engineering & Architecture
697,2023,EN,FT,Research Scientist,195200,USD,195200,US,0,US,L,Research / Computational
698,2024,SE,FT,Data Engineer,45000,GBP,56250,GB,100,GB,M,Data Engineering & Architecture
699,2023,EX,FT,Data Engineer,239000,USD,239000,US,100,US,M,Data Engineering & Architecture
700,2023,SE,FT,Data Engineer,90300,USD,90300,US,0,US,M,Data Engineering & Architecture
701,2023,MI,FT,Data Analyst,52500,USD,52500,US,100,US,M,Data Analyst / BI
702,2022,SE,FT,Data Engineer,247500,USD,247500,US,0,US,M,Data Engineering & Architecture
703,2023,MI,FT,Insight Analyst,35000,GBP,43064,GB,0,GB,M,Data Analyst / BI
704,2024,EX,FT,Data Science,300000,USD,300000,US,100,US,M,Data Scientist
705,2023,SE,FT,Research Analyst,49500,EUR,53444,ES,100,ES,M,Research / Computational
706,2024,EN,FT,Data Analyst,100000,USD,100000,US,0,US,M,Data Analyst / BI
707,2024,SE,FT,Data Engineer,162000,USD,162000,US,0,US,M,Data Engineering & Architecture
708,2023,MI,FT,Research Engineer,200000,USD,200000,US,0,US,M,Research / Computational
709,2024,MI,FT,Data Scientist,68975,USD,68975,CA,0,CA,M,Data Scientist
710,2024,SE,FT,Data Analyst,109000,USD,109000,US,0,US,M,Data Analyst / BI
711,2023,SE,FT,Data Scientist,184700,USD,184700,US,0,US,M,Data Scientist
712,2024,EN,FT,Data Science,60800,USD,60800,US,0,US,M,Data Scientist
713,2023,SE,FT,Research Scientist,253750,USD,253750,ES,0,ES,M,Research / Computational
714,2023,SE,FT,Data Manager,145000,USD,145000,US,0,US,M,Data Analyst / BI
715,2023,SE,FT,Data Scientist,204500,USD,204500,US,0,US,M,Data Scientist
716,2023,SE,FT,Data Engineer,140000,USD,140000,US,0,US,M,Data Engineering & Architecture
717,2023,SE,FT,Machine Learning Engineer,170000,USD,170000,US,0,US,M,Machine Learning / Ai
718,2024,SE,FT,Data Scientist,126600,USD,126600,US,0,US,M,Data Scientist
719,2023,SE,FT,Data Engineer,190000,USD,190000,US,100,US,M,Data Engineering & Architecture
720,2023,SE,FT,Data Scientist,150200,USD,150200,US,0,US,M,Data Scientist
721,2023,SE,FT,Data Analyst,135000,USD,135000,US,0,US,M,Data Analyst / BI
722,2023,SE,FT,Business Intelligence Engineer,225000,USD,225000,US,0,US,M,Data Analyst / BI
723,2023,SE,FT,Data Science Manager,150000,USD,150000,MX,100,MX,M,Data Scientist
724,2024,SE,FT,Data Architect,174000,USD,174000,US,0,US,M,Data Engineering & Architecture
725,2024,SE,FT,Research Scientist,112000,USD,112000,US,0,US,M,Research / Computational
726,2024,MI,FT,Machine Learning Researcher,210000,USD,210000,US,0,US,M,Research / Computational
727,2023,MI,FT,BI Developer,100000,USD,100000,US,0,US,M,Data Analyst / BI
728,2023,MI,FT,Decision Scientist,142200,USD,142200,US,0,US,M,Data Analyst / BI
729,2023,SE,FT,Data Scientist,90700,USD,90700,US,0,US,M,Data Scientist
730,2023,SE,FT,Data Engineer,156000,USD,156000,US,100,US,M,Data Engineering & Architecture
731,2024,SE,FT,Data Scientist,154360,USD,154360,US,0,US,M,Data Scientist
732,2023,EX,FT,Analytics Engineer,221000,USD,221000,US,100,US,M,Data Analyst / BI
733,2023,SE,FT,Business Intelligence Engineer,104300,USD,104300,US,0,US,L,Data Analyst / BI
734,2023,EX,FT,Data Architect,180000,USD,180000,US,0,US,M,Data Engineering & Architecture
735,2023,SE,FT,Data Engineer,130000,USD,130000,US,0,US,M,Data Engineering & Architecture
736,2023,SE,FT,Data Science Manager,299500,USD,299500,US,0,US,M,Data Scientist
737,2024,MI,FT,Data Operations Specialist,88000,USD,88000,US,0,US,M,Data Analyst / BI
738,2023,SE,FT,Data Scientist,155000,USD,155000,US,0,US,M,Data Scientist
739,2024,MI,FT,Data Engineer,203500,USD,203500,US,100,US,M,Data Engineering & Architecture
740,2023,MI,FT,Analytics Engineer,75000,USD,75000,US,0,US,M,Data Analyst / BI
741,2023,SE,FT,Data Engineer,95325,USD,95325,US,0,US,M,Data Engineering & Architecture
742,2023,MI,FT,Data Strategist,65000,USD,65000,US,0,US,M,Data Analyst / BI
743,2023,MI,FT,Data Engineer,40000,EUR,43187,PL,100,PL,L,Data Engineering & Architecture
744,2023,EN,FT,Data Integration Specialist,100000,USD,100000,US,100,US,M,Data Engineering & Architecture
745,2024,EN,FT,Machine Learning Engineer,187500,USD,187500,US,0,US,M,Machine Learning / Ai
746,2024,SE,FT,Data Manager,125500,USD,125500,US,0,US,M,Data Analyst / BI
747,2024,SE,FT,Data Architect,363000,USD,363000,US,0,US,M,Data Engineering & Architecture
748,2024,EN,FT,Data Analyst,51500,USD,51500,US,0,US,M,Data Analyst / BI
749,2022,SE,FT,Applied Scientist,205000,USD,205000,US,100,US,M,Data Analyst / BI
750,2023,SE,FT,Analytics Engineer,190000,USD,190000,US,0,US,M,Data Analyst / BI
751,2024,SE,FT,Analytics Engineer,287500,USD,287500,US,0,US,M,Data Analyst / BI
752,2023,SE,FT,Data Analyst,175000,USD,175000,US,100,US,M,Data Analyst / BI
753,2022,EN,PT,Data Analyst,24000,EUR,25216,ES,100,US,L,Data Analyst / BI
754,2022,SE,FT,Data Engineer,146000,USD,146000,US,0,US,M,Data Engineering & Architecture
755,2023,MI,FT,Data Engineer,109000,USD,109000,US,100,US,M,Data Engineering & Architecture
756,2023,SE,FT,Data Scientist,228045,USD,228045,US,100,US,M,Data Scientist
757,2023,SE,FT,Machine Learning Engineer,128250,USD,128250,US,0,US,M,Machine Learning / Ai
758,2023,SE,FT,Machine Learning Engineer,142200,USD,142200,US,0,US,M,Machine Learning / Ai
759,2024,MI,FT,Data Product Manager,171000,USD,171000,US,100,US,M,Data Analyst / BI
760,2023,MI,FT,Data Engineer,167500,USD,167500,US,0,US,M,Data Engineering & Architecture
761,2023,SE,FT,Data Manager,140000,USD,140000,US,0,US,M,Data Analyst / BI
762,2023,SE,FT,Data Analyst,150000,USD,150000,US,100,US,M,Data Analyst / BI
763,2023,SE,FT,Data Scientist,140400,USD,140400,US,100,US,M,Data Scientist
764,2023,SE,FT,Data Scientist,138900,USD,138900,US,0,US,M,Data Scientist
765,2024,MI,FT,Research Engineer,295000,USD,295000,US,0,US,M,Research / Computational
766,2023,EX,FT,Data Engineer,265000,USD,265000,US,0,US,M,Data Engineering & Architecture
767,2023,SE,FT,Data Scientist,151300,USD,151300,US,100,US,M,Data Scientist
768,2023,SE,FT,Data Analyst,87500,USD,87500,US,0,US,M,Data Analyst / BI
769,2024,EN,FT,Data Analyst,40000,GBP,50000,GB,100,GB,M,Data Analyst / BI
770,2023,MI,FT,Data Engineer,120000,USD,120000,US,100,US,M,Data Engineering & Architecture
771,2023,SE,FT,Data Analyst,227000,USD,227000,US,0,US,M,Data Analyst / BI
772,2024,SE,FT,Data Architect,86000,USD,86000,US,0,US,M,Data Engineering & Architecture
773,2023,SE,FT,Data Engineer,141000,USD,141000,US,0,US,M,Data Engineering & Architecture
774,2022,SE,FT,Data Engineer,185900,USD,185900,US,0,US,M,Data Engineering & Architecture
775,2023,MI,FT,Data Engineer,58400,USD,58400,US,0,US,M,Data Engineering & Architecture
776,2023,SE,FT,Data Engineer,150000,USD,150000,US,100,US,M,Data Engineering & Architecture
777,2024,MI,FT,Analytics Engineer,115000,USD,115000,US,0,US,M,Data Analyst / BI
778,2023,EX,FT,Head of Data,200000,GBP,246080,GB,0,GB,M,Data Analyst / BI
779,2021,SE,FT,Data Engineer,200000,USD,200000,US,100,US,L,Data Engineering & Architecture
780,2023,EN,FT,Data Analyst,71615,USD,71615,US,0,US,M,Data Analyst / BI
781,2023,SE,FT,Applied Scientist,309400,USD,309400,US,0,US,L,Data Analyst / BI
782,2023,SE,FT,Business Intelligence Engineer,115000,USD,115000,US,100,US,M,Data Analyst / BI
783,2024,MI,FT,Data Science,130000,USD,130000,US,0,US,M,Data Scientist
784,2024,SE,FT,Machine Learning Engineer,283780,USD,283780,US,0,US,M,Machine Learning / Ai
785,2023,SE,FT,Data Scientist,112500,USD,112500,US,100,US,M,Data Scientist
786,2022,EX,FT,Data Engineer,116100,USD,116100,US,100,US,M,Data Engineering & Architecture
787,2024,SE,FT,Data Scientist,115500,USD,115500,US,100,US,M,Data Scientist
788,2022,SE,FT,Data Scientist,249500,USD,249500,US,0,US,M,Data Scientist
789,2023,MI,FT,Data Scientist,45000,GBP,55368,GB,0,GB,M,Data Scientist
790,2024,MI,FT,Data Engineer,90800,USD,90800,US,0,US,M,Data Engineering & Architecture
791,2024,EN,FT,Data Analyst,138000,USD,138000,US,0,US,M,Data Analyst / BI
792,2023,SE,FT,Data Scientist,200000,USD,200000,US,0,US,M,Data Scientist
793,2023,SE,FT,Machine Learning Engineer,204500,USD,204500,US,0,US,M,Machine Learning / Ai
794,2023,SE,FT,Data Scientist,212000,USD,212000,US,0,US,M,Data Scientist
795,2023,SE,FT,Machine Learning Researcher,73100,USD,73100,US,0,US,M,Research / Computational
796,2023,SE,FT,Applied Scientist,136000,USD,136000,US,0,US,L,Data Analyst / BI
797,2023,SE,FT,Machine Learning Engineer,168700,USD,168700,CA,0,CA,M,Machine Learning / Ai
798,2023,EN,FT,Data Analyst,30000,USD,30000,AR,100,US,S,Data Analyst / BI
799,2023,MI,FT,Data Analyst,70000,USD,70000,US,0,US,M,Data Analyst / BI
800,2023,SE,FT,Business Intelligence Engineer,150000,USD,150000,US,0,US,M,Data Analyst / BI
801,2022,SE,FT,Data Engineer,197430,USD,197430,US,100,US,M,Data Engineering & Architecture
802,2023,SE,FT,Data Scientist,170000,USD,170000,US,0,US,M,Data Scientist
803,2023,SE,FT,Data Scientist,173000,USD,173000,US,100,US,M,Data Scientist
804,2023,SE,FT,Data Manager,130000,USD,130000,US,0,US,M,Data Analyst / BI
805,2024,MI,FT,Applied Scientist,222200,USD,222200,US,0,US,L,Data Analyst / BI
806,2023,SE,FT,Data Scientist,300240,USD,300240,US,0,US,M,Data Scientist
807,2024,EN,FT,Data Analyst,74400,USD,74400,US,100,US,M,Data Analyst / BI
808,2022,SE,FT,Data Engineer,120000,USD,120000,US,0,US,M,Data Engineering & Architecture
809,2022,MI,FT,Machine Learning Engineer,129300,USD,129300,US,0,US,M,Machine Learning / Ai
810,2024,EN,FT,Machine Learning Engineer,105300,USD,105300,CA,100,CA,M,Machine Learning / Ai
811,2022,SE,FT,Data Engineer,122600,USD,122600,US,0,US,M,Data Engineering & Architecture
812,2023,EX,FT,Data Scientist,145000,USD,145000,US,0,US,M,Data Scientist
813,2024,MI,FT,Data Operations Associate,50000,EUR,55555,DE,0,DE,M,Data Analyst / BI
814,2023,SE,FT,Data Scientist,247600,USD,247600,US,0,US,L,Data Scientist
815,2024,SE,FT,Data Engineer,78900,USD,78900,US,0,US,M,Data Engineering & Architecture
816,2023,MI,FT,Data Engineer,133000,USD,133000,US,0,US,M,Data Engineering & Architecture
817,2023,SE,FT,Data Scientist,176000,USD,176000,US,100,US,M,Data Scientist
818,2023,EN,FT,Data Engineer,130916,USD,130916,US,0,US,M,Data Engineering & Architecture
819,2023,SE,FT,Machine Learning Engineer,147000,USD,147000,US,0,US,M,Machine Learning / Ai
820,2023,MI,FT,Data Engineer,90000,USD,90000,US,100,US,M,Data Engineering & Architecture
821,2024,MI,FT,Machine Learning Engineer,99100,USD,99100,US,0,US,M,Machine Learning / Ai
822,2023,SE,FT,Analytics Engineer,85500,USD,85500,US,0,US,M,Data Analyst / BI
823,2024,MI,FT,Machine Learning Engineer,130000,USD,130000,US,0,US,M,Machine Learning / Ai
824,2023,SE,FT,Business Intelligence Analyst,193600,USD,193600,US,0,US,M,Data Analyst / BI
825,2023,EN,FT,Data Scientist,53000,EUR,57223,NL,50,NL,L,Data Scientist
826,2023,MI,FT,Data Engineer,95000,GBP,116888,GB,100,GB,L,Data Engineering & Architecture
827,2023,SE,FT,Analytics Engineer,205000,USD,205000,US,0,US,M,Data Analyst / BI
828,2023,SE,FT,Data Engineer,106800,USD,106800,US,100,US,M,Data Engineering & Architecture
829,2023,MI,FT,Data Engineer,90000,USD,90000,US,0,US,M,Data Engineering & Architecture
830,2024,MI,FT,Data Scientist,231250,USD,231250,US,0,US,M,Data Scientist
831,2023,SE,FT,Data Engineer,200000,USD,200000,US,0,US,M,Data Engineering & Architecture
832,2023,SE,FT,Machine Learning Engineer,233000,USD,233000,US,0,US,M,Machine Learning / Ai
833,2022,EN,FT,Machine Learning Engineer,108000,USD,108000,US,0,US,S,Machine Learning / Ai
834,2022,SE,FT,Machine Learning Software Engineer,168000,USD,168000,CA,100,CA,M,Machine Learning / Ai
835,2023,MI,FT,Data Engineer,181500,USD,181500,US,0,US,M,Data Engineering & Architecture
836,2024,MI,FT,Data Analytics Manager,124230,USD,124230,US,0,US,M,Data Analyst / BI
837,2023,SE,FT,Applied Scientist,222200,USD,222200,US,0,US,L,Data Analyst / BI
838,2022,SE,FT,Data Engineer,225000,USD,225000,US,0,US,M,Data Engineering & Architecture
839,2023,SE,FT,Data Scientist,250000,USD,250000,US,0,US,M,Data Scientist
840,2023,SE,FT,Data Analyst,135000,USD,135000,US,100,US,M,Data Analyst / BI
841,2024,SE,FT,Machine Learning Engineer,230000,USD,230000,US,100,US,M,Machine Learning / Ai
842,2022,SE,FT,Data Engineer,35000,EUR,36773,ES,0,ES,M,Data Engineering & Architecture
843,2024,MI,FT,Data Engineer,73100,USD,73100,US,0,US,M,Data Engineering & Architecture
844,2023,SE,FT,Data Engineer,130000,USD,130000,US,100,US,M,Data Engineering & Architecture
845,2022,SE,FT,Data Engineer,63000,USD,63000,US,0,US,M,Data Engineering & Architecture
846,2024,SE,FT,Data Analyst,112715,USD,112715,US,0,US,M,Data Analyst / BI
847,2024,SE,FT,Data Scientist,215000,USD,215000,US,0,US,M,Data Scientist
848,2023,SE,FT,Data Engineer,151000,USD,151000,CA,100,CA,M,Data Engineering & Architecture
849,2024,SE,FT,Data Engineer,187000,USD,187000,US,0,US,M,Data Engineering & Architecture
850,2023,MI,FT,Research Scientist,220000,USD,220000,US,0,US,M,Research / Computational
851,2024,MI,FT,Data Specialist,73000,USD,73000,US,0,US,M,Data Analyst / BI
852,2024,EN,FT,Data Analyst,96800,USD,96800,US,0,US,M,Data Analyst / BI
853,2023,MI,FT,Data Scientist,93918,USD,93918,US,100,US,M,Data Scientist
854,2024,EN,FT,Data Analyst,106875,USD,106875,US,0,US,M,Data Analyst / BI
855,2023,SE,FT,Machine Learning Infrastructure Engineer,152000,USD,152000,US,100,US,M,Machine Learning / Ai
856,2023,SE,FT,Data Operations Analyst,144000,USD,144000,GB,0,GB,M,Data Analyst / BI
857,2022,SE,FT,Data Scientist,177500,USD,177500,US,100,US,M,Data Scientist
858,2024,SE,FT,Data Engineer,161500,USD,161500,US,0,US,M,Data Engineering & Architecture
859,2024,MI,FT,Data Scientist,212000,USD,212000,EG,0,EG,M,Data Scientist
860,2024,SE,FT,Data Architect,160000,USD,160000,US,0,US,M,Data Engineering & Architecture
861,2024,SE,FT,Data Analyst,193000,USD,193000,US,100,US,M,Data Analyst / BI
862,2023,SE,FT,Business Intelligence Engineer,202800,USD,202800,US,0,US,L,Data Analyst / BI
863,2023,SE,FT,Machine Learning Engineer,250500,USD,250500,US,0,US,M,Machine Learning / Ai
864,2023,SE,FT,Machine Learning Engineer,163200,USD,163200,US,0,US,M,Machine Learning / Ai
865,2023,SE,FT,Data Scientist,212800,USD,212800,US,0,US,L,Data Scientist
866,2023,MI,FT,Data Analytics Manager,242100,USD,242100,US,0,US,M,Data Analyst / BI
867,2024,MI,FT,Data Scientist,110000,USD,110000,US,100,US,M,Data Scientist
868,2023,MI,FT,Data Scientist,90000,USD,90000,US,100,US,M,Data Scientist
869,2023,SE,FT,Data Scientist,170186,USD,170186,US,0,US,M,Data Scientist
870,2024,MI,FT,Data Engineer,102000,USD,102000,US,0,US,M,Data Engineering & Architecture
871,2023,SE,FT,Data Analyst,153300,USD,153300,US,100,US,M,Data Analyst / BI
872,2024,EN,FT,Business Intelligence Analyst,92000,USD,92000,AU,0,AU,M,Data Analyst / BI
873,2023,SE,FT,Data Engineer,128000,USD,128000,US,0,US,M,Data Engineering & Architecture
874,2023,MI,FT,Machine Learning Engineer,50000,USD,50000,US,100,US,M,Machine Learning / Ai
875,2023,MI,FT,BI Developer,81500,USD,81500,US,0,US,M,Data Analyst / BI
876,2022,SE,FT,Data Engineer,216000,USD,216000,US,100,US,M,Data Engineering & Architecture
877,2024,EN,FT,Research Engineer,193500,USD,193500,US,0,US,M,Research / Computational
878,2023,MI,FT,Machine Learning Engineer,120000,USD,120000,US,0,US,S,Machine Learning / Ai
879,2023,EN,PT,Data Analyst,78000,PLN,18160,PL,100,IN,L,Data Analyst / BI
880,2024,SE,FT,Data Science,234700,USD,234700,US,0,US,M,Data Scientist
881,2023,MI,FT,Research Scientist,118800,USD,118800,US,100,US,M,Research / Computational
882,2023,SE,FT,Machine Learning Engineer,125000,USD,125000,US,0,US,M,Machine Learning / Ai
883,2023,EN,FT,Data Engineer,58000,USD,58000,US,100,US,M,Data Engineering & Architecture
884,2024,MI,FT,Data Scientist,140400,USD,140400,US,100,US,M,Data Scientist
885,2024,SE,FT,Data Architect,234000,USD,234000,US,0,US,M,Data Engineering & Architecture
886,2023,SE,FT,Data Scientist,118900,USD,118900,US,0,US,M,Data Scientist
887,2023,SE,FT,Data Scientist,190000,USD,190000,US,0,US,M,Data Scientist
888,2022,SE,FT,Data Engineer,153600,USD,153600,US,0,US,M,Data Engineering & Architecture
889,2023,SE,FT,Data Engineer,139400,USD,139400,US,0,US,M,Data Engineering & Architecture
890,2023,SE,FT,Data Scientist,218213,USD,218213,US,100,US,M,Data Scientist
891,2023,SE,FT,Data Analyst,80000,USD,80000,US,100,US,M,Data Analyst / BI
892,2023,MI,FT,Data Analytics Lead,100000,GBP,123040,GB,0,GB,M,Data Analyst / BI
893,2023,SE,FT,Machine Learning Engineer,260000,USD,260000,US,100,US,M,Machine Learning / Ai
894,2024,SE,FT,Data Scientist,156000,USD,156000,US,0,US,M,Data Scientist
895,2023,SE,FT,Business Intelligence Developer,102000,USD,102000,US,100,US,M,Data Analyst / BI
896,2023,SE,FT,ML Engineer,206000,USD,206000,US,0,US,M,Machine Learning / Ai
897,2024,SE,FT,Data Analyst,126480,USD,126480,US,0,US,M,Data Analyst / BI
898,2023,SE,FT,Data Architect,186000,USD,186000,US,0,US,M,Data Engineering & Architecture
899,2023,SE,FT,Data Analyst,158494,USD,158494,US,100,US,M,Data Analyst / BI
900,2024,SE,FT,Machine Learning Engineer,255800,USD,255800,US,0,US,M,Machine Learning / Ai
901,2022,SE,FT,Machine Learning Software Engineer,227200,USD,227200,CA,100,CA,M,Machine Learning / Ai
902,2023,SE,FT,Data Engineer,215000,USD,215000,US,0,US,M,Data Engineering & Architecture
903,2023,MI,FT,Machine Learning Engineer,93300,USD,93300,US,0,US,M,Machine Learning / Ai
904,2024,MI,FT,Data Scientist,152000,USD,152000,US,0,US,M,Data Scientist
905,2023,SE,FT,Data Science,138000,USD,138000,US,0,US,M,Data Scientist
906,2023,SE,FT,Data Scientist,130000,USD,130000,US,0,US,M,Data Scientist
907,2023,MI,FT,Data Engineer,250000,USD,250000,US,0,US,M,Data Engineering & Architecture
908,2024,EN,FT,Data Analyst,179000,USD,179000,US,0,US,M,Data Analyst / BI
909,2023,SE,FT,Data Scientist,162000,USD,162000,US,100,US,M,Data Scientist
910,2024,SE,FT,Data Scientist,165000,USD,165000,US,0,US,M,Data Scientist
911,2023,SE,FT,Analytics Engineer,143860,USD,143860,US,0,US,M,Data Analyst / BI
912,2023,SE,FT,Machine Learning Engineer,255800,USD,255800,US,0,US,M,Machine Learning / Ai
913,2023,EN,FT,Research Analyst,75753,USD,75753,US,0,US,M,Research / Computational
914,2024,SE,FT,Data Analyst,135000,USD,135000,US,0,US,M,Data Analyst / BI
915,2024,SE,FT,Data Analyst,42245,GBP,52806,GB,0,GB,M,Data Analyst / BI
916,2023,SE,FT,Data Analyst,170550,USD,170550,US,100,US,M,Data Analyst / BI
917,2024,MI,FT,Business Intelligence Engineer,165600,USD,165600,US,0,US,L,Data Analyst / BI
918,2023,SE,FT,Data Quality Analyst,80000,USD,80000,US,0,US,M,Data Analyst / BI
919,2023,SE,FT,Data Scientist,184800,USD,184800,US,0,US,M,Data Scientist
920,2023,SE,FT,Data Architect,185000,USD,185000,US,0,US,M,Data Engineering & Architecture
921,2023,MI,FT,Data Scientist,55000,USD,55000,US,0,US,M,Data Scientist
922,2023,MI,FT,Data Scientist,205000,USD,205000,US,100,US,M,Data Scientist
923,2023,SE,FT,Machine Learning Engineer,205600,USD,205600,US,100,US,M,Machine Learning / Ai
924,2024,SE,FT,Data Scientist,160000,USD,160000,US,0,US,M,Data Scientist
925,2024,SE,FT,Data Integration Developer,121056,USD,121056,US,0,US,M,Data Engineering & Architecture
926,2023,SE,FT,Data Scientist,192000,USD,192000,US,100,US,M,Data Scientist
927,2023,SE,FT,Data Analyst,30000,GBP,36912,GB,100,GB,S,Data Analyst / BI
928,2023,SE,FT,Data Engineer,254000,USD,254000,US,0,US,M,Data Engineering & Architecture
929,2023,SE,FT,Business Intelligence Engineer,138900,USD,138900,US,100,US,M,Data Analyst / BI
930,2023,MI,FT,Data Scientist,140000,USD,140000,US,0,US,M,Data Scientist
931,2023,MI,FT,Data Analyst,161000,USD,161000,US,100,US,M,Data Analyst / BI
932,2023,SE,FT,Data Scientist,120000,USD,120000,US,100,US,M,Data Scientist
933,2024,MI,FT,Data Engineer,100000,USD,100000,US,0,US,M,Data Engineering & Architecture
934,2022,SE,FT,Data Analyst,110000,USD,110000,US,0,US,M,Data Analyst / BI
935,2024,EN,FT,Data Analyst,77265,USD,77265,US,0,US,M,Data Analyst / BI
936,2023,SE,FT,Data Analyst,74400,USD,74400,US,100,US,M,Data Analyst / BI
937,2024,SE,FT,Machine Learning Engineer,182000,USD,182000,US,0,US,M,Machine Learning / Ai
938,2024,MI,FT,Data Modeler,185800,USD,185800,US,0,US,M,Data Engineering & Architecture
939,2023,MI,FT,Machine Learning Engineer,204500,USD,204500,US,0,US,M,Machine Learning / Ai
940,2024,MI,FT,Data Engineer,75000,USD,75000,US,100,US,M,Data Engineering & Architecture
941,2023,MI,FT,ETL Engineer,47500,GBP,58444,GB,100,GB,M,Data Engineering & Architecture
942,2022,SE,FT,Data Science Manager,249260,USD,249260,US,0,US,M,Data Scientist
943,2023,MI,FT,Machine Learning Engineer,285000,USD,285000,US,0,US,L,Machine Learning / Ai
944,2023,SE,FT,Data Engineer,123000,USD,123000,US,0,US,M,Data Engineering & Architecture
945,2023,SE,FT,Research Scientist,248100,USD,248100,US,0,US,M,Research / Computational
946,2023,SE,FT,Decision Scientist,142200,USD,142200,US,0,US,M,Data Analyst / BI
947,2023,SE,FT,Research Engineer,133000,USD,133000,US,0,US,M,Research / Computational
948,2024,SE,FT,Machine Learning Scientist,242000,CAD,186153,CA,0,CA,M,Machine Learning / Ai
949,2023,SE,FT,Machine Learning Engineer,115000,USD,115000,US,100,US,M,Machine Learning / Ai
950,2024,MI,FT,Business Intelligence Manager,164700,USD,164700,US,0,US,M,Data Analyst / BI
951,2023,SE,FT,Applied Scientist,230000,USD,230000,US,100,US,M,Data Analyst / BI
952,2023,SE,FT,Data Engineer,178000,USD,178000,US,100,US,M,Data Engineering & Architecture
953,2023,SE,FT,Data Scientist,135000,USD,135000,US,100,US,M,Data Scientist
954,2023,SE,FT,Data Engineer,250000,USD,250000,US,100,US,M,Data Engineering & Architecture
955,2023,SE,FT,Data Engineer,90700,USD,90700,US,0,US,M,Data Engineering & Architecture
956,2023,MI,FT,Data Engineer,80000,USD,80000,ES,100,ES,M,Data Engineering & Architecture
957,2023,SE,FT,Research Scientist,159300,USD,159300,US,0,US,M,Research / Computational
958,2024,SE,FT,Business Intelligence,132600,USD,132600,US,0,US,M,Data Analyst / BI
959,2022,MI,FT,Data Analyst,109000,USD,109000,US,0,US,M,Data Analyst / BI
960,2023,SE,FT,Data Engineer,140100,USD,140100,US,0,US,M,Data Engineering & Architecture
961,2024,MI,FT,Data Scientist,147800,USD,147800,US,0,US,M,Data Scientist
962,2023,SE,FT,Data Analyst,80000,USD,80000,US,100,US,S,Data Analyst / BI
963,2024,SE,FT,Machine Learning Engineer,225000,USD,225000,US,0,US,M,Machine Learning / Ai
964,2024,SE,FT,Data Scientist,117400,USD,117400,US,0,US,M,Data Scientist
965,2023,MI,FT,Data Specialist,73000,USD,73000,US,100,US,M,Data Analyst / BI
966,2024,SE,FT,Data Scientist,236400,USD,236400,US,0,US,M,Data Scientist
967,2023,MI,FT,Data Scientist,166000,USD,166000,US,0,US,M,Data Scientist
968,2023,SE,FT,Data Infrastructure Engineer,151090,USD,151090,US,0,US,M,Data Engineering & Architecture
969,2023,SE,FT,Data Analyst,116000,USD,116000,US,100,US,M,Data Analyst / BI
970,2023,EN,FT,Business Intelligence Analyst,40000,GBP,49216,GB,0,GB,M,Data Analyst / BI
971,2023,SE,FT,Analytics Engineer,130000,USD,130000,CA,0,CA,M,Data Analyst / BI
972,2024,EN,FT,Research Analyst,49452,USD,49452,US,0,US,M,Research / Computational
973,2024,MI,FT,Data Scientist,170200,USD,170200,US,0,US,M,Data Scientist
974,2023,SE,FT,Data Manager,155000,USD,155000,US,0,US,M,Data Analyst / BI
975,2024,MI,FT,ML Engineer,140000,USD,140000,US,0,US,M,Machine Learning / Ai
976,2023,MI,FT,Data Engineer,88000,USD,88000,CO,0,CO,M,Data Engineering & Architecture
977,2024,EN,FT,Data Analyst,192500,USD,192500,US,0,US,M,Data Analyst / BI
978,2022,EX,FT,Data Engineer,239000,USD,239000,US,100,US,M,Data Engineering & Architecture
979,2024,SE,FT,Data Engineer,165100,USD,165100,US,0,US,M,Data Engineering & Architecture
980,2024,MI,FT,Data Scientist,115000,USD,115000,US,0,US,M,Data Scientist
981,2023,SE,FT,BI Analyst,147000,USD,147000,US,100,US,M,Data Analyst / BI
982,2023,EN,FT,Data Engineer,80000,USD,80000,US,0,US,M,Data Engineering & Architecture
983,2024,SE,FT,Data Scientist,125000,USD,125000,US,0,US,M,Data Scientist
984,2023,SE,FT,Data Analyst,140000,USD,140000,US,0,US,M,Data Analyst / BI
985,2023,SE,FT,Data Scientist,190200,USD,190200,US,0,US,M,Data Scientist
986,2023,EN,FT,Data Management Analyst,50000,USD,50000,US,0,US,M,Data Analyst / BI
987,2024,EN,FT,Data Management Analyst,50000,USD,50000,US,0,US,M,Data Analyst / BI
988,2023,MI,FT,Machine Learning Engineer,50000,USD,50000,AM,0,AM,S,Machine Learning / Ai
989,2024,SE,FT,Analytics Engineer,720000,USD,720000,US,0,US,M,Data Analyst / BI
990,2023,SE,FT,Data Analyst,84400,USD,84400,US,0,US,M,Data Analyst / BI
991,2024,EN,FT,Applied Scientist,104000,USD,104000,US,100,US,M,Data Analyst / BI
992,2023,SE,FT,Data Analyst,78000,USD,78000,US,100,US,M,Data Analyst / BI
993,2023,SE,FT,Business Intelligence Engineer,156400,USD,156400,US,0,US,M,Data Analyst / BI
994,2024,SE,FT,Data Scientist,151000,USD,151000,US,0,US,M,Data Scientist
995,2024,MI,FT,Data Engineer,150000,USD,150000,US,0,US,M,Data Engineering & Architecture
996,2023,SE,FT,Data Scientist,110000,USD,110000,US,100,US,M,Data Scientist
997,2023,MI,FT,Data Analyst,143000,USD,143000,US,0,US,M,Data Analyst / BI
998,2022,SE,FT,Data Engineer,75000,USD,75000,US,0,US,M,Data Engineering & Architecture
999,2023,SE,FT,Machine Learning Engineer,119700,USD,119700,US,0,US,M,Machine Learning / Ai
1000,2023,SE,FT,Data Engineer,146000,USD,146000,US,100,US,M,Data Engineering & Architecture
1001,2023,MI,FT,Data Analyst,115950,USD,115950,US,0,US,M,Data Analyst / BI
1002,2023,SE,FT,Data Scientist,160000,USD,160000,US,100,US,M,Data Scientist
1003,2023,SE,FT,Data Scientist,222750,USD,222750,US,0,US,M,Data Scientist
1004,2024,MI,FT,Data Analyst,150000,USD,150000,US,100,US,M,Data Analyst / BI
1005,2024,SE,FT,Data Scientist,212000,USD,212000,US,0,US,M,Data Scientist
1006,2024,SE,FT,Research Scientist,211900,USD,211900,US,0,US,M,Research / Computational
1007,2023,SE,FT,Business Intelligence Analyst,112000,USD,112000,CA,0,CA,M,Data Analyst / BI
1008,2023,MI,FT,Data Analyst,101000,USD,101000,US,0,US,M,Data Analyst / BI
1009,2023,SE,FT,ML Engineer,365630,USD,365630,US,0,US,M,Machine Learning / Ai
1010,2024,SE,FT,Machine Learning Engineer,216800,USD,216800,US,100,US,M,Machine Learning / Ai
1011,2023,MI,FT,Data Analyst,100000,USD,100000,US,100,US,M,Data Analyst / BI
1012,2023,EN,FT,Data Scientist,132200,USD,132200,GB,0,GB,M,Data Scientist
1013,2023,MI,FT,Data Engineer,111000,USD,111000,US,100,US,M,Data Engineering & Architecture
1014,2023,SE,FT,Data Analyst,45000,GBP,55368,CF,100,CF,M,Data Analyst / BI
1015,2023,SE,FT,Data Scientist,148800,USD,148800,US,0,US,M,Data Scientist
1016,2023,SE,FT,Data Scientist,104650,USD,104650,US,100,US,M,Data Scientist
1017,2023,SE,FT,Data Analyst,230000,USD,230000,US,0,US,M,Data Analyst / BI
1018,2023,SE,FT,Data Engineer,166000,USD,166000,US,0,US,M,Data Engineering & Architecture
1019,2023,MI,FT,Data Architect,100000,USD,100000,US,0,US,M,Data Engineering & Architecture
1020,2023,MI,FT,Data Analyst,130000,USD,130000,US,0,US,M,Data Analyst / BI
1021,2023,SE,FT,Research Scientist,250000,USD,250000,US,0,US,M,Research / Computational
1022,2023,EN,FT,ML Engineer,130000,USD,130000,US,0,US,M,Machine Learning / Ai
1023,2023,MI,FT,Data Analyst,866000,PHP,15680,PH,50,PH,L,Data Analyst / BI
1024,2023,SE,FT,Machine Learning Engineer,234500,USD,234500,US,0,US,M,Machine Learning / Ai
1025,2023,SE,FT,Data Scientist,170500,USD,170500,CA,100,CA,M,Data Scientist
1026,2023,SE,FT,Data Scientist,207900,USD,207900,US,0,US,M,Data Scientist
1027,2023,MI,FT,Data Analyst,59500,USD,59500,US,0,US,M,Data Analyst / BI
1028,2023,SE,FT,Data Engineer,82900,USD,82900,IN,0,IN,M,Data Engineering & Architecture
1029,2023,EN,FT,Data Scientist,156450,USD,156450,US,100,US,M,Data Scientist
1030,2024,MI,FT,Machine Learning Engineer,177100,USD,177100,US,0,US,M,Machine Learning / Ai
1031,2024,EX,FT,Data Scientist,125000,USD,125000,US,0,US,M,Data Scientist
1032,2023,SE,FT,Research Scientist,145900,USD,145900,US,0,US,M,Research / Computational
1033,2023,MI,FT,Data Engineer,179000,USD,179000,US,0,US,M,Data Engineering & Architecture
1034,2024,MI,FT,Data Scientist,111600,USD,111600,US,0,US,L,Data Scientist
1035,2023,SE,FT,Data Scientist,145000,USD,145000,US,100,US,M,Data Scientist
1036,2022,SE,FT,Data Scientist,180000,USD,180000,US,100,US,L,Data Scientist
1037,2024,SE,FT,Research Scientist,127300,USD,127300,US,0,US,L,Research / Computational
1038,2022,SE,FT,Data Scientist,141525,USD,141525,US,100,US,M,Data Scientist
1039,2023,SE,FT,Data Scientist,164000,USD,164000,US,100,US,M,Data Scientist
1040,2023,SE,FT,Data Scientist,257000,USD,257000,US,100,US,M,Data Scientist
1041,2023,SE,FT,Data Engineer,122000,USD,122000,US,0,US,M,Data Engineering & Architecture
1042,2024,SE,FT,Data Scientist,297000,USD,297000,US,0,US,M,Data Scientist
1043,2022,SE,FT,Data Scientist,155000,USD,155000,US,100,US,M,Data Scientist
1044,2023,SE,FT,Data Analyst,55000,USD,55000,US,0,US,M,Data Analyst / BI
1045,2023,SE,FT,Machine Learning Engineer,200000,USD,200000,US,100,US,M,Machine Learning / Ai
1046,2023,SE,FT,Data Analyst,187000,USD,187000,US,0,US,M,Data Analyst / BI
1047,2024,MI,FT,Business Intelligence,100000,USD,100000,US,0,US,M,Data Analyst / BI
1048,2024,SE,FT,Research Engineer,235680,USD,235680,US,0,US,M,Research / Computational
1049,2023,SE,FT,Data Architect,175564,USD,175564,US,100,US,M,Data Engineering & Architecture
1050,2023,EX,FT,Analytics Engineer,170000,USD,170000,US,0,US,M,Data Analyst / BI
1051,2024,SE,FT,Data Scientist,130000,USD,130000,US,0,US,M,Data Scientist
1052,2023,SE,FT,Data Analyst,169000,USD,169000,US,0,US,M,Data Analyst / BI
1053,2024,SE,FT,Data Architect,299792,USD,299792,US,0,US,M,Data Engineering & Architecture
1054,2023,EN,FT,Data Scientist,70000,USD,70000,US,0,US,M,Data Scientist
1055,2023,SE,FT,Applied Scientist,133500,USD,133500,US,0,US,M,Data Analyst / BI
1056,2024,EN,FT,Research Analyst,116000,USD,116000,US,100,US,M,Research / Computational
1057,2023,EN,FT,Data Analyst,74300,USD,74300,US,100,US,M,Data Analyst / BI
1058,2022,SE,FT,Data Architect,250000,USD,250000,US,0,US,M,Data Engineering & Architecture
1059,2024,MI,FT,Data Engineer,115000,USD,115000,US,100,US,M,Data Engineering & Architecture
1060,2022,SE,FT,Machine Learning Engineer,129300,USD,129300,US,0,US,M,Machine Learning / Ai
1061,2023,EX,FT,Data Engineer,167500,USD,167500,US,0,US,M,Data Engineering & Architecture
1062,2023,SE,FT,Machine Learning Engineer,197400,USD,197400,US,0,US,M,Machine Learning / Ai
1063,2023,SE,FT,Data Strategist,125000,USD,125000,US,100,US,M,Data Analyst / BI
1064,2024,MI,FT,Data Analyst,134400,USD,134400,US,0,US,M,Data Analyst / BI
1065,2023,SE,FT,Data Analyst,130000,USD,130000,US,0,US,M,Data Analyst / BI
1066,2023,SE,FT,Analytics Engineer,150000,USD,150000,US,100,US,M,Data Analyst / BI
1067,2023,SE,FT,Machine Learning Engineer,66000,USD,66000,US,0,US,M,Machine Learning / Ai
1068,2024,MI,FT,Business Intelligence Analyst,125000,USD,125000,US,0,US,M,Data Analyst / BI
1069,2023,SE,FT,Data Scientist,185900,USD,185900,US,0,US,M,Data Scientist
1070,2023,SE,FT,Data Scientist,220000,USD,220000,US,0,US,M,Data Scientist
1071,2022,MI,FT,Data Analyst,150000,USD,150000,US,0,US,M,Data Analyst / BI
1072,2023,SE,FT,Data Scientist,210000,USD,210000,US,0,US,M,Data Scientist
1073,2024,EN,FT,Data Science,65000,EUR,72222,DE,0,DE,M,Data Scientist
1074,2024,SE,FT,Data Engineer,188000,USD,188000,US,0,US,M,Data Engineering & Architecture
1075,2023,SE,FT,Data Architect,113900,USD,113900,US,100,US,M,Data Engineering & Architecture
1076,2023,SE,FT,Data Modeler,258700,USD,258700,US,0,US,M,Data Engineering & Architecture
1077,2023,MI,FT,Data Analyst,36000,USD,36000,US,100,US,M,Data Analyst / BI
1078,2023,SE,FT,Data Engineer,160000,USD,160000,US,0,US,M,Data Engineering & Architecture
1079,2024,MI,FT,Data Analyst,135000,USD,135000,US,0,US,M,Data Analyst / BI
1080,2024,MI,FT,Research Scientist,100400,USD,100400,US,0,US,L,Research / Computational
1081,2023,MI,FT,Data Engineer,130000,USD,130000,US,0,US,M,Data Engineering & Architecture
1082,2023,SE,FT,Applied Scientist,192000,USD,192000,US,100,US,M,Data Analyst / BI
1083,2022,SE,FT,Data Engineer,160395,USD,160395,US,100,US,M,Data Engineering & Architecture
1084,2024,SE,FT,Data Architect,165000,USD,165000,US,100,US,M,Data Engineering & Architecture
1085,2024,MI,FT,Data Engineer,154000,USD,154000,US,0,US,M,Data Engineering & Architecture
1086,2023,MI,FT,Machine Learning Engineer,125000,USD,125000,US,0,US,M,Machine Learning / Ai
1087,2024,SE,FT,Data Scientist,145000,USD,145000,US,100,US,M,Data Scientist
1088,2023,SE,FT,AI Architect,330000,USD,330000,US,0,US,M,Machine Learning / Ai
1089,2023,SE,FT,AI Engineer,106200,USD,106200,US,0,US,M,Machine Learning / Ai
1090,2024,SE,FT,Analytics Engineer,153018,USD,153018,US,0,US,M,Data Analyst / BI
1091,2023,SE,FT,Data Engineer,178500,USD,178500,US,0,US,M,Data Engineering & Architecture
1092,2023,SE,FT,Data Engineer,194000,USD,194000,US,0,US,M,Data Engineering & Architecture
1093,2023,SE,FT,Data Analyst,240500,USD,240500,US,0,US,M,Data Analyst / BI
1094,2023,SE,FT,Data Scientist,165000,USD,165000,US,0,US,M,Data Scientist
1095,2022,MI,FT,Data Engineer,120000,USD,120000,US,100,US,M,Data Engineering & Architecture
1096,2023,SE,FT,Data Analyst,140000,USD,140000,US,100,US,M,Data Analyst / BI
1097,2023,SE,FT,Machine Learning Engineer,130000,EUR,140358,DE,100,DE,M,Machine Learning / Ai
1098,2023,SE,FT,Business Intelligence Engineer,170000,USD,170000,US,0,US,M,Data Analyst / BI
1099,2024,SE,FT,AI Architect,197500,USD,197500,US,0,US,M,Machine Learning / Ai
1100,2024,SE,FT,Data Science Consultant,122000,USD,122000,US,0,US,M,Data Scientist
1101,2024,SE,FT,ETL Developer,99500,USD,99500,US,0,US,M,Data Engineering & Architecture
1102,2024,MI,FT,Business Intelligence,150000,USD,150000,US,0,US,M,Data Analyst / BI
1103,2023,SE,FT,Data Engineer,133300,USD,133300,US,0,US,M,Data Engineering & Architecture
1104,2023,SE,FT,Decision Scientist,204500,USD,204500,US,0,US,M,Data Analyst / BI
1105,2023,SE,FT,Data Analyst,75000,GBP,92280,GB,0,GB,M,Data Analyst / BI
1106,2023,SE,FT,Data Scientist,187000,USD,187000,US,100,US,M,Data Scientist
1107,2024,MI,FT,Data Scientist,162000,USD,162000,US,0,US,M,Data Scientist
1108,2022,SE,FT,Data Architect,190000,USD,190000,US,100,US,M,Data Engineering & Architecture
1109,2023,SE,FT,Analytics Engineer,235400,USD,235400,US,100,US,M,Data Analyst / BI
1110,2023,MI,FT,Data Engineer,100000,USD,100000,US,0,US,M,Data Engineering & Architecture
1111,2024,SE,FT,Analytics Engineer,140000,USD,140000,CA,0,CA,M,Data Analyst / BI
1112,2023,SE,FT,Data Scientist,166000,USD,166000,CA,100,CA,M,Data Scientist
1113,2023,SE,FT,Data Engineer,199000,USD,199000,US,0,US,M,Data Engineering & Architecture
1114,2023,SE,FT,Data Scientist,245000,USD,245000,US,100,US,M,Data Scientist
1115,2023,MI,FT,AI Engineer,225000,USD,225000,US,0,US,M,Machine Learning / Ai
1116,2023,SE,FT,Data Engineer,133800,USD,133800,US,0,US,M,Data Engineering & Architecture
1117,2023,SE,FT,Analytics Engineer,84000,USD,84000,US,0,US,M,Data Analyst / BI
1118,2024,EN,FT,Data Analyst,75065,USD,75065,US,100,US,M,Data Analyst / BI
1119,2023,SE,FT,Data Scientist,240000,USD,240000,US,100,US,M,Data Scientist
1120,2023,SE,FT,Data Architect,170000,USD,170000,US,100,US,M,Data Engineering & Architecture
1121,2023,SE,FT,Data Scientist,295490,USD,295490,US,0,US,M,Data Scientist
1122,2023,MI,FT,Machine Learning Engineer,135000,USD,135000,US,0,US,M,Machine Learning / Ai
1123,2024,EN,FT,Data Analyst,153000,USD,153000,US,100,US,M,Data Analyst / BI
1124,2023,SE,FT,Data Scientist,370000,USD,370000,US,0,US,M,Data Scientist
1125,2023,SE,FT,Data Operations Engineer,240000,USD,240000,US,0,US,M,Data Analyst / BI
1126,2023,MI,FT,Data Engineer,130000,USD,130000,US,100,US,M,Data Engineering & Architecture
1127,2024,SE,FT,Machine Learning Engineer,137500,USD,137500,US,0,US,M,Machine Learning / Ai
1128,2023,EX,FT,Head of Data,172200,USD,172200,US,0,US,M,Data Analyst / BI
1129,2022,MI,FT,Data Engineer,120000,USD,120000,US,0,US,M,Data Engineering & Architecture
1130,2023,SE,FT,Data Architect,90000,USD,90000,US,100,US,M,Data Engineering & Architecture
1131,2023,EN,FT,Data Analyst,75000,USD,75000,US,100,US,M,Data Analyst / BI
1132,2024,MI,FT,Data Science Practitioner,68400,USD,68400,US,0,US,M,Data Scientist
1133,2022,SE,FT,Data Scientist,159000,USD,159000,US,0,US,L,Data Scientist
1134,2022,SE,FT,Data Scientist,80000,GBP,98506,GB,0,GB,M,Data Scientist
1135,2023,SE,FT,BI Developer,167500,USD,167500,US,0,US,M,Data Analyst / BI
1136,2023,SE,FT,Data Architect,180000,USD,180000,US,100,US,M,Data Engineering & Architecture
1137,2023,EN,FT,Data Analyst,41419,USD,41419,US,100,US,M,Data Analyst / BI
1138,2023,SE,FT,Machine Learning Engineer,176000,USD,176000,US,0,US,M,Machine Learning / Ai
1139,2023,SE,FT,Data Analyst,153600,USD,153600,US,100,US,M,Data Analyst / BI
1140,2024,MI,FT,Data Engineer,158000,USD,158000,US,0,US,M,Data Engineering & Architecture
1141,2023,SE,FT,Computer Vision Engineer,210000,USD,210000,US,0,US,M,Machine Learning / Ai
1142,2024,SE,FT,Data Science,162000,USD,162000,US,0,US,M,Data Scientist
1143,2023,MI,FT,Data Analyst,110000,USD,110000,US,100,US,M,Data Analyst / BI
1144,2023,SE,FT,Research Scientist,163200,USD,163200,US,0,US,M,Research / Computational
1145,2024,SE,FT,Data Engineer,100000,USD,100000,US,0,US,M,Data Engineering & Architecture
1146,2024,MI,FT,Data Scientist,166000,USD,166000,US,0,US,M,Data Scientist
1147,2023,MI,FT,Machine Learning Engineer,75000,GBP,92280,GB,100,GB,M,Machine Learning / Ai
1148,2024,SE,FT,Data Engineer,180000,USD,180000,US,0,US,M,Data Engineering & Architecture
1149,2023,EN,FT,Data Engineer,187000,USD,187000,US,0,US,M,Data Engineering & Architecture
1150,2023,SE,FT,Machine Learning Engineer,191400,USD,191400,US,0,US,M,Machine Learning / Ai
1151,2023,SE,FT,Analytics Engineer,82920,USD,82920,US,100,US,M,Data Analyst / BI
1152,2023,SE,FT,Business Intelligence Analyst,198200,USD,198200,US,0,US,M,Data Analyst / BI
1153,2023,SE,FT,Applied Scientist,260000,USD,260000,US,0,US,L,Data Analyst / BI
1154,2023,MI,FT,Applied Scientist,222200,USD,222200,US,0,US,L,Data Analyst / BI
1155,2023,SE,FT,Research Engineer,196000,USD,196000,US,0,US,M,Research / Computational
1156,2024,SE,FT,Data Operations Specialist,55720,USD,55720,US,100,US,M,Data Analyst / BI
1157,2022,SE,FT,Data Engineer,135000,USD,135000,US,0,US,M,Data Engineering & Architecture
1158,2023,SE,FT,Data Engineer,275300,USD,275300,US,100,US,M,Data Engineering & Architecture
1159,2023,SE,FT,Data Scientist,121000,USD,121000,US,0,US,M,Data Scientist
1160,2023,SE,FT,Data Analyst,105000,USD,105000,US,0,US,M,Data Analyst / BI
1161,2023,SE,FT,Data Analyst,127000,USD,127000,US,100,US,M,Data Analyst / BI
1162,2023,SE,FT,Data Scientist,135000,USD,135000,US,0,US,M,Data Scientist
1163,2023,SE,FT,Data Scientist,171000,USD,171000,US,0,US,M,Data Scientist
1164,2023,SE,FT,Machine Learning Engineer,276000,USD,276000,US,0,US,M,Machine Learning / Ai
1165,2024,SE,FT,Machine Learning Engineer,258800,USD,258800,US,0,US,M,Machine Learning / Ai
1166,2024,EX,FT,Data Science,204000,USD,204000,US,0,US,M,Data Scientist
1167,2022,SE,FT,Machine Learning Engineer,204500,USD,204500,US,0,US,M,Machine Learning / Ai
1168,2023,SE,FT,Machine Learning Engineer,204600,USD,204600,US,0,US,M,Machine Learning / Ai
1169,2024,MI,FT,Data Scientist,85000,USD,85000,US,0,US,M,Data Scientist
1170,2024,MI,FT,Data Analyst,84000,USD,84000,US,0,US,M,Data Analyst / BI
1171,2022,SE,FT,Data Scientist,36000,EUR,37824,ES,0,ES,M,Data Scientist
1172,2022,SE,FT,ML Engineer,160000,USD,160000,US,0,US,M,Machine Learning / Ai
1173,2023,MI,FT,Data Engineer,169000,USD,169000,US,0,US,M,Data Engineering & Architecture
1174,2023,EN,FT,Data Engineer,160000,USD,160000,US,0,US,M,Data Engineering & Architecture
1175,2023,SE,FT,Research Scientist,205500,USD,205500,US,0,US,M,Research / Computational
1176,2023,SE,FT,Data Quality Engineer,121400,USD,121400,US,0,US,M,Data Analyst / BI
1177,2023,MI,FT,Research Scientist,125000,USD,125000,US,0,US,M,Research / Computational
1178,2023,SE,FT,Data Scientist,190000,USD,190000,US,100,US,M,Data Scientist
1179,2023,SE,FT,Data Scientist,214872,USD,214872,US,100,US,M,Data Scientist
1180,2024,SE,FT,Data Engineer,140000,USD,140000,US,100,US,M,Data Engineering & Architecture
1181,2024,MI,FT,Data Scientist,110000,USD,110000,US,0,US,M,Data Scientist
1182,2023,MI,FT,Data Analyst,95000,USD,95000,US,100,US,M,Data Analyst / BI
1183,2024,SE,FT,Analytics Engineer,96700,USD,96700,US,100,US,M,Data Analyst / BI
1184,2024,MI,FT,Data Engineer,162000,USD,162000,US,100,US,M,Data Engineering & Architecture
1185,2023,SE,FT,Data Scientist,93300,USD,93300,US,0,US,M,Data Scientist
1186,2023,SE,FT,Data Analyst,155000,USD,155000,US,0,US,M,Data Analyst / BI
1187,2024,MI,FT,AI Engineer,73100,USD,73100,US,0,US,M,Machine Learning / Ai
1188,2024,SE,FT,Data Engineer,130100,USD,130100,US,0,US,M,Data Engineering & Architecture
1189,2023,EN,FT,Data Analyst,39000,GBP,47985,US,0,US,M,Data Analyst / BI
1190,2022,SE,FT,Data Engineer,215000,USD,215000,US,0,US,M,Data Engineering & Architecture
1191,2023,SE,FT,Data Scientist,198200,USD,198200,US,100,US,M,Data Scientist
1192,2024,EN,FT,Data Analyst,64000,USD,64000,US,100,US,M,Data Analyst / BI
1193,2023,SE,FT,Analytics Engineer,209000,USD,209000,US,0,US,M,Data Analyst / BI
1194,2023,SE,FT,Machine Learning Engineer,122700,USD,122700,US,0,US,M,Machine Learning / Ai
1195,2023,SE,FT,Data Scientist,122700,USD,122700,US,0,US,M,Data Scientist
1196,2023,MI,FT,Data Scientist,90000,EUR,97171,IE,0,IE,M,Data Scientist
1197,2023,SE,FT,Data Engineer,163800,USD,163800,US,0,US,M,Data Engineering & Architecture
1198,2023,EN,FT,Data Analyst,55000,USD,55000,US,0,US,M,Data Analyst / BI
1199,2024,SE,FT,Analytics Engineer,92000,USD,92000,US,100,US,M,Data Analyst / BI
1200,2023,SE,FT,Machine Learning Engineer,73200,EUR,79032,LT,0,LT,M,Machine Learning / Ai
1201,2023,SE,FT,Data Scientist,125000,USD,125000,US,100,US,M,Data Scientist
1202,2024,SE,FT,Applied Scientist,209000,USD,209000,PL,100,PL,M,Data Analyst / BI
1203,2023,MI,FT,Applied Scientist,125000,USD,125000,US,0,US,M,Data Analyst / BI
1204,2024,MI,FT,Data Engineer,110000,USD,110000,US,100,US,M,Data Engineering & Architecture
1205,2023,MI,FT,Data Engineer,149600,USD,149600,US,0,US,M,Data Engineering & Architecture
1206,2023,MI,FT,Data Analyst,61800,USD,61800,US,100,US,M,Data Analyst / BI
1207,2023,SE,FT,Research Engineer,261500,USD,261500,US,0,US,L,Research / Computational
1208,2023,SE,FT,Business Intelligence Analyst,110600,USD,110600,US,0,US,M,Data Analyst / BI
1209,2023,SE,FT,Machine Learning Scientist,200000,USD,200000,US,0,US,M,Machine Learning / Ai
1210,2023,SE,FT,Data Scientist,234000,USD,234000,US,0,US,M,Data Scientist
1211,2022,SE,FT,Data Engineer,180000,USD,180000,US,0,US,M,Data Engineering & Architecture
1212,2022,MI,FT,Data Analyst,102640,USD,102640,US,100,US,M,Data Analyst / BI
1213,2023,SE,FT,Data Scientist,138000,USD,138000,US,0,US,M,Data Scientist
1214,2024,MI,FT,Data Engineer,132000,USD,132000,US,100,US,M,Data Engineering & Architecture
1215,2024,EN,FT,Data Engineer,115000,USD,115000,US,100,US,M,Data Engineering & Architecture
1216,2024,SE,FT,Data Engineer,205000,USD,205000,US,0,US,M,Data Engineering & Architecture
1217,2023,EX,FT,Analytics Engineer,200000,USD,200000,US,0,US,M,Data Analyst / BI
1218,2023,SE,FT,Data Engineer,205000,USD,205000,US,0,US,M,Data Engineering & Architecture
1219,2024,SE,FT,Machine Learning Engineer,216700,USD,216700,CA,100,CA,M,Machine Learning / Ai
1220,2022,SE,FT,Applied Machine Learning Scientist,108000,USD,108000,US,0,US,L,Machine Learning / Ai
1221,2023,SE,FT,Data Engineer,252000,USD,252000,US,100,US,M,Data Engineering & Architecture
1222,2024,SE,FT,Data Engineer,137500,USD,137500,US,0,US,M,Data Engineering & Architecture
1223,2024,MI,FT,Data Engineer,123000,USD,123000,US,0,US,M,Data Engineering & Architecture
1224,2023,SE,FT,Applied Scientist,196000,USD,196000,US,100,US,M,Data Analyst / BI
1225,2023,SE,FT,Machine Learning Engineer,226600,USD,226600,US,0,US,M,Machine Learning / Ai
1226,2023,SE,FT,Data Engineer,158620,USD,158620,US,0,US,M,Data Engineering & Architecture
1227,2023,SE,FT,Data Engineer,68637,USD,68637,US,100,US,M,Data Engineering & Architecture
1228,2023,SE,FT,Research Scientist,235000,USD,235000,US,100,US,M,Research / Computational
1229,2023,SE,FT,Data Analyst,125000,USD,125000,US,100,US,M,Data Analyst / BI
1230,2023,MI,FT,Data Analyst,40000,GBP,49216,GB,0,GB,M,Data Analyst / BI
1231,2023,SE,FT,Data Scientist,185000,USD,185000,US,0,US,M,Data Scientist
1232,2022,SE,FT,Data Scientist,81500,USD,81500,US,0,US,M,Data Scientist
1233,2024,MI,CT,Data Analyst Lead,200000,NZD,125000,NZ,50,NZ,S,Data Analyst / BI
1234,2023,MI,FT,Research Scientist,155000,USD,155000,US,0,US,M,Research / Computational
1235,2023,MI,FT,Data Engineer,62000,EUR,66940,ES,100,ES,M,Data Engineering & Architecture
1236,2023,MI,FT,Data Engineer,190000,USD,190000,CA,100,CA,M,Data Engineering & Architecture
1237,2023,SE,FT,Data Scientist,167500,USD,167500,US,0,US,M,Data Scientist
1238,2023,MI,FT,Data Engineer,260000,USD,260000,US,0,US,M,Data Engineering & Architecture
1239,2023,SE,FT,Data Science,86000,USD,86000,US,0,US,M,Data Scientist
1240,2024,MI,FT,Machine Learning Engineer,175000,USD,175000,US,0,US,M,Machine Learning / Ai
1241,2023,SE,FT,Data Engineer,128000,USD,128000,US,100,US,M,Data Engineering & Architecture
1242,2023,SE,FT,Data Analyst,165000,USD,165000,US,100,US,M,Data Analyst / BI
1243,2023,SE,FT,Business Intelligence Engineer,241300,USD,241300,US,0,US,L,Data Analyst / BI
1244,2024,SE,FT,Data Scientist,155600,USD,155600,US,0,US,M,Data Scientist
1245,2023,SE,FT,Research Scientist,165000,USD,165000,US,0,US,M,Research / Computational
1246,2024,MI,FT,Data Analyst,70000,USD,70000,US,0,US,M,Data Analyst / BI
1247,2023,SE,FT,Data Scientist,156000,USD,156000,US,100,US,M,Data Scientist
1248,2023,SE,FT,Data Engineer,170000,USD,170000,US,0,US,M,Data Engineering & Architecture
1249,2023,MI,FT,Data Science Lead,134326,USD,134326,US,0,US,M,Data Scientist
1250,2023,SE,FT,Data Architect,193000,USD,193000,US,100,US,M,Data Engineering & Architecture
1251,2024,SE,FT,Research Scientist,146000,USD,146000,US,0,US,M,Research / Computational
1252,2023,SE,FT,Data Scientist,186300,USD,186300,US,100,US,M,Data Scientist
1253,2024,SE,FT,Data Architect,115000,USD,115000,US,0,US,M,Data Engineering & Architecture
1254,2024,SE,FT,Data Engineer,190100,USD,190100,US,100,US,M,Data Engineering & Architecture
1255,2024,EN,FT,Insight Analyst,50000,USD,50000,US,100,US,M,Data Analyst / BI
1256,2023,SE,FT,Data Modeler,147100,USD,147100,US,0,US,M,Data Engineering & Architecture
1257,2023,SE,FT,Data Science,115000,USD,115000,US,0,US,M,Data Scientist
1258,2022,SE,FT,Data Architect,131300,USD,131300,US,100,US,L,Data Engineering & Architecture
1259,2023,SE,FT,Data Engineer,107600,USD,107600,US,0,US,M,Data Engineering & Architecture
1260,2023,SE,FT,Data Analyst,100000,USD,100000,US,100,US,M,Data Analyst / BI
1261,2023,MI,FT,Data Manager,115500,USD,115500,US,0,US,M,Data Analyst / BI
1262,2024,MI,FT,Machine Learning Operations Engineer,160000,USD,160000,US,0,US,M,DevOps / MLOps
1263,2024,EN,FT,Data Analyst,106960,USD,106960,US,0,US,M,Data Analyst / BI
1264,2024,SE,FT,Data Analyst,153900,USD,153900,US,0,US,M,Data Analyst / BI
1265,2024,EX,FT,Head of Data,250000,USD,250000,US,100,US,M,Data Analyst / BI
1266,2023,SE,FT,Data Analyst,115934,USD,115934,US,100,US,M,Data Analyst / BI
1267,2024,SE,FT,Business Intelligence,100000,USD,100000,US,0,US,M,Data Analyst / BI
1268,2023,SE,FT,Data Engineer,269100,USD,269100,US,0,US,M,Data Engineering & Architecture
1269,2023,SE,FT,Machine Learning Engineer,204000,USD,204000,US,0,US,M,Machine Learning / Ai
1270,2024,SE,FT,Applied Scientist,290000,USD,290000,US,100,US,M,Data Analyst / BI
1271,2024,SE,FT,Machine Learning Engineer,250000,USD,250000,US,0,US,M,Machine Learning / Ai
1272,2024,MI,FT,Data Analytics Manager,68637,USD,68637,US,0,US,M,Data Analyst / BI
1273,2023,SE,FT,Data Engineer,94000,USD,94000,US,0,US,M,Data Engineering & Architecture
1274,2024,MI,FT,Business Intelligence Engineer,65000,USD,65000,US,100,US,M,Data Analyst / BI
1275,2022,SE,FT,Data Analyst,110000,USD,110000,US,100,US,M,Data Analyst / BI
1276,2022,SE,FT,Data Scientist,154000,USD,154000,US,0,US,M,Data Scientist
1277,2024,SE,FT,Data Scientist,162000,USD,162000,US,0,US,M,Data Scientist
1278,2023,SE,FT,Data Scientist,231250,USD,231250,US,0,US,M,Data Scientist
1279,2022,SE,FT,Data Scientist,104000,USD,104000,US,100,US,M,Data Scientist
1280,2023,MI,FT,Data Analyst,100000,USD,100000,US,0,US,M,Data Analyst / BI
1281,2023,SE,FT,Data Analyst,73500,USD,73500,US,100,US,M,Data Analyst / BI
1282,2023,SE,FT,Data Analyst,93500,USD,93500,US,100,US,M,Data Analyst / BI
1283,2023,MI,FT,Analytics Engineer,50000,GBP,61520,GB,0,GB,M,Data Analyst / BI
1284,2022,MI,FT,Data Analyst,30000,GBP,36940,GB,100,GB,M,Data Analyst / BI
1285,2024,EN,FT,Data Analyst,101000,USD,101000,US,0,US,M,Data Analyst / BI
1286,2023,SE,FT,Data Scientist,120000,USD,120000,US,0,US,M,Data Scientist
1287,2021,EN,FT,Machine Learning Research Engineer,20000,USD,20000,FR,50,FR,M,Research / Computational
1288,2024,SE,FT,Data Engineer,118000,USD,118000,US,0,US,M,Data Engineering & Architecture
1289,2023,MI,FT,Machine Learning Engineer,80000,GBP,98432,GB,0,GB,M,Machine Learning / Ai
1290,2024,MI,FT,Data Analytics Manager,145400,USD,145400,US,0,US,M,Data Analyst / BI
1291,2022,SE,FT,Data Engineer,215000,USD,215000,US,100,US,M,Data Engineering & Architecture
1292,2023,SE,FT,ETL Developer,113000,USD,113000,US,100,US,M,Data Engineering & Architecture
1293,2024,SE,FT,Business Intelligence Engineer,108500,USD,108500,US,100,US,M,Data Analyst / BI
1294,2023,SE,FT,Machine Learning Infrastructure Engineer,150000,USD,150000,US,0,US,M,Machine Learning / Ai
1295,2023,EX,FT,Data Engineer,130000,USD,130000,US,0,US,M,Data Engineering & Architecture
1296,2022,SE,FT,Data Scientist,129300,USD,129300,US,0,US,M,Data Scientist
1297,2022,MI,FT,Data Engineer,175000,USD,175000,US,0,US,M,Data Engineering & Architecture
1298,2024,SE,FT,Data Engineer,247300,USD,247300,US,0,US,M,Data Engineering & Architecture
1299,2023,EX,FT,Data Science Manager,140100,USD,140100,US,0,US,L,Data Scientist
1300,2024,SE,FT,Data Scientist,225000,USD,225000,CA,0,CA,M,Data Scientist
1301,2023,MI,FT,Data Scientist,123740,USD,123740,US,0,US,M,Data Scientist
1302,2024,MI,FT,Data Scientist,240000,USD,240000,US,0,US,M,Data Scientist
1303,2024,MI,FT,Data Engineer,40000,GBP,50000,GB,0,GB,M,Data Engineering & Architecture
1304,2024,SE,FT,Data Scientist,184800,USD,184800,US,0,US,M,Data Scientist
1305,2024,SE,FT,Data Analyst,207300,USD,207300,US,0,US,M,Data Analyst / BI
1306,2024,MI,FT,Business Intelligence Analyst,120672,USD,120672,US,0,US,M,Data Analyst / BI
1307,2023,SE,FT,Data Science Consultant,157550,USD,157550,US,0,US,M,Data Scientist
1308,2024,SE,FT,Research Scientist,245000,USD,245000,US,0,US,M,Research / Computational
1309,2023,MI,FT,Data Manager,100000,USD,100000,US,0,US,M,Data Analyst / BI
1310,2023,SE,FT,Data Manager,168400,USD,168400,US,0,US,M,Data Analyst / BI
1311,2023,SE,FT,Data Scientist,182250,USD,182250,US,0,US,M,Data Scientist
1312,2022,SE,FT,Data Science Consultant,122000,USD,122000,US,0,US,M,Data Scientist
1313,2023,SE,FT,Data Scientist,126500,USD,126500,US,0,US,M,Data Scientist
1314,2024,SE,FT,Data Scientist,174500,USD,174500,US,100,US,M,Data Scientist
1315,2023,SE,FT,Machine Learning Engineer,139500,USD,139500,US,0,US,M,Machine Learning / Ai
1316,2023,SE,FT,Data Engineer,221000,USD,221000,US,0,US,M,Data Engineering & Architecture
1317,2023,SE,FT,Data Scientist,201450,USD,201450,US,100,US,M,Data Scientist
1318,2024,SE,FT,Data Engineer,127000,USD,127000,CA,0,CA,M,Data Engineering & Architecture
1319,2023,MI,FT,Data Engineer,48000,EUR,51824,FR,100,FR,M,Data Engineering & Architecture
1320,2024,SE,FT,Data Scientist,123000,USD,123000,US,0,US,M,Data Scientist
1321,2023,MI,FT,Data Analyst,65000,USD,65000,US,0,US,M,Data Analyst / BI
1322,2024,SE,FT,Business Intelligence,150000,USD,150000,US,0,US,M,Data Analyst / BI
1323,2024,MI,FT,Data Engineer,92000,USD,92000,US,0,US,M,Data Engineering & Architecture
1324,2024,SE,FT,Data Analytics Lead,239300,USD,239300,US,0,US,M,Data Analyst / BI
1325,2024,MI,FT,Data Engineer,98000,USD,98000,US,0,US,M,Data Engineering & Architecture
1326,2024,SE,FT,Research Engineer,150000,USD,150000,US,0,US,M,Research / Computational
1327,2023,SE,FT,Machine Learning Engineer,208000,USD,208000,US,100,US,M,Machine Learning / Ai
1328,2023,SE,FT,Data Scientist,157500,USD,157500,US,100,US,M,Data Scientist
1329,2023,SE,FT,Data Engineer,180000,USD,180000,US,0,US,M,Data Engineering & Architecture
1330,2023,SE,FT,Machine Learning Engineer,127876,USD,127876,US,0,US,M,Machine Learning / Ai
1331,2023,MI,FT,Data Scientist,111024,CAD,82254,CA,100,CA,L,Data Scientist
1332,2022,MI,FT,Data Engineer,90000,GBP,110820,GB,0,GB,M,Data Engineering & Architecture
1333,2024,SE,FT,Business Intelligence,175000,USD,175000,US,0,US,M,Data Analyst / BI
1334,2023,SE,FT,Data Modeler,140000,USD,140000,US,0,US,M,Data Engineering & Architecture
1335,2022,EX,FT,Analytics Engineer,157000,USD,157000,US,100,US,M,Data Analyst / BI
1336,2023,SE,FT,Data Scientist,136000,USD,136000,US,100,US,M,Data Scientist
1337,2023,MI,FT,Data Analyst,53000,USD,53000,US,100,US,M,Data Analyst / BI
1338,2023,SE,FT,Data Engineer,76050,USD,76050,ZA,0,ZA,M,Data Engineering & Architecture
1339,2023,SE,FT,Research Scientist,127300,USD,127300,US,0,US,L,Research / Computational
1340,2024,MI,FT,Robotics Engineer,90000,USD,90000,US,0,US,M,Machine Learning / Ai
1341,2022,EN,FT,Data Analyst,46000,USD,46000,US,100,US,L,Data Analyst / BI
1342,2024,SE,FT,Data Analyst,155000,USD,155000,CA,0,CA,M,Data Analyst / BI
1343,2023,SE,FT,Data Analyst,51962,USD,51962,US,100,US,M,Data Analyst / BI
1344,2023,SE,FT,Data Engineer,138750,USD,138750,US,100,US,M,Data Engineering & Architecture
1345,2024,SE,FT,Machine Learning Engineer,93300,USD,93300,EG,0,EG,M,Machine Learning / Ai
1346,2023,SE,FT,Research Engineer,115607,USD,115607,US,0,US,M,Research / Computational
1347,2024,EN,FT,Research Analyst,250000,USD,250000,US,0,US,M,Research / Computational
1348,2023,SE,FT,Data Science Consultant,131100,USD,131100,US,0,US,M,Data Scientist
1349,2023,SE,FT,Machine Learning Engineer,212500,USD,212500,US,0,US,M,Machine Learning / Ai
1350,2024,SE,FT,Data Scientist,132000,USD,132000,US,0,US,M,Data Scientist
1351,2023,SE,FT,Data Analyst,108000,USD,108000,US,100,US,M,Data Analyst / BI
1352,2023,SE,FT,Machine Learning Infrastructure Engineer,127300,USD,127300,US,0,US,M,Machine Learning / Ai
1353,2023,SE,FT,Business Intelligence Engineer,185000,USD,185000,US,0,US,L,Data Analyst / BI
1354,2023,EN,FT,Data Scientist,150000,PLN,34924,TR,0,PL,M,Data Scientist
1355,2024,SE,FT,Data Scientist,185400,USD,185400,US,0,US,M,Data Scientist
1356,2022,EN,FT,Data Analyst,48000,USD,48000,US,0,US,M,Data Analyst / BI
1357,2022,MI,FT,Analytics Engineer,60000,GBP,73880,GB,0,GB,M,Data Analyst / BI
1358,2023,MI,FT,Data Engineer,120000,USD,120000,US,0,US,M,Data Engineering & Architecture
1359,2023,SE,FT,Data Scientist,211000,USD,211000,US,100,US,M,Data Scientist
1360,2023,SE,FT,Research Scientist,165500,USD,165500,US,100,US,M,Research / Computational
1361,2023,SE,FT,Machine Learning Engineer,176300,USD,176300,US,100,US,M,Machine Learning / Ai
1362,2023,SE,FT,Data Architect,193000,USD,193000,US,0,US,M,Data Engineering & Architecture
1363,2024,SE,FT,Data Analyst,105000,USD,105000,US,0,US,M,Data Analyst / BI
1364,2023,SE,FT,Data Engineer,146115,USD,146115,US,100,US,M,Data Engineering & Architecture
1365,2024,SE,FT,Data Scientist,220000,USD,220000,US,0,US,M,Data Scientist
1366,2023,SE,FT,ML Engineer,220000,USD,220000,US,0,US,M,Machine Learning / Ai
1367,2024,MI,FT,Data Analytics Consultant,57500,USD,57500,US,100,US,M,Data Analyst / BI
1368,2024,SE,FT,Data Architect,64200,USD,64200,US,0,US,M,Data Engineering & Architecture
1369,2023,MI,FT,Data Engineer,112000,USD,112000,US,0,US,M,Data Engineering & Architecture
1370,2023,SE,FT,Data Analyst,106020,USD,106020,US,0,US,M,Data Analyst / BI
1371,2023,SE,FT,Data Manager,233500,USD,233500,US,0,US,M,Data Analyst / BI
1372,2023,SE,FT,Machine Learning Engineer,194100,USD,194100,US,0,US,M,Machine Learning / Ai
1373,2023,MI,FT,Business Intelligence Manager,166500,USD,166500,US,0,US,M,Data Analyst / BI
1374,2024,MI,FT,BI Analyst,70000,USD,70000,US,100,US,M,Data Analyst / BI
1375,2022,SE,FT,Analytics Engineer,138750,USD,138750,US,100,US,M,Data Analyst / BI
1376,2022,MI,FT,Data Analyst,40000,GBP,49253,GB,100,GB,M,Data Analyst / BI
1377,2023,SE,FT,Business Intelligence Engineer,79600,USD,79600,US,0,US,L,Data Analyst / BI
1378,2023,SE,FT,Business Intelligence Developer,169000,USD,169000,US,0,US,M,Data Analyst / BI
1379,2024,SE,FT,Data Engineer,50000,GBP,62500,GB,0,GB,M,Data Engineering & Architecture
1380,2023,MI,FT,Data Engineer,185000,USD,185000,US,100,US,M,Data Engineering & Architecture
1381,2023,MI,FT,Data Engineer,184000,USD,184000,US,0,US,M,Data Engineering & Architecture
1382,2023,EX,FT,Data Engineer,123471,USD,123471,GB,100,GB,M,Data Engineering & Architecture
1383,2023,SE,FT,Machine Learning Engineer,323300,USD,323300,US,0,US,M,Machine Learning / Ai
1384,2024,MI,FT,ML Engineer,110000,USD,110000,US,0,US,M,Machine Learning / Ai
1385,2023,MI,FT,Data Scientist,116990,USD,116990,US,100,US,M,Data Scientist
1386,2024,SE,FT,Data Scientist,147500,USD,147500,US,100,US,M,Data Scientist
1387,2023,SE,FT,Data Engineer,132624,USD,132624,US,100,US,M,Data Engineering & Architecture
1388,2023,SE,FT,Data Engineer,145000,USD,145000,US,0,US,M,Data Engineering & Architecture
1389,2023,SE,FT,Computer Vision Engineer,351000,USD,351000,US,0,US,M,Machine Learning / Ai
1390,2023,SE,FT,Data Engineer,124740,USD,124740,US,0,US,M,Data Engineering & Architecture
1391,2022,EN,FL,Data Analytics Consultant,50000,USD,50000,BE,100,US,S,Data Analyst / BI
1392,2023,SE,FT,Data Engineer,186000,USD,186000,US,0,US,M,Data Engineering & Architecture
1393,2023,SE,FT,Data Engineer,252000,USD,252000,US,0,US,M,Data Engineering & Architecture
1394,2024,SE,FT,Machine Learning Engineer,180000,USD,180000,US,0,US,M,Machine Learning / Ai
1395,2023,SE,FT,Data Scientist,170000,USD,170000,US,100,US,M,Data Scientist
1396,2024,EN,FT,Research Analyst,84068,USD,84068,US,0,US,M,Research / Computational
1397,2023,SE,FT,Data Engineer,81500,USD,81500,US,0,US,M,Data Engineering & Architecture
1398,2023,SE,FT,Machine Learning Engineer,240000,USD,240000,US,0,US,M,Machine Learning / Ai
1399,2023,SE,FT,Research Scientist,202350,USD,202350,US,0,US,M,Research / Computational
1400,2023,EN,FT,Data Engineer,120000,USD,120000,US,0,US,M,Data Engineering & Architecture
1401,2024,SE,FT,Data Engineer,173000,USD,173000,US,100,US,M,Data Engineering & Architecture
1402,2023,SE,FT,Data Scientist,36000,EUR,38868,ES,0,ES,M,Data Scientist
1403,2023,MI,FT,Data Analyst,39000,EUR,42107,DE,50,DE,M,Data Analyst / BI
1404,2023,SE,FT,Research Engineer,200000,USD,200000,US,0,US,M,Research / Computational
1405,2023,EN,FT,Data Analyst,85000,USD,85000,US,100,US,M,Data Analyst / BI
1406,2024,MI,FT,Data Engineer,106800,USD,106800,US,0,US,M,Data Engineering & Architecture
1407,2023,SE,FT,Business Intelligence Engineer,108500,USD,108500,US,100,US,M,Data Analyst / BI
1408,2024,MI,FT,Data Science Manager,180000,USD,180000,US,0,US,M,Data Scientist
1409,2024,SE,FT,Business Intelligence Engineer,78800,USD,78800,US,100,US,M,Data Analyst / BI
1410,2023,SE,FT,Data Engineer,171250,USD,171250,US,0,US,M,Data Engineering & Architecture
1411,2024,SE,FT,Analytics Engineer,132100,USD,132100,US,100,US,M,Data Analyst / BI
1412,2024,MI,FT,Data Engineer,143000,USD,143000,US,0,US,M,Data Engineering & Architecture
1413,2023,MI,FT,Research Engineer,100000,USD,100000,US,0,US,M,Research / Computational
1414,2023,EN,FT,Research Scientist,252990,USD,252990,US,100,US,M,Research / Computational
1415,2024,SE,FT,Data Science Consultant,109000,USD,109000,US,0,US,M,Data Scientist
1416,2024,MI,FT,Research Engineer,120000,USD,120000,US,0,US,M,Research / Computational
1417,2024,SE,FT,Data Scientist,200000,USD,200000,US,0,US,M,Data Scientist
1418,2023,SE,FT,Machine Learning Engineer,140000,USD,140000,US,0,US,M,Machine Learning / Ai
1419,2024,SE,FT,Data Analyst,145000,USD,145000,US,100,US,M,Data Analyst / BI
1420,2023,MI,FT,Data Analyst,123000,USD,123000,US,100,US,M,Data Analyst / BI
1421,2024,EN,FT,Data Analyst,180700,USD,180700,US,0,US,M,Data Analyst / BI
1422,2023,SE,FT,Machine Learning Engineer,148594,USD,148594,US,0,US,M,Machine Learning / Ai
1423,2023,SE,FT,Data Architect,175000,USD,175000,US,100,US,M,Data Engineering & Architecture
1424,2023,SE,FT,Machine Learning Engineer,165000,USD,165000,US,100,US,M,Machine Learning / Ai
1425,2023,SE,FT,Machine Learning Software Engineer,189000,USD,189000,US,0,US,M,Machine Learning / Ai
1426,2023,SE,FT,AI Engineer,136800,USD,136800,US,0,US,M,Machine Learning / Ai
1427,2023,SE,FT,Data Engineer,175000,USD,175000,US,100,US,M,Data Engineering & Architecture
1428,2024,EN,FT,Data Science,86900,USD,86900,US,0,US,M,Data Scientist
1429,2023,SE,FT,Data Engineer,81500,USD,81500,US,100,US,M,Data Engineering & Architecture
1430,2023,MI,FT,Data Engineer,123000,USD,123000,US,0,US,M,Data Engineering & Architecture
1431,2024,SE,FT,Machine Learning Engineer,215000,USD,215000,US,0,US,M,Machine Learning / Ai
1432,2023,MI,FT,Machine Learning Engineer,150000,USD,150000,US,0,US,M,Machine Learning / Ai
1433,2023,SE,FT,Machine Learning Engineer,238000,USD,238000,US,0,US,M,Machine Learning / Ai
1434,2024,SE,FT,Data Scientist,161500,USD,161500,US,0,US,M,Data Scientist
1435,2023,MI,FT,Data Analyst,98873,USD,98873,US,0,US,M,Data Analyst / BI
1436,2023,SE,FT,Data Scientist,194500,USD,194500,US,0,US,M,Data Scientist
1437,2023,SE,FT,Data Engineer,161000,USD,161000,US,0,US,M,Data Engineering & Architecture
1438,2023,SE,FT,BI Data Analyst,67000,EUR,72338,DE,100,DE,M,Data Analyst / BI
1439,2023,SE,FT,Data Engineer,105200,USD,105200,US,0,US,M,Data Engineering & Architecture
1440,2022,SE,FT,Data Engineer,300000,USD,300000,US,0,US,M,Data Engineering & Architecture
1441,2023,SE,FT,Data Analytics Lead,115920,USD,115920,US,0,US,M,Data Analyst / BI
1442,2023,SE,FT,Analytics Engineer,120000,USD,120000,US,0,US,M,Data Analyst / BI
1443,2024,MI,FT,Data Strategist,134400,USD,134400,US,0,US,M,Data Analyst / BI
1444,2023,SE,FT,Machine Learning Scientist,180514,USD,180514,US,100,US,M,Machine Learning / Ai
1445,2023,MI,FT,Data Manager,120000,USD,120000,US,0,US,M,Data Analyst / BI
1446,2024,SE,FT,Machine Learning Engineer,267900,USD,267900,US,0,US,M,Machine Learning / Ai
1447,2024,SE,FT,Data Scientist,175000,USD,175000,US,100,US,M,Data Scientist
1448,2023,SE,FT,Data Engineer,146000,USD,146000,US,0,US,M,Data Engineering & Architecture
1449,2024,SE,FT,Data Engineer,113000,USD,113000,US,0,US,M,Data Engineering & Architecture
1450,2024,SE,FT,Data Scientist,111500,USD,111500,US,0,US,M,Data Scientist
1451,2023,SE,FT,Data Engineer,129300,USD,129300,US,0,US,M,Data Engineering & Architecture
1452,2023,MI,FT,Data Scientist,130410,USD,130410,US,0,US,M,Data Scientist
1453,2024,MI,FT,Data Engineer,70000,USD,70000,US,0,US,M,Data Engineering & Architecture
1454,2022,MI,FT,Data Analyst,50000,GBP,61566,GB,0,GB,M,Data Analyst / BI
1455,2023,MI,FT,Applied Scientist,250000,USD,250000,US,0,US,M,Data Analyst / BI
1456,2023,SE,FT,Data Analyst,206000,USD,206000,US,0,US,M,Data Analyst / BI
1457,2023,SE,FT,Data Analyst,122000,USD,122000,US,0,US,M,Data Analyst / BI
1458,2023,SE,FT,Data Analyst,143520,USD,143520,US,0,US,M,Data Analyst / BI
1459,2024,SE,FT,Machine Learning Scientist,220000,USD,220000,US,0,US,M,Machine Learning / Ai
1460,2023,SE,FT,Data Manager,100000,USD,100000,US,0,US,M,Data Analyst / BI
1461,2023,SE,FT,ML Engineer,165400,USD,165400,US,0,US,M,Machine Learning / Ai
1462,2023,EX,FT,Data Scientist,185000,USD,185000,US,0,US,M,Data Scientist
1463,2023,EN,FT,Data Analyst,50000,USD,50000,US,100,US,M,Data Analyst / BI
1464,2024,MI,FT,Robotics Software Engineer,198000,USD,198000,US,0,US,M,Machine Learning / Ai
1465,2023,MI,FT,Analytics Engineer,700000,USD,700000,US,100,US,M,Data Analyst / BI
1466,2022,SE,FT,Data Architect,63000,USD,63000,US,0,US,M,Data Engineering & Architecture
1467,2023,SE,FT,Data Engineer,178500,USD,178500,US,100,US,M,Data Engineering & Architecture
1468,2023,EX,FT,Data Scientist,228856,USD,228856,GB,100,GB,M,Data Scientist
1469,2023,MI,FT,Data Science Lead,185900,USD,185900,US,0,US,M,Data Scientist
1470,2023,SE,FT,Data Scientist,139000,USD,139000,US,0,US,M,Data Scientist
1471,2022,SE,FT,Data Engineer,105700,USD,105700,US,0,US,L,Data Engineering & Architecture
1472,2023,MI,FT,Data Scientist,128750,USD,128750,US,0,US,M,Data Scientist
1473,2024,SE,FT,Data Engineer,115000,USD,115000,US,0,US,M,Data Engineering & Architecture
1474,2024,SE,FT,Research Scientist,151900,USD,151900,US,0,US,M,Research / Computational
1475,2024,MI,FT,Analytics Engineer,221500,USD,221500,US,0,US,M,Data Analyst / BI
1476,2023,MI,FT,MLOps Engineer,124000,USD,124000,US,100,US,M,DevOps / MLOps
1477,2023,SE,FT,Machine Learning Modeler,204500,USD,204500,US,0,US,M,Machine Learning / Ai
1478,2023,SE,FT,Data Engineer,167200,USD,167200,US,100,US,M,Data Engineering & Architecture
1479,2023,SE,FT,Data Engineer,204500,USD,204500,US,0,US,M,Data Engineering & Architecture
1480,2024,EX,FT,Data Analyst,50000,GBP,62500,GB,0,GB,M,Data Analyst / BI
1481,2023,MI,FT,Data Engineer,69000,USD,69000,US,0,US,M,Data Engineering & Architecture
1482,2023,EX,FT,Director of Data Science,201900,USD,201900,US,0,US,M,Data Scientist
1483,2023,SE,FT,Business Intelligence Developer,110600,USD,110600,US,0,US,M,Data Analyst / BI
1484,2023,SE,FT,Data Scientist,106800,USD,106800,US,0,US,M,Data Scientist
1485,2024,MI,FT,Data Science,66000,USD,66000,US,0,US,M,Data Scientist
1486,2024,SE,FT,Data Engineer,240500,USD,240500,US,0,US,L,Data Engineering & Architecture
1487,2023,MI,FT,Analytics Engineer,116480,USD,116480,US,0,US,M,Data Analyst / BI
1488,2022,SE,FT,Data Engineer,105200,USD,105200,US,0,US,M,Data Engineering & Architecture
1489,2022,SE,FT,Data Scientist,153000,USD,153000,US,100,US,M,Data Scientist
1490,2023,MI,FT,Machine Learning Engineer,106720,USD,106720,US,0,US,M,Machine Learning / Ai
1491,2022,SE,FT,Data Analyst,99450,USD,99450,US,100,US,M,Data Analyst / BI
1492,2023,MI,FT,Data Engineer,110000,USD,110000,FR,100,FR,M,Data Engineering & Architecture
1493,2022,SE,FT,Machine Learning Engineer,164000,USD,164000,US,100,US,M,Machine Learning / Ai
1494,2023,SE,FT,Data Analyst,95000,USD,95000,US,0,US,M,Data Analyst / BI
1495,2024,SE,FT,Data Lead,60860,GBP,76075,US,0,US,M,Data Analyst / BI
1496,2023,SE,FT,Data Analyst,52000,EUR,56143,ES,100,ES,M,Data Analyst / BI
1497,2024,MI,FT,Data Analyst,149000,USD,149000,US,100,US,M,Data Analyst / BI
1498,2023,SE,FT,Data Engineer,290000,USD,290000,US,100,US,M,Data Engineering & Architecture
1499,2024,SE,FT,Data Architect,400000,USD,400000,US,100,US,M,Data Engineering & Architecture
1500,2024,MI,FT,Data Scientist,106500,USD,106500,US,100,US,M,Data Scientist
1501,2023,SE,FT,Machine Learning Engineer,300000,USD,300000,US,0,US,M,Machine Learning / Ai
1502,2023,EN,FT,Data Analyst,105000,USD,105000,US,0,US,M,Data Analyst / BI
1503,2023,SE,FT,Data Scientist,236160,USD,236160,US,100,US,M,Data Scientist
1504,2023,SE,FT,Data Engineer,121000,USD,121000,US,0,US,M,Data Engineering & Architecture
1505,2022,SE,FT,Data Engineer,130000,USD,130000,US,0,US,M,Data Engineering & Architecture
1506,2024,EX,FT,Data Engineer,168854,USD,168854,US,0,US,M,Data Engineering & Architecture
1507,2023,SE,FT,Data Engineer,250000,USD,250000,US,0,US,M,Data Engineering & Architecture
1508,2023,MI,FT,Data Scientist,137500,USD,137500,US,0,US,M,Data Scientist
1509,2023,SE,FT,Machine Learning Engineer,262000,USD,262000,US,0,US,M,Machine Learning / Ai
1510,2023,MI,FT,Machine Learning Software Engineer,217600,USD,217600,US,0,US,M,Machine Learning / Ai
1511,2023,MI,FT,Data Engineer,70000,USD,70000,US,100,US,M,Data Engineering & Architecture
1512,2023,MI,FT,Data Scientist,147400,USD,147400,US,0,US,M,Data Scientist
1513,2023,SE,FT,Applied Scientist,164000,USD,164000,US,100,US,M,Data Analyst / BI
1514,2023,MI,FT,Business Intelligence Analyst,120000,USD,120000,US,100,US,M,Data Analyst / BI
1515,2023,SE,FT,Research Engineer,189110,USD,189110,US,0,US,M,Research / Computational
1516,2023,SE,FT,Data Scientist,167310,USD,167310,US,0,US,M,Data Scientist
1517,2023,SE,FT,Data Scientist,167200,USD,167200,US,100,US,M,Data Scientist
1518,2023,SE,FT,Data Engineer,139700,USD,139700,US,0,US,M,Data Engineering & Architecture
1519,2023,SE,FT,Data Scientist,70000,USD,70000,US,0,US,M,Data Scientist
1520,2024,EX,FT,Head of Machine Learning,438000,USD,438000,US,0,US,M,Machine Learning / Ai
1521,2023,MI,FT,Data Analytics Manager,155000,USD,155000,US,0,US,M,Data Analyst / BI
1522,2024,MI,FT,Data Analyst,73100,USD,73100,US,0,US,M,Data Analyst / BI
1523,2023,SE,FT,Data Scientist,185000,USD,185000,US,100,US,M,Data Scientist
1524,2024,MI,FT,Data Engineer,61600,USD,61600,US,0,US,M,Data Engineering & Architecture
1525,2024,EX,FT,Data Science,97254,USD,97254,US,0,US,M,Data Scientist
1526,2023,MI,FT,Data Analyst,43000,EUR,46426,SI,0,SI,M,Data Analyst / BI
1527,2023,MI,FT,Data Engineer,170000,USD,170000,US,100,US,M,Data Engineering & Architecture
1528,2023,SE,FT,Machine Learning Modeler,142200,USD,142200,US,0,US,M,Machine Learning / Ai
1529,2024,MI,FT,Data Science,120000,USD,120000,US,100,US,M,Data Scientist
1530,2023,SE,FT,Machine Learning Engineer,212800,USD,212800,US,0,US,M,Machine Learning / Ai
1531,2023,SE,FT,Data Scientist,150000,USD,150000,US,0,US,M,Data Scientist
1532,2023,SE,FT,Data Engineer,245000,USD,245000,US,0,US,M,Data Engineering & Architecture
1533,2022,MI,FT,Data Scientist,2500000,INR,31795,IN,100,US,M,Data Scientist
1534,2023,SE,FT,Data Engineer,225000,USD,225000,US,100,US,M,Data Engineering & Architecture
1535,2024,MI,FT,Data Science,106000,USD,106000,US,0,US,M,Data Scientist
1536,2024,SE,FT,Applied Scientist,168600,USD,168600,US,100,US,M,Data Analyst / BI
1537,2023,SE,FT,Data Scientist,359170,USD,359170,US,0,US,M,Data Scientist
1538,2023,EN,FT,Research Analyst,47423,USD,47423,US,0,US,M,Research / Computational
1539,2023,SE,FT,Data Science Consultant,128000,USD,128000,US,0,US,M,Data Scientist
1540,2023,SE,FT,Data Engineer,126800,USD,126800,US,0,US,M,Data Engineering & Architecture
1541,2023,SE,FT,Research Scientist,278700,USD,278700,US,0,US,M,Research / Computational
1542,2023,SE,FT,Data Engineer,255000,USD,255000,US,0,US,M,Data Engineering & Architecture
1543,2022,MI,FT,Machine Learning Infrastructure Engineer,53000,EUR,55685,PT,50,PT,L,Machine Learning / Ai
1544,2024,SE,FT,Data Scientist,155000,USD,155000,US,0,US,M,Data Scientist
1545,2022,MI,FT,Data Scientist,30000,USD,30000,MX,100,MX,L,Data Scientist
1546,2022,SE,FT,Data Science Manager,200000,USD,200000,US,100,US,M,Data Scientist
1547,2023,SE,FT,Data Scientist,111600,USD,111600,US,0,US,L,Data Scientist
1548,2023,SE,FT,Data Analyst,100000,USD,100000,US,0,US,M,Data Analyst / BI
1549,2024,EN,FT,Data Analyst,92000,USD,92000,US,100,US,M,Data Analyst / BI
1550,2023,EX,FT,Data Engineer,115500,USD,115500,US,0,US,M,Data Engineering & Architecture
1551,2023,SE,FT,Data Engineer,174350,USD,174350,US,0,US,M,Data Engineering & Architecture
1552,2024,SE,FT,Data Scientist,152000,USD,152000,US,100,US,M,Data Scientist
1553,2022,SE,FT,Analytics Engineer,110000,USD,110000,US,100,US,M,Data Analyst / BI
1554,2024,MI,FT,Applied Scientist,136000,USD,136000,US,0,US,L,Data Analyst / BI
1555,2022,MI,FT,Data Analyst,136000,USD,136000,US,100,US,M,Data Analyst / BI
1556,2022,SE,FT,Machine Learning Engineer,110000,EUR,115573,FR,100,FR,M,Machine Learning / Ai
1557,2023,MI,FT,Machine Learning Engineer,116800,USD,116800,US,0,US,M,Machine Learning / Ai
1558,2023,SE,FT,Machine Learning Engineer,193600,USD,193600,US,0,US,M,Machine Learning / Ai
1559,2022,SE,FT,Data Engineer,191200,USD,191200,US,0,US,M,Data Engineering & Architecture
1560,2024,MI,FT,Data Scientist,188500,USD,188500,US,0,US,M,Data Scientist
1561,2024,SE,FT,Data Analyst,150000,USD,150000,US,0,US,M,Data Analyst / BI
1562,2023,SE,FT,Data Analyst,130000,USD,130000,US,100,US,M,Data Analyst / BI
1563,2024,SE,FT,Machine Learning Engineer,324000,USD,324000,US,0,US,M,Machine Learning / Ai
1564,2023,SE,FT,Data Scientist,84000,USD,84000,US,100,US,M,Data Scientist
1565,2023,SE,FT,Business Intelligence Engineer,125000,USD,125000,US,100,US,M,Data Analyst / BI
1566,2023,MI,FT,Data Operations Specialist,65000,USD,65000,US,0,US,M,Data Analyst / BI
1567,2023,MI,FT,Research Scientist,220000,USD,220000,US,100,US,M,Research / Computational
1568,2022,SE,FT,Applied Scientist,212800,USD,212800,US,100,US,M,Data Analyst / BI
1569,2024,SE,FT,Machine Learning Engineer,310000,USD,310000,US,0,US,M,Machine Learning / Ai
1570,2023,SE,FT,Machine Learning Engineer,132600,USD,132600,US,0,US,M,Machine Learning / Ai
1571,2023,EN,FT,Data Analyst,75065,USD,75065,US,100,US,M,Data Analyst / BI
1572,2022,SE,FT,Data Engineer,168400,USD,168400,US,0,US,M,Data Engineering & Architecture
1573,2024,EN,FT,Data Analyst,109700,USD,109700,US,0,US,M,Data Analyst / BI
1574,2023,MI,FT,Data Scientist,94400,USD,94400,US,100,US,M,Data Scientist
1575,2024,SE,FT,Data Scientist,58800,EUR,65333,LT,0,LT,M,Data Scientist
1576,2024,EN,FT,Research Analyst,58400,USD,58400,US,0,US,M,Research / Computational
1577,2024,MI,FT,Data Science Manager,110000,USD,110000,US,0,US,M,Data Scientist
1578,2023,SE,FT,Data Scientist,114080,USD,114080,US,0,US,M,Data Scientist
1579,2024,MI,FT,Data Infrastructure Engineer,385000,USD,385000,US,0,US,M,Data Engineering & Architecture
1580,2023,SE,FT,Machine Learning Engineer,241000,USD,241000,US,0,US,M,Machine Learning / Ai
1581,2024,SE,FT,Data Analyst,164000,USD,164000,US,0,US,M,Data Analyst / BI
1582,2024,SE,FT,Research Engineer,54395,GBP,67993,ZA,0,ZA,M,Research / Computational
1583,2022,MI,FT,Data Scientist,58000,EUR,60938,DE,100,DE,S,Data Scientist
1584,2023,EX,FT,Director of Data Science,336400,USD,336400,US,0,US,M,Data Scientist
1585,2023,SE,FT,Data Manager,169000,USD,169000,US,0,US,M,Data Analyst / BI
1586,2023,SE,FT,Research Engineer,308000,USD,308000,US,0,US,M,Research / Computational
1587,2023,SE,FT,Computer Vision Engineer,210000,USD,210000,GB,0,GB,M,Machine Learning / Ai
1588,2023,EN,FT,Data Engineer,135000,USD,135000,US,0,US,M,Data Engineering & Architecture
1589,2024,SE,FT,Data Engineer,145000,USD,145000,US,0,US,M,Data Engineering & Architecture
1590,2023,MI,FT,Machine Learning Engineer,200000,USD,200000,GB,0,GB,M,Machine Learning / Ai
1591,2022,SE,FT,Data Analyst,169000,USD,169000,US,0,US,M,Data Analyst / BI
1592,2023,MI,FT,Data Scientist,105000,USD,105000,US,0,US,M,Data Scientist
1593,2023,MI,FT,Data Engineer,95000,USD,95000,ES,100,ES,M,Data Engineering & Architecture
1594,2024,MI,FT,Data Engineer,205600,USD,205600,US,0,US,L,Data Engineering & Architecture
1595,2022,SE,FT,Data Engineer,110000,USD,110000,US,100,US,M,Data Engineering & Architecture
1596,2023,SE,FT,Machine Learning Engineer,123800,USD,123800,US,100,US,M,Machine Learning / Ai
1597,2023,MI,FT,Data Specialist,85000,USD,85000,US,0,US,M,Data Analyst / BI
1598,2023,SE,FT,Data Architect,110000,USD,110000,US,100,US,M,Data Engineering & Architecture
1599,2023,SE,FT,Machine Learning Engineer,247500,USD,247500,US,0,US,M,Machine Learning / Ai
1600,2024,EN,FT,Data Analyst,120000,USD,120000,US,0,US,M,Data Analyst / BI
1601,2023,SE,FT,Machine Learning Engineer,166600,USD,166600,US,0,US,M,Machine Learning / Ai
1602,2023,SE,FT,Applied Scientist,350000,USD,350000,US,0,US,L,Data Analyst / BI
1603,2023,SE,FT,Data Manager,48000,USD,48000,CO,0,CO,M,Data Analyst / BI
1604,2024,SE,FT,Data Scientist,96750,USD,96750,US,0,US,M,Data Scientist
1605,2024,SE,FT,Data Engineer,95325,USD,95325,US,0,US,M,Data Engineering & Architecture
1606,2024,SE,FT,BI Analyst,130000,USD,130000,US,0,US,M,Data Analyst / BI
1607,2024,MI,FT,Business Intelligence Engineer,185000,USD,185000,US,0,US,L,Data Analyst / BI
1608,2023,MI,FT,Data Engineer,106500,USD,106500,US,0,US,M,Data Engineering & Architecture
1609,2024,SE,FT,Data Analyst,140000,USD,140000,US,0,US,M,Data Analyst / BI
1610,2023,MI,FT,Data Analyst,75000,USD,75000,US,0,US,M,Data Analyst / BI
1611,2023,SE,FT,ML Engineer,145000,USD,145000,US,100,US,M,Machine Learning / Ai
1612,2023,EN,FT,Data Scientist,73100,USD,73100,US,100,US,M,Data Scientist
1613,2024,SE,FT,Data Science,140000,USD,140000,US,0,US,M,Data Scientist
1614,2024,MI,FT,Data Specialist,112500,USD,112500,US,100,US,M,Data Analyst / BI
1615,2023,SE,FT,Machine Learning Engineer,296400,USD,296400,US,0,US,M,Machine Learning / Ai
1616,2024,SE,FT,Data Scientist,226500,USD,226500,US,100,US,M,Data Scientist
1617,2024,SE,FT,Business Intelligence Developer,144138,USD,144138,US,0,US,M,Data Analyst / BI
1618,2022,MI,FT,Data Engineer,80000,USD,80000,US,0,US,M,Data Engineering & Architecture
1619,2023,SE,FT,Data Engineer,225000,USD,225000,US,0,US,M,Data Engineering & Architecture
1620,2023,SE,FT,Data Scientist,156560,USD,156560,US,0,US,M,Data Scientist
1621,2023,EN,FT,Data Analyst,25000,EUR,26992,GR,100,GB,S,Data Analyst / BI
1622,2023,SE,FT,Machine Learning Engineer,225000,USD,225000,FR,0,FR,M,Machine Learning / Ai
1623,2023,MI,FT,Data Visualization Specialist,90300,USD,90300,US,0,US,M,Data Analyst / BI
1624,2023,SE,FT,ML Engineer,270000,USD,270000,US,100,US,M,Machine Learning / Ai
1625,2024,SE,FT,Machine Learning Engineer,414000,USD,414000,US,0,US,M,Machine Learning / Ai
1626,2023,SE,FT,AI Engineer,142352,USD,142352,US,0,US,M,Machine Learning / Ai
1627,2022,SE,FT,Machine Learning Engineer,248700,USD,248700,US,0,US,M,Machine Learning / Ai
1628,2023,EN,FT,Business Intelligence Analyst,85000,USD,85000,US,0,US,M,Data Analyst / BI
1629,2024,SE,FT,Data Scientist,155000,USD,155000,US,100,US,M,Data Scientist
1630,2023,MI,FT,Data Analyst,60000,USD,60000,US,100,US,M,Data Analyst / BI
1631,2024,SE,FT,Prompt Engineer,140000,USD,140000,US,0,US,M,Machine Learning / Ai
1632,2024,SE,FT,Data Scientist,168000,USD,168000,US,0,US,M,Data Scientist
1633,2023,SE,FT,Data Engineer,125000,USD,125000,US,0,US,M,Data Engineering & Architecture
1634,2024,MI,FT,Data Scientist,68400,USD,68400,US,0,US,M,Data Scientist
1635,2023,SE,FT,Machine Learning Engineer,200000,USD,200000,US,0,US,M,Machine Learning / Ai
1636,2024,MI,FT,Data Engineer,80000,USD,80000,US,0,US,M,Data Engineering & Architecture
1637,2022,SE,FT,Applied Scientist,184000,USD,184000,US,100,US,M,Data Analyst / BI
1638,2022,SE,FT,Data Analyst,70000,USD,70000,US,0,US,M,Data Analyst / BI
1639,2023,MI,FT,Data Analyst,166000,USD,166000,US,0,US,M,Data Analyst / BI
1640,2022,SE,CT,Data Analyst,90000,USD,90000,US,100,US,M,Data Analyst / BI
1641,2024,SE,FT,Data Engineer,55000,GBP,68750,GB,0,GB,M,Data Engineering & Architecture
1642,2023,SE,FT,Data Science,245000,USD,245000,US,0,US,M,Data Scientist
1643,2022,MI,FT,Data Analyst,100000,USD,100000,US,0,US,M,Data Analyst / BI
1644,2023,SE,FT,Data Analyst,137500,USD,137500,US,0,US,M,Data Analyst / BI
1645,2022,EX,FT,Analytics Engineer,210000,USD,210000,US,100,US,M,Data Analyst / BI
1646,2023,SE,FT,Data Engineer,80000,USD,80000,US,0,US,M,Data Engineering & Architecture
1647,2024,MI,FT,Data Scientist,120000,USD,120000,US,0,US,M,Data Scientist
1648,2024,EN,FT,Data Science Analyst,64000,USD,64000,US,0,US,M,Data Scientist
1649,2024,EX,FT,Director of Data Science,225000,USD,225000,US,0,US,M,Data Scientist
1650,2023,SE,FT,Data Analyst,138860,USD,138860,US,0,US,M,Data Analyst / BI
1651,2022,SE,FT,Data Engineer,63000,USD,63000,US,100,US,M,Data Engineering & Architecture
1652,2021,SE,FT,Data Scientist,4000000,INR,54094,IN,100,IN,L,Data Scientist
1653,2023,MI,FT,Data Engineer,162500,USD,162500,US,0,US,M,Data Engineering & Architecture
1654,2024,SE,FT,Data Modeler,74300,USD,74300,US,0,US,M,Data Engineering & Architecture
1655,2023,SE,FT,Machine Learning Engineer,190000,USD,190000,US,100,US,M,Machine Learning / Ai
1656,2024,SE,FT,Analytics Engineer,136000,USD,136000,US,100,US,M,Data Analyst / BI
1657,2023,SE,FT,Machine Learning Infrastructure Engineer,235000,USD,235000,US,100,US,M,Machine Learning / Ai
1658,2023,SE,FT,Data Engineer,205600,USD,205600,US,0,US,L,Data Engineering & Architecture
1659,2024,MI,FT,Data Engineer,270250,USD,270250,US,0,US,M,Data Engineering & Architecture
1660,2024,MI,FT,Research Engineer,245000,USD,245000,US,0,US,M,Research / Computational
1661,2023,SE,FT,Data Engineer,167500,USD,167500,US,0,US,M,Data Engineering & Architecture
1662,2024,SE,FT,Computational Biologist,174000,USD,174000,US,0,US,M,Research / Computational
1663,2024,SE,FT,Data Analyst,115000,USD,115000,US,0,US,M,Data Analyst / BI
1664,2024,SE,FT,Analytics Engineer,136675,USD,136675,US,100,US,M,Data Analyst / BI
1665,2024,MI,FT,Research Scientist,295000,USD,295000,US,0,US,M,Research / Computational
1666,2023,SE,FT,Data Engineer,163625,USD,163625,US,100,US,M,Data Engineering & Architecture
1667,2024,SE,FT,Data Engineer,146266,USD,146266,US,0,US,M,Data Engineering & Architecture
1668,2023,SE,FT,Applied Scientist,220000,USD,220000,US,100,US,M,Data Analyst / BI
1669,2023,MI,FT,AWS Data Architect,258000,USD,258000,US,100,US,L,Data Engineering & Architecture
1670,2022,SE,FT,Data Engineer,229998,USD,229998,US,0,US,L,Data Engineering & Architecture
1671,2023,SE,FT,Data Architect,125600,USD,125600,US,0,US,M,Data Engineering & Architecture
1672,2023,EN,FT,BI Data Engineer,60000,USD,60000,US,100,US,M,Data Engineering & Architecture
1673,2023,SE,FT,Data Scientist,118000,USD,118000,US,100,US,M,Data Scientist
1674,2023,SE,FT,Data Engineer,40800,EUR,44051,EE,0,EE,M,Data Engineering & Architecture
1675,2023,SE,FT,Data Engineer,200000,PLN,46565,PL,100,PL,L,Data Engineering & Architecture
1676,2023,SE,FT,Data Engineer,155000,USD,155000,US,0,US,M,Data Engineering & Architecture
1677,2023,SE,FT,Analytics Engineer,160000,USD,160000,US,100,US,M,Data Analyst / BI
1678,2024,EX,FT,Business Intelligence,155000,USD,155000,CA,0,CA,M,Data Analyst / BI
1679,2024,EN,FT,Data Management Analyst,80000,USD,80000,US,100,US,M,Data Analyst / BI
1680,2024,MI,FT,Analytics Engineer,75000,USD,75000,US,100,US,M,Data Analyst / BI
1681,2024,MI,FT,Data Scientist,135000,USD,135000,US,0,US,M,Data Scientist
1682,2024,SE,FT,Data Engineer,49500,GBP,61875,GB,0,GB,M,Data Engineering & Architecture
1683,2024,EN,FT,Data Analyst,85500,USD,85500,US,100,US,M,Data Analyst / BI
1684,2023,SE,FT,Data Science Practitioner,198800,USD,198800,US,0,US,M,Data Scientist
1685,2023,MI,FT,Data Engineer,99000,USD,99000,US,0,US,M,Data Engineering & Architecture
1686,2023,SE,FT,Data Science,70000,USD,70000,US,0,US,M,Data Scientist
1687,2023,SE,FT,Data Scientist,224250,USD,224250,US,0,US,M,Data Scientist
1688,2023,SE,FT,Data Engineer,78000,USD,78000,US,0,US,M,Data Engineering & Architecture
1689,2024,SE,FT,Data Scientist,195000,USD,195000,US,0,US,M,Data Scientist
1690,2023,MI,FT,Data Quality Analyst,65000,USD,65000,US,100,US,M,Data Analyst / BI
1691,2023,SE,FT,Data Scientist,210000,USD,210000,US,100,US,M,Data Scientist
1692,2023,SE,FT,Data Analyst,145000,USD,145000,US,0,US,M,Data Analyst / BI
1693,2023,SE,FT,Data Engineer,226700,USD,226700,US,0,US,M,Data Engineering & Architecture
1694,2023,MI,FT,Data Analytics Manager,177000,USD,177000,US,0,US,M,Data Analyst / BI
1695,2023,SE,FT,Research Engineer,130000,USD,130000,US,0,US,M,Research / Computational
1696,2023,SE,FT,Data Engineer,136994,USD,136994,US,100,US,M,Data Engineering & Architecture
1697,2024,SE,FT,Machine Learning Engineer,125000,USD,125000,US,0,US,M,Machine Learning / Ai
1698,2023,SE,FT,Machine Learning Scientist,108308,USD,108308,US,100,US,M,Machine Learning / Ai
1699,2023,SE,FT,Data Scientist,109000,USD,109000,US,0,US,M,Data Scientist
1700,2023,SE,FT,Machine Learning Scientist,165000,USD,165000,US,100,US,M,Machine Learning / Ai
1701,2023,SE,FT,Research Engineer,266450,USD,266450,US,0,US,M,Research / Computational
1702,2024,MI,FT,Data Scientist,73100,USD,73100,US,0,US,M,Data Scientist
1703,2024,SE,FT,Machine Learning Engineer,240200,USD,240200,GB,100,GB,M,Machine Learning / Ai
1704,2023,SE,FT,Data Scientist,208500,USD,208500,US,0,US,M,Data Scientist
1705,2023,SE,FT,Data Scientist,156400,USD,156400,US,0,US,M,Data Scientist
1706,2023,SE,FT,Data Analyst,90000,USD,90000,US,100,US,M,Data Analyst / BI
1707,2022,MI,FT,Data Engineer,80000,EUR,84053,GR,100,GR,M,Data Engineering & Architecture
1708,2023,SE,FT,Decision Scientist,182500,USD,182500,US,100,US,M,Data Analyst / BI
1709,2022,MI,FT,Machine Learning Engineer,80000,EUR,84053,FR,100,DE,M,Machine Learning / Ai
1710,2024,EX,FT,Data Engineer,268500,USD,268500,CA,0,CA,M,Data Engineering & Architecture
1711,2023,SE,FT,Data Engineer,172800,USD,172800,US,0,US,M,Data Engineering & Architecture
1712,2023,SE,FT,Data Engineer,176000,USD,176000,US,0,US,M,Data Engineering & Architecture
1713,2022,SE,FT,Data Engineer,167500,USD,167500,US,0,US,M,Data Engineering & Architecture
1714,2023,SE,FT,Machine Learning Engineer,297300,USD,297300,US,100,US,M,Machine Learning / Ai
1715,2022,SE,FT,Data Engineer,129300,USD,129300,US,0,US,M,Data Engineering & Architecture
1716,2023,MI,FT,Data Analyst,55000,GBP,67672,GB,0,GB,M,Data Analyst / BI
1717,2023,MI,FT,Data Analyst,65000,USD,65000,US,100,US,M,Data Analyst / BI
1718,2024,SE,FT,Data Scientist,187000,USD,187000,US,0,US,M,Data Scientist
1719,2023,EN,FT,Data Engineer,85000,USD,85000,US,0,US,M,Data Engineering & Architecture
1720,2023,SE,FT,Research Scientist,204500,USD,204500,US,0,US,M,Research / Computational
1721,2023,SE,FT,AI Engineer,95325,USD,95325,US,0,US,M,Machine Learning / Ai
1722,2023,SE,FT,Data Analyst,186600,USD,186600,US,100,US,M,Data Analyst / BI
1723,2024,SE,FT,AI Engineer,140000,USD,140000,US,100,US,M,Machine Learning / Ai
1724,2023,SE,FT,Data Engineer,129000,USD,129000,US,0,US,M,Data Engineering & Architecture
1725,2023,SE,FT,Data Engineer,145000,USD,145000,US,100,US,M,Data Engineering & Architecture
1726,2024,SE,FT,Analytics Engineer,53000,GBP,66250,GB,0,GB,M,Data Analyst / BI
1727,2022,EN,FT,Data Engineer,65000,USD,65000,US,0,US,M,Data Engineering & Architecture
1728,2023,MI,FT,Data Scientist,90000,USD,90000,US,0,US,M,Data Scientist
1729,2024,MI,FT,Applied Scientist,250000,USD,250000,US,0,US,M,Data Analyst / BI
1730,2024,SE,FT,Machine Learning Engineer,119786,USD,119786,CA,100,CA,M,Machine Learning / Ai
1731,2023,EN,FT,Data Analyst,83000,USD,83000,US,0,US,M,Data Analyst / BI
1732,2024,SE,FT,Data Engineer,195000,USD,195000,US,100,US,M,Data Engineering & Architecture
1733,2023,EX,FT,Data Manager,70000,USD,70000,US,0,US,M,Data Analyst / BI
1734,2023,EN,FT,Research Scientist,150000,USD,150000,US,0,US,M,Research / Computational
1735,2023,SE,FT,Data Engineer,60000,USD,60000,BR,100,BR,M,Data Engineering & Architecture
1736,2023,SE,FT,Data Engineer,245000,USD,245000,US,100,US,M,Data Engineering & Architecture
1737,2022,MI,FT,Data Manager,98000,USD,98000,US,0,US,M,Data Analyst / BI
1738,2023,SE,FT,Data Engineer,115000,USD,115000,US,0,US,M,Data Engineering & Architecture
1739,2024,MI,FT,Data Engineer,60000,EUR,66666,DE,0,DE,L,Data Engineering & Architecture
1740,2023,EN,FT,Data Science Engineer,95000,CHF,104024,CH,50,CH,S,Data Scientist
1741,2023,MI,FT,Data Engineer,57700,USD,57700,US,0,US,M,Data Engineering & Architecture
1742,2024,SE,FT,Data Scientist,135000,USD,135000,US,100,US,M,Data Scientist
1743,2023,SE,FT,Data Scientist,73100,USD,73100,US,0,US,M,Data Scientist
1744,2023,SE,FT,Machine Learning Infrastructure Engineer,221000,USD,221000,US,0,US,M,Machine Learning / Ai
1745,2022,SE,FT,Data Engineer,188100,USD,188100,US,0,US,M,Data Engineering & Architecture
1746,2023,MI,FT,Data Scientist,115360,USD,115360,US,100,US,M,Data Scientist
1747,2023,EN,FT,Data Analyst,55000,GBP,67672,GB,0,GB,M,Data Analyst / BI
1748,2023,SE,FT,Data Analyst,192500,USD,192500,US,100,US,M,Data Analyst / BI
1749,2024,EN,FT,Data Analyst,71000,USD,71000,US,0,US,M,Data Analyst / BI
1750,2023,SE,FT,Business Intelligence Engineer,110200,USD,110200,US,100,US,M,Data Analyst / BI
1751,2024,SE,FT,Research Scientist,303050,USD,303050,US,0,US,M,Research / Computational
1752,2023,MI,FT,Data Manager,63000,USD,63000,US,0,US,L,Data Analyst / BI
1753,2023,SE,FT,Business Intelligence Engineer,155000,USD,155000,US,100,US,M,Data Analyst / BI
1754,2023,SE,FT,Data Engineer,145000,USD,145000,CA,100,CA,M,Data Engineering & Architecture
1755,2023,SE,FT,Analytics Engineer,221300,USD,221300,US,100,US,M,Data Analyst / BI
1756,2024,MI,FT,Data Engineer,58300,USD,58300,US,0,US,M,Data Engineering & Architecture
1757,2022,SE,FT,Data Architect,235000,USD,235000,US,100,US,M,Data Engineering & Architecture
1758,2023,SE,FT,Data Engineer,132300,USD,132300,US,0,US,M,Data Engineering & Architecture
1759,2024,MI,FT,Data Integration Engineer,100000,USD,100000,US,0,US,M,Data Engineering & Architecture
1760,2024,MI,FT,Machine Learning Engineer,84000,EUR,93333,DE,100,DE,M,Machine Learning / Ai
1761,2024,SE,FT,Machine Learning Engineer,210000,USD,210000,US,0,US,M,Machine Learning / Ai
1762,2023,SE,FT,Data Scientist,161000,USD,161000,US,0,US,M,Data Scientist
1763,2022,SE,FT,Business Data Analyst,100000,USD,100000,US,100,US,L,Data Analyst / BI
1764,2024,EN,FT,Data Analyst,120000,USD,120000,US,100,US,M,Data Analyst / BI
1765,2024,SE,FT,Machine Learning Engineer,142000,USD,142000,US,0,US,M,Machine Learning / Ai
1766,2024,SE,FT,Data Engineer,316900,USD,316900,US,0,US,M,Data Engineering & Architecture
1767,2024,EN,FT,Data Science,132000,USD,132000,US,0,US,M,Data Scientist
1768,2022,MI,FT,Data Analytics Manager,155000,USD,155000,US,0,US,M,Data Analyst / BI
1769,2024,SE,FT,Data Scientist,84500,USD,84500,US,0,US,M,Data Scientist
1770,2023,SE,FT,Data Scientist,181500,USD,181500,US,0,US,M,Data Scientist
1771,2023,MI,FT,Data Analyst,150000,USD,150000,US,0,US,M,Data Analyst / BI
1772,2024,SE,FT,Data Engineer,150000,USD,150000,US,100,US,M,Data Engineering & Architecture
1773,2023,SE,FT,Data Manager,120000,USD,120000,US,0,US,M,Data Analyst / BI
1774,2024,EN,FT,Data Analyst,57300,USD,57300,US,0,US,M,Data Analyst / BI
1775,2023,SE,FT,Data Engineer,175000,USD,175000,US,0,US,M,Data Engineering & Architecture
1776,2023,SE,FT,Data Scientist,105000,USD,105000,US,0,US,M,Data Scientist
1777,2023,SE,FT,Data Scientist,223800,USD,223800,US,0,US,M,Data Scientist
1778,2023,MI,FT,Data Scientist,70000,GBP,86128,GB,0,GB,M,Data Scientist
1779,2023,EN,FT,Data Engineer,38000,EUR,41027,ES,100,ES,L,Data Engineering & Architecture
1780,2022,SE,FT,Data Engineer,178800,USD,178800,US,100,US,L,Data Engineering & Architecture
1781,2023,SE,FT,Data Manager,80000,USD,80000,US,0,US,M,Data Analyst / BI
1782,2023,SE,FT,Data Scientist,192000,USD,192000,US,0,US,M,Data Scientist
1783,2023,SE,FT,Data Science Manager,191765,USD,191765,US,0,US,M,Data Scientist
1784,2024,SE,FT,Data Engineer,260000,USD,260000,US,0,US,M,Data Engineering & Architecture
1785,2023,EN,FT,Research Scientist,167200,USD,167200,US,0,US,M,Research / Computational
1786,2023,SE,FT,Research Engineer,80000,USD,80000,US,0,US,M,Research / Computational
1787,2023,SE,FT,Machine Learning Engineer,208450,USD,208450,US,0,US,M,Machine Learning / Ai
1788,2022,SE,FT,ML Engineer,243000,USD,243000,US,100,US,M,Machine Learning / Ai
1789,2023,EX,FT,Head of Data,115000,USD,115000,BR,100,BR,M,Data Analyst / BI
1790,2024,MI,FT,Data Analytics Manager,178250,USD,178250,US,100,US,M,Data Analyst / BI
1791,2023,MI,FT,Data Engineer,105000,USD,105000,US,0,US,M,Data Engineering & Architecture
1792,2022,SE,FT,Data Analyst,120000,USD,120000,US,0,US,M,Data Analyst / BI
1793,2022,MI,FT,Data Engineer,187000,USD,187000,US,100,US,M,Data Engineering & Architecture
1794,2024,EN,FT,Research Analyst,150000,USD,150000,US,0,US,M,Research / Computational
1795,2023,MI,FT,Data Engineer,214300,USD,214300,US,0,US,M,Data Engineering & Architecture
1796,2023,MI,FT,Machine Learning Engineer,220000,USD,220000,US,0,US,M,Machine Learning / Ai
1797,2023,MI,FT,BI Data Analyst,70000,USD,70000,EG,100,US,M,Data Analyst / BI
1798,2022,SE,FT,Data Scientist,140000,USD,140000,US,0,US,M,Data Scientist
1799,2023,SE,FT,ML Engineer,291500,USD,291500,US,0,US,M,Machine Learning / Ai
1800,2023,MI,FT,Data Engineer,185900,USD,185900,US,0,US,M,Data Engineering & Architecture
1801,2023,SE,FT,Data Analyst,138900,USD,138900,US,0,US,M,Data Analyst / BI
1802,2024,MI,FT,Data Scientist,145580,USD,145580,US,100,US,M,Data Scientist
1803,2023,SE,FT,NLP Engineer,57000,EUR,61541,IT,100,IT,M,Machine Learning / Ai
1804,2024,MI,FT,Data Engineer,58400,USD,58400,US,0,US,M,Data Engineering & Architecture
1805,2023,SE,FT,Research Engineer,176000,USD,176000,US,100,US,M,Research / Computational
1806,2023,MI,FT,Data Analyst,61200,USD,61200,US,0,US,M,Data Analyst / BI
1807,2023,SE,FT,Data Scientist,129300,USD,129300,US,0,US,M,Data Scientist
1808,2023,SE,FT,Data Scientist,120160,USD,120160,US,100,US,M,Data Scientist
1809,2024,SE,FT,Business Intelligence Engineer,106300,USD,106300,US,0,US,M,Data Analyst / BI
1810,2023,SE,FT,Data Strategist,90000,USD,90000,CA,0,CA,M,Data Analyst / BI
1811,2023,SE,FT,Business Intelligence Engineer,175000,USD,175000,US,0,US,M,Data Analyst / BI
1812,2023,SE,FT,Data Engineer,185000,USD,185000,US,0,US,M,Data Engineering & Architecture
1813,2024,MI,FT,Machine Learning Engineer,96411,USD,96411,US,100,US,M,Machine Learning / Ai
1814,2024,EN,FT,Data Analyst,90000,USD,90000,US,100,US,M,Data Analyst / BI
1815,2023,SE,FT,Research Scientist,151800,USD,151800,US,0,US,M,Research / Computational
1816,2023,SE,FT,Data Engineer,95000,USD,95000,US,100,US,M,Data Engineering & Architecture
1817,2024,SE,FT,Data Engineer,52000,GBP,65000,GB,100,GB,M,Data Engineering & Architecture
1818,2023,MI,FT,Data Engineer,180000,USD,180000,US,100,US,M,Data Engineering & Architecture
1819,2023,SE,FT,Data Analyst,100000,GBP,123040,GB,0,GB,M,Data Analyst / BI
1820,2023,SE,FT,Data Analyst,95000,USD,95000,US,100,US,M,Data Analyst / BI
1821,2024,SE,FT,Data Engineer,274965,CAD,211511,CA,0,CA,M,Data Engineering & Architecture
1822,2023,MI,FT,Data Analyst,250000,USD,250000,US,0,US,M,Data Analyst / BI
1823,2023,SE,FT,Research Engineer,152000,USD,152000,US,0,US,M,Research / Computational
1824,2023,SE,FT,Data Analyst,75000,USD,75000,US,100,US,M,Data Analyst / BI
1825,2023,SE,FT,Machine Learning Engineer,324000,USD,324000,US,0,US,M,Machine Learning / Ai
1826,2023,SE,FT,Machine Learning Engineer,250000,USD,250000,US,100,US,M,Machine Learning / Ai
1827,2023,MI,FT,Data Engineer,65000,EUR,70179,FR,100,FR,M,Data Engineering & Architecture
1828,2023,SE,FT,Machine Learning Engineer,267720,USD,267720,US,0,US,M,Machine Learning / Ai
1829,2023,SE,FT,Data Analyst,118000,USD,118000,US,100,US,M,Data Analyst / BI
1830,2023,SE,FT,Data Analyst,102000,USD,102000,US,100,US,M,Data Analyst / BI
1831,2023,SE,FT,Data Analyst,112000,USD,112000,US,100,US,M,Data Analyst / BI
1832,2024,SE,FT,Data Science,267900,USD,267900,US,0,US,M,Data Scientist
1833,2024,MI,FT,Machine Learning Engineer,210100,USD,210100,US,0,US,M,Machine Learning / Ai
1834,2024,SE,FT,Business Intelligence Engineer,130000,USD,130000,US,0,US,M,Data Analyst / BI
1835,2023,MI,FT,Data Scientist,95490,USD,95490,US,0,US,M,Data Scientist
1836,2023,EN,FT,Data Engineer,90000,USD,90000,US,50,CA,L,Data Engineering & Architecture
1837,2022,EN,FT,BI Data Analyst,58000,EUR,60938,DE,0,DE,L,Data Analyst / BI
1838,2024,MI,FT,Data Scientist,144200,USD,144200,US,100,US,M,Data Scientist
1839,2023,SE,FT,Data Engineer,171500,USD,171500,US,0,US,M,Data Engineering & Architecture
1840,2023,MI,FT,Business Intelligence Engineer,79600,USD,79600,US,0,US,L,Data Analyst / BI
1841,2023,SE,FT,Data Analyst,51962,USD,51962,US,0,US,M,Data Analyst / BI
1842,2023,SE,FT,Data Engineer,185000,USD,185000,US,100,US,M,Data Engineering & Architecture
1843,2023,SE,FT,Data Engineer,131000,USD,131000,US,0,US,M,Data Engineering & Architecture
1844,2022,EN,FT,Product Data Analyst,100000,USD,100000,US,100,US,M,Data Analyst / BI
1845,2023,SE,FT,Data Analyst,126500,USD,126500,US,0,US,M,Data Analyst / BI
1846,2024,SE,FT,Data Engineer,94000,USD,94000,US,0,US,M,Data Engineering & Architecture
1847,2024,SE,FT,Analytics Engineer,140000,USD,140000,US,100,US,M,Data Analyst / BI
1848,2024,MI,FT,Data Scientist,90700,USD,90700,US,0,US,M,Data Scientist
1849,2023,SE,FT,Data Analyst,180400,USD,180400,US,0,US,M,Data Analyst / BI
1850,2023,MI,FT,Data Engineer,105700,USD,105700,US,0,US,L,Data Engineering & Architecture
1851,2023,SE,FT,Data Scientist,59000,EUR,63701,CY,50,EE,L,Data Scientist
1852,2023,SE,FT,ML Engineer,150000,USD,150000,US,0,US,M,Machine Learning / Ai
1853,2023,MI,FT,Data Analyst,57800,USD,57800,US,100,US,M,Data Analyst / BI
1854,2024,SE,FT,Data Scientist,72500,USD,72500,US,0,US,M,Data Scientist
1855,2023,SE,FT,Analytics Engineer,116000,USD,116000,US,100,US,M,Data Analyst / BI
1856,2023,EX,FT,Head of Data,90000,GBP,110736,GB,100,GB,M,Data Analyst / BI
1857,2024,SE,FT,AI Engineer,170000,USD,170000,US,100,US,M,Machine Learning / Ai
1858,2023,SE,FT,Data Analyst,86600,USD,86600,US,100,US,M,Data Analyst / BI
1859,2024,SE,FT,Data Scientist,94400,USD,94400,US,100,US,M,Data Scientist
1860,2023,SE,FT,AI Engineer,150000,USD,150000,US,100,US,M,Machine Learning / Ai
1861,2024,SE,FT,Data Engineer,100000,USD,100000,US,100,US,M,Data Engineering & Architecture
1862,2024,MI,FT,Data Analyst,77000,USD,77000,US,0,US,M,Data Analyst / BI
1863,2023,SE,FT,Data Scientist,287500,USD,287500,US,0,US,M,Data Scientist
1864,2023,MI,FT,Data Manager,65000,USD,65000,US,100,US,M,Data Analyst / BI
1865,2024,SE,FT,Research Engineer,600000,USD,600000,US,0,US,M,Research / Computational
1866,2024,SE,FT,Applied Scientist,260000,USD,260000,US,0,US,L,Data Analyst / BI
1867,2024,SE,FT,Data Engineer,190000,USD,190000,US,100,US,M,Data Engineering & Architecture
1868,2024,SE,FT,AI Engineer,85000,USD,85000,US,100,US,M,Machine Learning / Ai
1869,2023,SE,FT,Data Engineer,288000,USD,288000,US,100,US,M,Data Engineering & Architecture
1870,2024,EN,FT,Data Science,37120,USD,37120,US,0,US,M,Data Scientist
1871,2023,SE,FT,Machine Learning Engineer,98500,USD,98500,US,0,US,M,Machine Learning / Ai
1872,2024,SE,FT,Data Scientist,180000,USD,180000,US,0,US,M,Data Scientist
1873,2024,MI,FT,BI Developer,154800,USD,154800,US,0,US,M,Data Analyst / BI
1874,2023,SE,FT,Data Scientist,316000,USD,316000,US,0,US,M,Data Scientist
1875,2023,SE,FT,Data Engineer,132192,USD,132192,US,100,US,M,Data Engineering & Architecture
1876,2023,SE,FT,Data Engineer,190000,USD,190000,US,0,US,M,Data Engineering & Architecture
1877,2022,SE,FT,Cloud Database Engineer,190000,USD,190000,US,100,US,M,Data Engineering & Architecture
1878,2023,SE,FT,Machine Learning Engineer,205000,USD,205000,US,0,US,M,Machine Learning / Ai
1879,2023,SE,FT,Applied Scientist,118500,USD,118500,US,0,US,M,Data Analyst / BI
1880,2023,EN,FT,Big Data Engineer,130000,USD,130000,SE,100,SE,S,Data Engineering & Architecture
1881,2023,MI,FT,Data Analyst,128000,USD,128000,US,0,US,M,Data Analyst / BI
1882,2024,MI,FT,Data Scientist,243800,USD,243800,US,100,US,M,Data Scientist
1883,2023,MI,FT,Data Analyst,50000,GBP,61520,GB,0,GB,M,Data Analyst / BI
1884,2023,SE,FT,Data Engineer,57826,EUR,62433,IT,100,IT,M,Data Engineering & Architecture
1885,2023,SE,FT,Data Engineer,178600,USD,178600,US,0,US,M,Data Engineering & Architecture
1886,2023,SE,FT,Data Engineer,75000,USD,75000,US,0,US,M,Data Engineering & Architecture
1887,2024,SE,FT,Data Analyst,80000,USD,80000,US,0,US,M,Data Analyst / BI
1888,2022,MI,FT,Data Engineer,60000,EUR,63040,ES,100,ES,M,Data Engineering & Architecture
1889,2024,MI,FT,Data Scientist,125000,USD,125000,US,0,US,M,Data Scientist
1890,2023,SE,FT,Data Scientist,203920,USD,203920,US,0,US,M,Data Scientist
1891,2023,SE,FT,Data Engineer,87570,USD,87570,US,0,US,M,Data Engineering & Architecture
1892,2024,EN,FT,Data Scientist,47840,USD,47840,US,0,US,M,Data Scientist
1893,2024,SE,FT,Data Scientist,231000,USD,231000,US,100,US,M,Data Scientist
1894,2023,EX,FT,Director of Data Science,375500,USD,375500,US,100,US,M,Data Scientist
1895,2023,MI,FT,Data Science Consultant,90000,USD,90000,US,0,US,M,Data Scientist
1896,2023,SE,FT,Machine Learning Engineer,164000,USD,164000,US,100,US,M,Machine Learning / Ai
1897,2023,SE,FT,Machine Learning Engineer,275000,USD,275000,US,0,US,M,Machine Learning / Ai
1898,2023,SE,FT,Research Engineer,157250,USD,157250,US,100,US,M,Research / Computational
1899,2022,SE,FT,Data Specialist,148700,USD,148700,US,100,US,L,Data Analyst / BI
1900,2024,MI,FT,Data Science Consultant,160000,USD,160000,US,100,US,M,Data Scientist
1901,2023,MI,FT,Research Engineer,155000,USD,155000,US,0,US,M,Research / Computational
1902,2023,MI,FT,Machine Learning Engineer,200000,USD,200000,US,0,US,M,Machine Learning / Ai
1903,2022,MI,CT,Applied Machine Learning Scientist,93000,EUR,97712,IT,100,NL,L,Machine Learning / Ai
1904,2023,SE,FT,Data Scientist,197000,USD,197000,US,100,US,M,Data Scientist
1905,2024,SE,FT,Data Scientist,106605,USD,106605,US,0,US,M,Data Scientist
1906,2024,MI,FT,Data Scientist,171240,USD,171240,US,0,US,M,Data Scientist
1907,2022,SE,FT,Data Engineer,175000,USD,175000,US,0,US,M,Data Engineering & Architecture
1908,2023,MI,FT,Machine Learning Engineer,125000,USD,125000,US,100,US,M,Machine Learning / Ai
1909,2024,MI,FT,Data Manager,71500,USD,71500,US,100,US,M,Data Analyst / BI
1910,2023,EN,FT,Data Engineer,35000,GBP,43064,GB,100,GB,M,Data Engineering & Architecture
1911,2022,MI,FT,Machine Learning Developer,100000,CAD,76814,CA,100,CA,M,Machine Learning / Ai
1912,2024,SE,FT,Machine Learning Engineer,212500,USD,212500,US,0,US,M,Machine Learning / Ai
1913,2023,SE,FT,Research Scientist,273400,USD,273400,US,0,US,M,Research / Computational
1914,2023,SE,FT,Data Scientist,275500,USD,275500,US,0,US,M,Data Scientist
1915,2023,MI,FT,Analytics Engineer,100000,USD,100000,US,0,US,M,Data Analyst / BI
1916,2023,MI,FT,Data Analyst,111000,USD,111000,US,0,US,M,Data Analyst / BI
1917,2023,EX,FT,Head of Data Science,230000,USD,230000,US,0,US,M,Data Scientist
1918,2023,MI,FT,Business Intelligence Engineer,34160,GBP,42030,GB,0,GB,M,Data Analyst / BI
1919,2023,MI,FT,Business Intelligence Developer,140000,USD,140000,US,100,US,M,Data Analyst / BI
1920,2022,MI,FT,MLOps Engineer,124000,USD,124000,US,100,US,M,DevOps / MLOps
1921,2022,SE,FT,Data Engineer,95000,USD,95000,US,0,US,M,Data Engineering & Architecture
1922,2024,SE,FT,Data Analyst,102000,USD,102000,US,0,US,M,Data Analyst / BI
1923,2023,SE,FT,Data Engineer,224500,USD,224500,US,0,US,M,Data Engineering & Architecture
1924,2024,SE,FT,Data Scientist,150000,USD,150000,US,100,US,M,Data Scientist
1925,2024,SE,FT,Analytics Engineer,145000,USD,145000,US,100,US,M,Data Analyst / BI
1926,2023,EN,FT,Data Analyst,80000,USD,80000,US,0,US,M,Data Analyst / BI
1927,2023,SE,FT,Data Engineer,126800,USD,126800,US,100,US,M,Data Engineering & Architecture
1928,2024,SE,FT,AI Architect,173000,USD,173000,US,0,US,M,Machine Learning / Ai
1929,2023,SE,FT,Data Architect,67200,USD,67200,US,0,US,M,Data Engineering & Architecture
1930,2024,EX,FT,Data Analyst,55000,GBP,68750,GB,0,GB,M,Data Analyst / BI
1931,2023,SE,FT,Data Analyst,133300,USD,133300,US,100,US,M,Data Analyst / BI
1932,2024,EN,FT,Data Analyst,90000,USD,90000,US,0,US,M,Data Analyst / BI
1933,2023,SE,FT,Data Scientist,146000,USD,146000,US,0,US,M,Data Scientist
1934,2023,MI,FT,Data Architect,90000,USD,90000,US,100,US,M,Data Engineering & Architecture
1935,2024,SE,FT,Machine Learning Engineer,172200,USD,172200,US,0,US,M,Machine Learning / Ai
1936,2023,MI,FT,Financial Data Analyst,130000,USD,130000,US,100,US,L,Data Analyst / BI
1937,2022,SE,FT,Data Scientist,179400,USD,179400,US,100,US,M,Data Scientist
1938,2024,SE,FT,Research Scientist,159300,USD,159300,US,0,US,M,Research / Computational
1939,2022,EN,FT,Machine Learning Engineer,45000,GBP,55410,GB,100,GB,S,Machine Learning / Ai
1940,2023,SE,FT,Data Scientist,142200,USD,142200,US,0,US,M,Data Scientist
1941,2023,SE,FT,Data Analyst,128000,USD,128000,US,0,US,M,Data Analyst / BI
1942,2023,SE,FT,Data Analyst,113600,USD,113600,US,0,US,M,Data Analyst / BI
1943,2024,SE,FT,Data Scientist,93400,USD,93400,US,0,US,M,Data Scientist
1944,2023,SE,FT,Data Science Lead,156400,USD,156400,US,0,US,M,Data Scientist
1945,2024,MI,FT,Data Scientist,150000,USD,150000,US,100,US,M,Data Scientist
1946,2024,SE,FT,Data Engineer,165000,USD,165000,US,100,US,M,Data Engineering & Architecture
1947,2023,SE,FT,Business Intelligence Analyst,124400,USD,124400,US,100,US,M,Data Analyst / BI
1948,2024,MI,FT,Business Intelligence Engineer,89500,USD,89500,US,100,US,M,Data Analyst / BI
1949,2023,SE,FT,BI Analyst,130800,USD,130800,US,100,US,M,Data Analyst / BI
1950,2024,SE,FT,Computer Vision Engineer,183000,USD,183000,US,100,US,M,Machine Learning / Ai
1951,2023,EN,FT,Data Analyst,58400,USD,58400,US,0,US,M,Data Analyst / BI
1952,2023,MI,FT,Decision Scientist,204500,USD,204500,US,0,US,M,Data Analyst / BI
1953,2023,SE,FT,Data Analyst,210000,USD,210000,US,100,US,M,Data Analyst / BI
1954,2023,SE,FT,Data Engineer,143000,USD,143000,US,100,US,M,Data Engineering & Architecture
1955,2024,EN,FT,Data Analyst,68000,USD,68000,US,0,US,M,Data Analyst / BI
1956,2023,EN,FT,Data Analyst,75000,USD,75000,US,0,US,M,Data Analyst / BI
1957,2023,SE,FT,ML Engineer,135000,USD,135000,US,0,US,M,Machine Learning / Ai
1958,2023,SE,FT,Machine Learning Engineer,237400,USD,237400,GB,0,GB,M,Machine Learning / Ai
1959,2023,MI,FT,Data Engineer,181700,USD,181700,US,0,US,M,Data Engineering & Architecture
1960,2023,SE,FT,AI Developer,108000,USD,108000,UA,0,UA,M,Machine Learning / Ai
1961,2024,SE,FT,ML Engineer,200070,USD,200070,CA,0,CA,M,Machine Learning / Ai
1962,2022,SE,FT,Data Analyst,144000,USD,144000,US,100,US,M,Data Analyst / BI
1963,2023,EN,FT,Data Analyst,60000,USD,60000,US,0,US,M,Data Analyst / BI
1964,2024,MI,FT,Data Analyst,120000,USD,120000,US,100,US,M,Data Analyst / BI
1965,2023,SE,FT,Data Engineer,105700,USD,105700,US,100,US,M,Data Engineering & Architecture
1966,2024,SE,FT,Business Intelligence Engineer,185000,USD,185000,US,0,US,L,Data Analyst / BI
1967,2023,SE,FT,Data Analyst,280000,USD,280000,US,0,US,M,Data Analyst / BI
1968,2022,SE,FT,Data Specialist,110000,USD,110000,US,0,US,M,Data Analyst / BI
1969,2023,EX,FT,Head of Data,204500,USD,204500,US,0,US,M,Data Analyst / BI
1970,2023,EN,FT,Data Scientist,65000,USD,65000,US,0,US,M,Data Scientist
1971,2023,SE,FT,Data Scientist,168000,USD,168000,US,100,US,M,Data Scientist
1972,2023,SE,FT,Machine Learning Engineer,152000,USD,152000,US,0,US,M,Machine Learning / Ai
1973,2023,SE,FT,Data Engineer,238000,USD,238000,US,0,US,M,Data Engineering & Architecture
1974,2024,SE,FT,Data Science Consultant,128000,USD,128000,US,0,US,M,Data Scientist
1975,2024,SE,FT,ML Engineer,189400,USD,189400,US,0,US,M,Machine Learning / Ai
1976,2023,MI,FT,Data Manager,167000,USD,167000,US,0,US,M,Data Analyst / BI
1977,2023,SE,FT,Head of Data,226500,USD,226500,US,100,US,M,Data Analyst / BI
1978,2022,SE,FT,Data Engineer,85000,USD,85000,US,100,US,M,Data Engineering & Architecture
1979,2023,SE,FT,Data Engineer,60000,GBP,73824,GB,0,GB,M,Data Engineering & Architecture
1980,2024,MI,FT,Data Product Manager,250000,USD,250000,US,0,US,M,Data Analyst / BI
1981,2023,SE,FT,Machine Learning Scientist,233500,USD,233500,US,0,US,M,Machine Learning / Ai
1982,2022,SE,FT,Data Scientist,38000,USD,38000,US,100,US,M,Data Scientist
1983,2023,SE,FT,Data Engineer,184800,USD,184800,US,0,US,M,Data Engineering & Architecture
1984,2023,EN,FT,Data Analyst,131600,USD,131600,US,100,US,M,Data Analyst / BI
1985,2023,MI,FT,Data Analyst,131000,USD,131000,US,0,US,M,Data Analyst / BI
1986,2024,MI,FT,Data Analyst,85000,USD,85000,US,100,US,M,Data Analyst / BI
1987,2024,SE,FT,Machine Learning Engineer,201400,USD,201400,US,0,US,M,Machine Learning / Ai
1988,2023,SE,FT,Data Analyst,166500,USD,166500,US,0,US,M,Data Analyst / BI
1989,2023,EN,FT,Business Intelligence Analyst,78800,USD,78800,US,0,US,M,Data Analyst / BI
1990,2023,SE,FT,Data Architect,228000,USD,228000,US,0,US,M,Data Engineering & Architecture
1991,2024,SE,FT,Machine Learning Engineer,216000,USD,216000,US,0,US,M,Machine Learning / Ai
1992,2023,SE,FT,Data Analyst,98000,USD,98000,US,0,US,M,Data Analyst / BI
1993,2024,MI,FT,Business Intelligence Analyst,78300,USD,78300,US,0,US,M,Data Analyst / BI
1994,2023,SE,FT,Data Engineer,101570,USD,101570,US,100,US,M,Data Engineering & Architecture
1995,2023,SE,FT,Data Architect,306000,USD,306000,US,100,US,M,Data Engineering & Architecture
1996,2023,SE,FT,AI Programmer,120000,USD,120000,CA,100,FR,M,Machine Learning / Ai
1997,2023,SE,FT,Data Analyst,70000,USD,70000,US,0,US,M,Data Analyst / BI
1998,2024,MI,FT,Data Engineer,133000,USD,133000,AU,0,AU,M,Data Engineering & Architecture
1999,2023,SE,FT,Data Architect,92000,USD,92000,GB,100,GB,M,Data Engineering & Architecture
2000,2024,SE,FT,Data Engineer,139810,USD,139810,US,0,US,M,Data Engineering & Architecture
2001,2022,MI,FT,Data Engineer,95000,USD,95000,US,0,US,M,Data Engineering & Architecture
2002,2023,SE,FT,Data Engineer,225500,USD,225500,US,0,US,M,Data Engineering & Architecture
2003,2023,SE,FT,Data Analyst,80000,USD,80000,US,0,US,M,Data Analyst / BI
2004,2024,SE,FT,Data Architect,120000,GBP,150000,GB,0,GB,M,Data Engineering & Architecture
2005,2022,MI,FT,Data Scientist,70000,GBP,86193,GB,0,GB,M,Data Scientist
2006,2024,MI,FT,Data Scientist,90000,USD,90000,US,100,US,M,Data Scientist
2007,2023,EN,FT,Data Analyst,80000,USD,80000,US,100,US,M,Data Analyst / BI
2008,2023,MI,FT,Data Scientist,35000,GBP,43064,GB,0,GB,M,Data Scientist
2009,2024,MI,FT,Data Engineer,200000,USD,200000,US,0,US,M,Data Engineering & Architecture
2010,2023,MI,FT,Product Data Analyst,1350000,INR,16417,IN,100,IN,L,Data Analyst / BI
2011,2022,MI,FT,Data Engineer,160000,USD,160000,US,100,US,M,Data Engineering & Architecture
2012,2023,EN,FT,Data Scientist,74540,USD,74540,US,0,US,M,Data Scientist
2013,2023,SE,FT,Machine Learning Engineer,126500,USD,126500,US,0,US,M,Machine Learning / Ai
2014,2024,MI,FT,Machine Learning Scientist,170000,USD,170000,US,0,US,M,Machine Learning / Ai
2015,2023,SE,FT,Data Analyst,35000,GBP,43064,CF,100,CF,M,Data Analyst / BI
2016,2023,SE,FT,Machine Learning Engineer,169000,USD,169000,US,0,US,M,Machine Learning / Ai
2017,2023,SE,FT,Data Engineer,170000,USD,170000,US,100,US,M,Data Engineering & Architecture
2018,2023,SE,FT,Machine Learning Engineer,189000,USD,189000,US,100,US,M,Machine Learning / Ai
2019,2024,SE,FT,Business Intelligence Analyst,72600,USD,72600,US,0,US,M,Data Analyst / BI
2020,2024,SE,FT,Data Engineer,191311,USD,191311,US,100,US,M,Data Engineering & Architecture
2021,2023,SE,FT,AI Engineer,350000,USD,350000,US,0,US,M,Machine Learning / Ai
2022,2023,MI,FT,Research Engineer,193500,USD,193500,US,0,US,M,Research / Computational
2023,2024,MI,FT,Data Engineer,129600,USD,129600,US,100,US,M,Data Engineering & Architecture
2024,2023,SE,FT,Data Science,115000,USD,115000,US,100,US,M,Data Scientist
2025,2022,EX,FT,Data Engineer,310000,USD,310000,US,100,US,M,Data Engineering & Architecture
2026,2022,SE,FT,Data Scientist,90000,GBP,110820,GB,0,GB,M,Data Scientist
2027,2023,SE,FT,Machine Learning Engineer,153088,USD,153088,US,100,US,M,Machine Learning / Ai
2028,2023,MI,FT,Data Scientist,183200,USD,183200,US,0,US,M,Data Scientist
2029,2023,SE,FT,ML Engineer,305000,USD,305000,US,0,US,M,Machine Learning / Ai
2030,2023,SE,FT,Data Engineer,165000,USD,165000,US,100,US,M,Data Engineering & Architecture
2031,2024,MI,FT,Analytics Engineer,150000,USD,150000,US,100,US,M,Data Analyst / BI
2032,2024,MI,FT,Data Science Consultant,70000,USD,70000,US,100,US,M,Data Scientist
2033,2023,SE,FT,Data Analyst,82500,USD,82500,US,0,US,M,Data Analyst / BI
2034,2024,MI,FT,Data Analyst,100000,USD,100000,US,0,US,M,Data Analyst / BI
2035,2024,MI,FT,Data Analyst,40000,GBP,50000,GB,0,GB,M,Data Analyst / BI
2036,2023,SE,FT,Data Quality Analyst,82000,USD,82000,US,0,US,M,Data Analyst / BI
2037,2023,MI,FT,Data Manager,132300,USD,132300,US,0,US,M,Data Analyst / BI
2038,2023,MI,FT,Data Science Lead,129300,USD,129300,US,0,US,M,Data Scientist
2039,2024,SE,FT,Data Scientist,144500,USD,144500,US,0,US,M,Data Scientist
2040,2023,MI,FT,Analytics Engineer,165000,USD,165000,US,0,US,M,Data Analyst / BI
2041,2024,MI,FT,Machine Learning Engineer,135200,USD,135200,US,0,US,M,Machine Learning / Ai
2042,2023,SE,FT,Data Scientist,168000,USD,168000,US,0,US,M,Data Scientist
2043,2024,SE,FT,Data Architect,90000,GBP,112500,GB,0,GB,M,Data Engineering & Architecture
2044,2024,MI,FT,Prompt Engineer,240960,USD,240960,US,0,US,M,Machine Learning / Ai
2045,2024,EN,FT,Data Analyst,92700,USD,92700,US,100,US,M,Data Analyst / BI
2046,2023,SE,FT,Data Engineer,181500,USD,181500,US,0,US,M,Data Engineering & Architecture
2047,2023,SE,FT,Analytics Engineer,95000,USD,95000,US,0,US,M,Data Analyst / BI
2048,2023,MI,FT,Data Analyst,60000,GBP,73824,GB,0,GB,M,Data Analyst / BI
2049,2024,SE,FT,Machine Learning Scientist,175000,USD,175000,US,0,US,M,Machine Learning / Ai
2050,2023,SE,FT,Data Scientist,245000,USD,245000,US,0,US,M,Data Scientist
2051,2023,SE,FT,Data Specialist,60000,USD,60000,US,0,US,M,Data Analyst / BI
2052,2023,SE,FT,Data Architect,166375,USD,166375,US,0,US,M,Data Engineering & Architecture
2053,2023,SE,FT,Data Scientist,104000,USD,104000,US,0,US,M,Data Scientist
2054,2024,MI,FT,Data Engineer,89000,USD,89000,US,0,US,M,Data Engineering & Architecture
2055,2024,SE,FT,Data Scientist,60000,EUR,66666,ES,0,ES,M,Data Scientist
2056,2024,SE,FT,Data Science,172500,USD,172500,US,0,US,M,Data Scientist
2057,2023,SE,FT,Data Scientist,105000,USD,105000,CA,0,CA,M,Data Scientist
2058,2024,MI,FT,Business Intelligence,207600,USD,207600,US,0,US,M,Data Analyst / BI
2059,2023,SE,FT,Business Intelligence Engineer,142000,USD,142000,US,0,US,M,Data Analyst / BI
2060,2022,SE,FT,Data Analyst,119000,USD,119000,US,100,US,M,Data Analyst / BI
2061,2023,SE,FT,Principal Data Scientist,80000,EUR,86374,ES,100,ES,L,Data Scientist
2062,2024,SE,FT,Robotics Software Engineer,282000,USD,282000,US,0,US,M,Machine Learning / Ai
2063,2023,SE,FT,Research Scientist,200000,USD,200000,US,0,US,M,Research / Computational
2064,2024,MI,FT,Data Scientist,75705,USD,75705,US,0,US,M,Data Scientist
2065,2023,SE,FT,Machine Learning Engineer,124000,USD,124000,CA,0,CA,M,Machine Learning / Ai
2066,2024,SE,FT,Data Engineer,147500,USD,147500,US,100,US,M,Data Engineering & Architecture
2067,2023,SE,FT,Data Architect,150000,USD,150000,US,0,US,M,Data Engineering & Architecture
2068,2023,MI,FT,Data Scientist,157000,USD,157000,US,100,US,M,Data Scientist
2069,2023,MI,FT,Data Science,235000,USD,235000,US,100,US,M,Data Scientist
2070,2023,SE,FT,BI Developer,105000,USD,105000,US,0,US,M,Data Analyst / BI
2071,2024,MI,FT,Data Manager,128000,USD,128000,US,0,US,M,Data Analyst / BI
2072,2023,SE,FT,Data Scientist,182000,USD,182000,US,0,US,M,Data Scientist
2073,2024,SE,FT,Data Scientist,170700,USD,170700,US,0,US,M,Data Scientist
2074,2023,SE,FT,Business Intelligence Analyst,194521,USD,194521,US,0,US,M,Data Analyst / BI
2075,2024,SE,FT,Data Engineer,295000,USD,295000,US,0,US,M,Data Engineering & Architecture
2076,2024,SE,FT,Data Science,144200,USD,144200,US,0,US,M,Data Scientist
2077,2024,EN,FT,Business Intelligence,166000,USD,166000,US,100,US,M,Data Analyst / BI
2078,2023,SE,FT,Data Engineer,197400,USD,197400,US,0,US,M,Data Engineering & Architecture
2079,2023,SE,FT,Machine Learning Engineer,145000,USD,145000,US,0,US,M,Machine Learning / Ai
2080,2023,SE,FT,Data Analyst,100000,USD,100000,GB,100,GB,M,Data Analyst / BI
2081,2023,SE,FT,BI Developer,197000,USD,197000,US,0,US,M,Data Analyst / BI
2082,2023,MI,FT,Data Analyst,70000,GBP,86128,GB,0,GB,M,Data Analyst / BI
2083,2023,SE,FT,Data Engineer,174350,USD,174350,US,100,US,M,Data Engineering & Architecture
2084,2023,MI,FT,Data Engineer,115300,USD,115300,US,100,US,M,Data Engineering & Architecture
2085,2022,SE,FT,Data Scientist,185000,USD,185000,US,100,US,M,Data Scientist
2086,2023,MI,FT,Data Analyst,72000,USD,72000,US,0,US,M,Data Analyst / BI
2087,2024,EN,FT,Data Scientist,144650,USD,144650,US,0,US,M,Data Scientist
2088,2024,EX,FT,Data Science Director,96000,EUR,106666,ES,100,ES,L,Data Scientist
2089,2023,SE,FT,ML Engineer,276000,USD,276000,US,0,US,M,Machine Learning / Ai
2090,2023,SE,FT,Data Engineer,385000,USD,385000,US,0,US,M,Data Engineering & Architecture
2091,2023,MI,FT,Data Analyst,110000,USD,110000,US,0,US,M,Data Analyst / BI
2092,2023,MI,FT,Data Scientist,250000,USD,250000,US,0,US,M,Data Scientist
2093,2023,SE,FT,Data Engineer,280000,USD,280000,US,0,US,M,Data Engineering & Architecture
2094,2023,SE,FT,Data Scientist,172100,USD,172100,US,0,US,M,Data Scientist
2095,2022,SE,FT,Analytics Engineer,116250,USD,116250,US,100,US,M,Data Analyst / BI
2096,2022,EX,FT,Head of Data,160000,USD,160000,US,0,US,M,Data Analyst / BI
2097,2023,MI,FT,Machine Learning Engineer,150450,USD,150450,US,100,US,M,Machine Learning / Ai
2098,2023,MI,FT,Data Engineer,59000,GBP,72593,GB,0,GB,M,Data Engineering & Architecture
2099,2023,SE,FT,Data Scientist,123000,USD,123000,US,0,US,M,Data Scientist
2100,2023,SE,FT,Data Scientist,253430,USD,253430,US,0,US,M,Data Scientist
2101,2023,SE,FT,Data Scientist,275300,USD,275300,US,100,US,M,Data Scientist
2102,2024,EN,FT,Data Scientist,58400,USD,58400,US,0,US,M,Data Scientist
2103,2023,MI,FT,Data Engineer,99000,USD,99000,CA,100,CA,M,Data Engineering & Architecture
2104,2023,MI,FT,Data Scientist,225300,USD,225300,US,0,US,M,Data Scientist
2105,2022,SE,FT,Data Scientist,45000,EUR,47280,ES,0,ES,M,Data Scientist
2106,2023,SE,FT,Business Intelligence Engineer,192000,USD,192000,US,0,US,M,Data Analyst / BI
2107,2024,EX,FT,Data Architect,210000,USD,210000,US,100,US,M,Data Engineering & Architecture
2108,2023,SE,FT,Data Scientist,177300,USD,177300,US,0,US,M,Data Scientist
2109,2023,MI,FT,Data Manager,73500,USD,73500,US,0,US,M,Data Analyst / BI
2110,2023,SE,FT,Data Engineer,90000,USD,90000,US,0,US,M,Data Engineering & Architecture
2111,2024,MI,FT,Data Engineer,194000,USD,194000,US,0,US,M,Data Engineering & Architecture
2112,2024,SE,FT,Data Scientist,170000,USD,170000,US,100,US,M,Data Scientist
2113,2024,EN,FT,Data Analyst,105000,USD,105000,US,0,US,M,Data Analyst / BI
2114,2023,SE,FT,Data Engineer,177500,USD,177500,US,0,US,M,Data Engineering & Architecture
2115,2023,MI,FT,ML Engineer,155000,USD,155000,US,0,US,M,Machine Learning / Ai
2116,2024,MI,FT,Data Scientist,220000,USD,220000,US,0,US,M,Data Scientist
2117,2023,MI,FT,Data Scientist,55000,EUR,59382,ES,0,ES,M,Data Scientist
2118,2022,MI,FT,Data Analyst,100000,USD,100000,US,100,US,M,Data Analyst / BI
2119,2023,SE,FT,Machine Learning Engineer,121000,USD,121000,US,0,US,M,Machine Learning / Ai
2120,2024,EN,FT,Research Analyst,90000,USD,90000,US,0,US,M,Research / Computational
2121,2023,SE,FT,Research Engineer,184800,USD,184800,US,0,US,M,Research / Computational
2122,2024,EN,FT,Research Analyst,124000,USD,124000,US,0,US,M,Research / Computational
2123,2023,SE,FT,Data Analyst,82200,USD,82200,US,100,US,M,Data Analyst / BI
2124,2023,SE,FT,NLP Engineer,60000,EUR,64781,ES,100,ES,M,Machine Learning / Ai
2125,2023,SE,FT,Data Architect,138000,USD,138000,GB,100,GB,M,Data Engineering & Architecture
2126,2024,SE,FT,Data Analyst,134500,USD,134500,US,0,US,M,Data Analyst / BI
2127,2024,MI,FT,Data Specialist,111000,USD,111000,US,0,US,M,Data Analyst / BI
2128,2023,SE,FT,Data Engineer,370000,USD,370000,US,0,US,M,Data Engineering & Architecture
2129,2024,EX,FT,Head of Data,182000,USD,182000,US,0,US,M,Data Analyst / BI
2130,2024,SE,FT,Data Engineer,233200,USD,233200,US,0,US,M,Data Engineering & Architecture
2131,2024,MI,FT,Data Engineer,97935,USD,97935,US,0,US,M,Data Engineering & Architecture
2132,2023,SE,FT,Data Scientist,155600,USD,155600,US,0,US,M,Data Scientist
2133,2023,SE,FT,Data Science,95100,USD,95100,US,100,US,M,Data Scientist
2134,2023,SE,FT,Data Analyst,206500,USD,206500,US,100,US,M,Data Analyst / BI
2135,2023,SE,FT,Data Scientist,222000,USD,222000,US,0,US,M,Data Scientist
2136,2023,SE,FT,Data Scientist,130500,USD,130500,US,0,US,M,Data Scientist
2137,2024,MI,FT,Machine Learning Engineer,160000,USD,160000,US,0,US,M,Machine Learning / Ai
2138,2023,MI,FT,Data Engineer,180000,USD,180000,US,0,US,M,Data Engineering & Architecture
2139,2024,EN,FT,Data Management Analyst,145000,USD,145000,US,0,US,M,Data Analyst / BI
2140,2024,MI,FT,Data Scientist,190000,USD,190000,US,100,US,M,Data Scientist
2141,2023,SE,FT,Data Scientist,209450,USD,209450,US,100,US,M,Data Scientist
2142,2023,EX,FT,Head of Data,269600,USD,269600,US,0,US,M,Data Analyst / BI
2143,2023,SE,FT,Data Architect,80000,USD,80000,US,0,US,M,Data Engineering & Architecture
2144,2023,SE,FT,Machine Learning Engineer,165500,USD,165500,US,100,US,M,Machine Learning / Ai
2145,2024,SE,FT,Data Engineer,130000,USD,130000,US,100,US,M,Data Engineering & Architecture
2146,2023,SE,FT,Data Scientist,233300,USD,233300,US,0,US,M,Data Scientist
2147,2024,SE,FT,Data Architect,175000,USD,175000,US,0,US,M,Data Engineering & Architecture
2148,2024,MI,FT,Data Scientist,60000,USD,60000,US,0,US,M,Data Scientist
2149,2023,SE,FT,Data Analyst,120250,USD,120250,US,100,US,M,Data Analyst / BI
2150,2024,SE,FT,Machine Learning Engineer,208000,USD,208000,US,100,US,M,Machine Learning / Ai
2151,2023,MI,FT,Data Engineer,116500,USD,116500,US,100,US,M,Data Engineering & Architecture
2152,2021,MI,FT,Data Science Lead,150000,USD,150000,US,100,US,M,Data Scientist
2153,2023,SE,FT,Data Analyst,126000,USD,126000,US,0,US,M,Data Analyst / BI
2154,2023,MI,FT,Data Analytics Manager,140000,USD,140000,US,0,US,M,Data Analyst / BI
2155,2024,SE,FT,Machine Learning Scientist,277000,USD,277000,US,0,US,M,Machine Learning / Ai
2156,2023,SE,FT,Data Engineer,108308,USD,108308,GB,100,GB,M,Data Engineering & Architecture
2157,2024,SE,FT,Data Architect,117000,USD,117000,US,0,US,M,Data Engineering & Architecture
2158,2023,MI,FT,Research Analyst,102000,USD,102000,US,0,US,M,Research / Computational
2159,2024,EN,FT,Data Analyst,94600,USD,94600,US,0,US,M,Data Analyst / BI
2160,2023,MI,CT,Machine Learning Engineer,105000,USD,105000,US,100,US,S,Machine Learning / Ai
2161,2023,SE,FT,Data Scientist,285800,USD,285800,US,100,US,M,Data Scientist
2162,2024,MI,FT,Data Visualization Specialist,170200,USD,170200,US,0,US,M,Data Analyst / BI
2163,2024,EX,FT,BI Developer,130000,USD,130000,US,0,US,M,Data Analyst / BI
2164,2024,SE,FT,Data Scientist,65000,GBP,81250,GB,0,GB,M,Data Scientist
2165,2023,MI,FL,Data Science Consultant,21000,USD,21000,PK,100,LU,S,Data Scientist
2166,2024,SE,FT,Analytics Engineer,137871,USD,137871,US,100,US,M,Data Analyst / BI
2167,2023,SE,FT,Data Architect,115000,USD,115000,US,100,US,M,Data Engineering & Architecture
2168,2023,SE,FT,Analytics Engineer,178560,USD,178560,US,0,US,M,Data Analyst / BI
2169,2024,EN,FT,Research Analyst,120000,USD,120000,US,100,US,M,Research / Computational
2170,2023,SE,FT,Research Analyst,107000,USD,107000,US,0,US,M,Research / Computational
2171,2023,SE,FT,Applied Scientist,159100,USD,159100,US,0,US,L,Data Analyst / BI
2172,2023,MI,FT,Machine Learning Engineer,180000,USD,180000,US,100,US,M,Machine Learning / Ai
2173,2024,SE,FT,Machine Learning Engineer,132300,USD,132300,US,0,US,M,Machine Learning / Ai
2174,2023,SE,FT,Data Analyst,185000,USD,185000,US,100,US,M,Data Analyst / BI
2175,2023,MI,FT,Data Engineer,105000,GBP,129192,GB,0,GB,M,Data Engineering & Architecture
2176,2023,EX,FT,Head of Data,142200,USD,142200,US,0,US,M,Data Analyst / BI
2177,2022,SE,FT,Data Analyst,130000,USD,130000,US,0,US,M,Data Analyst / BI
2178,2024,SE,FT,Machine Learning Scientist,170000,USD,170000,US,0,US,M,Machine Learning / Ai
2179,2023,MI,FT,Data Scientist,212000,USD,212000,US,0,US,M,Data Scientist
2180,2023,SE,FT,Data Analyst,138000,USD,138000,US,100,US,M,Data Analyst / BI
2181,2023,SE,FT,Data Scientist,127950,USD,127950,US,0,US,M,Data Scientist
2182,2023,SE,FT,Data Scientist,197500,USD,197500,US,0,US,M,Data Scientist
2183,2023,SE,FT,Data Engineer,108000,USD,108000,US,100,US,M,Data Engineering & Architecture
2184,2023,SE,FT,Machine Learning Scientist,222000,USD,222000,US,0,US,M,Machine Learning / Ai
2185,2023,SE,FT,Data Analyst,75000,USD,75000,US,0,US,M,Data Analyst / BI
2186,2023,SE,FT,Data Engineer,160000,USD,160000,US,100,US,M,Data Engineering & Architecture
2187,2023,SE,FT,Data Scientist,132500,USD,132500,US,0,US,M,Data Scientist
2188,2024,EN,FL,Applied Data Scientist,30000,USD,30000,GB,100,GB,M,Data Scientist
2189,2024,SE,FT,Business Intelligence Analyst,54395,GBP,67993,ZA,0,ZA,M,Data Analyst / BI
2190,2023,SE,FT,Data Scientist,180000,USD,180000,US,0,US,M,Data Scientist
2191,2023,SE,FT,Applied Scientist,212800,USD,212800,US,0,US,L,Data Analyst / BI
2192,2023,SE,FT,Data Architect,204000,USD,204000,US,100,US,M,Data Engineering & Architecture
2193,2023,SE,FT,Data Engineer,210000,USD,210000,US,100,US,M,Data Engineering & Architecture
2194,2024,EN,FT,Data Analyst,61700,USD,61700,US,100,US,M,Data Analyst / BI
2195,2024,SE,FT,Research Engineer,144600,USD,144600,US,0,US,M,Research / Computational
2196,2023,MI,FT,Data Scientist,135000,USD,135000,US,100,US,M,Data Scientist
2197,2023,MI,FT,Research Engineer,130000,USD,130000,US,100,US,M,Research / Computational
2198,2023,SE,FT,Data Analyst,81666,USD,81666,US,100,US,M,Data Analyst / BI
2199,2024,SE,FT,Data Scientist,130000,USD,130000,US,100,US,M,Data Scientist
2200,2024,SE,FT,Data Engineer,135000,USD,135000,US,0,US,M,Data Engineering & Architecture
2201,2024,SE,FT,AI Architect,289000,USD,289000,US,100,US,L,Machine Learning / Ai
2202,2023,SE,FT,Data Analyst,185900,USD,185900,US,0,US,M,Data Analyst / BI
2203,2024,SE,FT,BI Data Analyst,60000,EUR,66666,DE,50,DE,S,Data Analyst / BI
2204,2022,MI,FT,Data Engineer,80000,GBP,98506,GB,100,GB,M,Data Engineering & Architecture
2205,2023,SE,FT,Applied Scientist,135200,USD,135200,US,0,US,M,Data Analyst / BI
2206,2024,SE,FT,Analytics Engineer,120000,USD,120000,CA,100,CA,M,Data Analyst / BI
2207,2023,SE,FT,Data Architect,280100,USD,280100,US,100,US,M,Data Engineering & Architecture
2208,2023,MI,FT,Data Engineer,130400,USD,130400,US,0,US,M,Data Engineering & Architecture
2209,2024,SE,FT,Data Analyst,86026,EUR,95584,DE,100,DE,M,Data Analyst / BI
2210,2024,SE,FT,Applied Scientist,180000,USD,180000,US,100,US,M,Data Analyst / BI
2211,2022,SE,FT,Data Specialist,70000,USD,70000,US,0,US,M,Data Analyst / BI
2212,2024,SE,FT,Data Analyst,136000,USD,136000,US,0,US,M,Data Analyst / BI
2213,2023,MI,FT,Research Scientist,340000,USD,340000,US,100,US,M,Research / Computational
2214,2022,EN,FT,Data Scientist,100000,USD,100000,US,100,US,M,Data Scientist
2215,2023,SE,FT,Data Engineer,109400,USD,109400,US,0,US,M,Data Engineering & Architecture
2216,2023,SE,FT,Research Analyst,185000,USD,185000,US,0,US,M,Research / Computational
2217,2022,EX,FT,Machine Learning Scientist,180000,USD,180000,US,100,US,S,Machine Learning / Ai
2218,2023,SE,FT,Data Scientist,166000,USD,166000,US,0,US,M,Data Scientist
2219,2024,SE,FT,Machine Learning Engineer,263500,USD,263500,US,100,US,M,Machine Learning / Ai
2220,2024,SE,FT,Data Analyst,110000,USD,110000,US,0,US,M,Data Analyst / BI
2221,2023,MI,FT,Data Analyst,80000,USD,80000,US,100,US,M,Data Analyst / BI
2222,2023,SE,FT,Data Scientist,179000,USD,179000,US,0,US,M,Data Scientist
2223,2024,SE,FT,Machine Learning Engineer,255000,USD,255000,US,100,US,M,Machine Learning / Ai
2224,2023,SE,FT,Data Analyst,106800,USD,106800,US,0,US,M,Data Analyst / BI
2225,2024,MI,FT,Prompt Engineer,200800,USD,200800,US,0,US,M,Machine Learning / Ai
2226,2024,MI,FT,Data Engineer,180000,USD,180000,US,0,US,M,Data Engineering & Architecture
2227,2023,SE,FT,Data Product Manager,137500,USD,137500,US,0,US,M,Data Analyst / BI
2228,2023,SE,FT,Prompt Engineer,140000,USD,140000,US,0,US,M,Machine Learning / Ai
2229,2023,MI,FT,Data Analyst,116700,USD,116700,US,0,US,M,Data Analyst / BI
2230,2023,SE,FT,Research Scientist,140000,USD,140000,US,0,US,M,Research / Computational
2231,2022,MI,FT,Data Operations Engineer,100000,USD,100000,US,100,US,M,Data Analyst / BI
2232,2024,MI,FT,Data Engineer,85750,USD,85750,US,0,US,M,Data Engineering & Architecture
2233,2023,EN,FT,Data Analyst,50000,USD,50000,US,0,US,M,Data Analyst / BI
2234,2022,SE,FT,Data Science Manager,172200,USD,172200,US,0,US,M,Data Scientist
2235,2023,MI,FT,Data Engineer,85800,USD,85800,US,0,US,M,Data Engineering & Architecture
2236,2023,SE,FT,Data Engineer,135000,USD,135000,US,100,US,M,Data Engineering & Architecture
2237,2022,SE,FT,Analytics Engineer,63000,USD,63000,US,0,US,M,Data Analyst / BI
2238,2022,MI,FT,Data Engineer,55000,GBP,67723,GB,100,GB,M,Data Engineering & Architecture
2239,2023,MI,FT,Data Engineer,54500,GBP,67056,GB,0,GB,M,Data Engineering & Architecture
2240,2023,MI,FT,Data Specialist,110000,USD,110000,US,0,US,M,Data Analyst / BI
2241,2023,MI,FT,Business Intelligence Analyst,80505,USD,80505,CA,0,CA,M,Data Analyst / BI
2242,2024,MI,FT,Research Scientist,150000,USD,150000,US,100,US,M,Research / Computational
2243,2023,SE,FT,Data Engineer,195800,USD,195800,US,0,US,M,Data Engineering & Architecture
2244,2023,SE,FT,Research Engineer,168000,USD,168000,FR,0,FR,M,Research / Computational
2245,2024,SE,FT,Business Intelligence,132900,USD,132900,US,0,US,M,Data Analyst / BI
2246,2023,SE,FT,Machine Learning Engineer,104000,USD,104000,US,0,US,M,Machine Learning / Ai
2247,2024,SE,FT,Business Intelligence Analyst,86000,USD,86000,US,0,US,M,Data Analyst / BI
2248,2023,SE,FT,Research Analyst,135960,USD,135960,US,0,US,M,Research / Computational
2249,2022,SE,FT,Data Scientist,168000,USD,168000,US,100,US,M,Data Scientist
2250,2020,EN,CT,Staff Data Analyst,60000,CAD,44753,CA,50,CA,L,Data Analyst / BI
2251,2023,SE,FT,Data Scientist,118575,USD,118575,CA,100,CA,M,Data Scientist
2252,2023,SE,FT,Research Scientist,220000,USD,220000,US,0,US,M,Research / Computational
2253,2023,SE,FT,Data Scientist,150000,USD,150000,US,100,US,M,Data Scientist
2254,2023,MI,FT,Machine Learning Engineer,172200,USD,172200,US,0,US,M,Machine Learning / Ai
2255,2024,MI,FT,Data Manager,83300,USD,83300,US,0,US,M,Data Analyst / BI
2256,2023,MI,FT,Data Engineer,73400,USD,73400,US,0,US,M,Data Engineering & Architecture
2257,2024,EN,FT,Research Analyst,83200,USD,83200,US,100,US,M,Research / Computational
2258,2024,MI,FT,Data Engineer,200000,USD,200000,US,100,US,M,Data Engineering & Architecture
2259,2024,MI,FT,Data Management Analyst,76050,USD,76050,US,100,US,M,Data Analyst / BI
2260,2023,MI,FT,AI Developer,200000,USD,200000,US,100,US,M,Machine Learning / Ai
2261,2023,MI,FT,Data Analyst,80000,USD,80000,US,0,US,M,Data Analyst / BI
2262,2023,EX,FT,Data Analyst,70000,USD,70000,US,100,US,M,Data Analyst / BI
2263,2023,EN,FT,Data Analyst,47500,USD,47500,US,0,US,M,Data Analyst / BI
2264,2023,MI,FT,Data Engineer,220000,USD,220000,CA,100,CA,M,Data Engineering & Architecture
2265,2023,SE,FT,Machine Learning Engineer,130100,USD,130100,US,0,US,M,Machine Learning / Ai
2266,2024,SE,FT,Data Engineer,270250,USD,270250,US,0,US,M,Data Engineering & Architecture
2267,2023,SE,FT,Data Science Manager,160000,USD,160000,US,100,US,M,Data Scientist
2268,2024,SE,FT,Data Engineer,93300,USD,93300,US,0,US,M,Data Engineering & Architecture
2269,2023,MI,FT,Data Engineer,95000,USD,95000,US,100,US,M,Data Engineering & Architecture
2270,2024,SE,FT,Data Scientist,237600,USD,237600,US,0,US,M,Data Scientist
2271,2024,MI,FT,Data Engineer,215500,USD,215500,US,0,US,M,Data Engineering & Architecture
2272,2023,SE,FT,Data Engineer,120000,USD,120000,US,100,US,M,Data Engineering & Architecture
2273,2024,MI,FT,Data Engineer,95000,USD,95000,US,100,US,M,Data Engineering & Architecture
2274,2023,SE,FT,Data Science Manager,198200,USD,198200,US,100,US,M,Data Scientist
2275,2023,SE,FT,Analytics Engineer,196000,USD,196000,US,0,US,M,Data Analyst / BI
2276,2023,SE,FT,Data Engineer,241000,USD,241000,US,0,US,M,Data Engineering & Architecture
2277,2023,SE,FT,Data Scientist,78000,USD,78000,US,0,US,M,Data Scientist
2278,2024,MI,FT,Data Analyst,121000,USD,121000,US,0,US,M,Data Analyst / BI
2279,2023,SE,FT,Data Engineer,172000,USD,172000,US,100,US,M,Data Engineering & Architecture
2280,2024,SE,FT,Data Engineer,176000,USD,176000,US,0,US,M,Data Engineering & Architecture
2281,2023,MI,FT,Data Analyst,48000,USD,48000,US,100,US,M,Data Analyst / BI
2282,2023,MI,FT,Data Engineer,55000,GBP,67672,GB,100,GB,M,Data Engineering & Architecture
2283,2023,SE,FT,Data Engineer,240500,USD,240500,US,0,US,L,Data Engineering & Architecture
2284,2023,SE,FT,Data Analyst,105500,USD,105500,US,0,US,M,Data Analyst / BI
2285,2023,SE,FT,Data Analyst,177000,USD,177000,US,100,US,M,Data Analyst / BI
2286,2023,SE,FT,Deep Learning Engineer,135000,CAD,100017,CA,100,CA,M,Machine Learning / Ai
2287,2023,SE,FT,Analytics Engineer,214000,USD,214000,US,0,US,M,Data Analyst / BI
2288,2024,SE,FT,Business Intelligence Analyst,55000,GBP,68750,GB,0,GB,M,Data Analyst / BI
2289,2024,SE,FT,Robotics Engineer,165000,USD,165000,US,0,US,M,Machine Learning / Ai
2290,2024,MI,FT,Research Engineer,35000,EUR,38888,PT,0,PT,M,Research / Computational
2291,2023,SE,FT,Data Engineer,150600,USD,150600,GB,100,GB,M,Data Engineering & Architecture
2292,2023,SE,FT,Data Architect,250500,USD,250500,US,0,US,M,Data Engineering & Architecture
2293,2023,MI,FT,Data Scientist,140000,USD,140000,US,100,US,M,Data Scientist
2294,2023,MI,FT,Data Analyst,90000,USD,90000,US,0,US,M,Data Analyst / BI
2295,2023,SE,FT,Data Analyst,150000,USD,150000,US,0,US,M,Data Analyst / BI
2296,2023,SE,FT,Data Engineer,150000,USD,150000,US,0,US,M,Data Engineering & Architecture
2297,2024,SE,FT,Data Analyst,117000,USD,117000,US,0,US,M,Data Analyst / BI
2298,2023,SE,FT,Data Analyst,85700,USD,85700,US,0,US,M,Data Analyst / BI
2299,2024,SE,FT,Data Analyst,163700,USD,163700,US,0,US,M,Data Analyst / BI
2300,2024,SE,FT,Data Scientist,174300,USD,174300,US,0,US,M,Data Scientist
2301,2024,SE,FT,Machine Learning Engineer,304750,USD,304750,US,0,US,M,Machine Learning / Ai
2302,2023,SE,FT,Data Engineer,144100,USD,144100,US,0,US,M,Data Engineering & Architecture
2303,2023,SE,FT,Data Scientist,181000,USD,181000,CA,0,CA,M,Data Scientist
2304,2024,MI,FT,Machine Learning Engineer,150000,USD,150000,US,0,US,M,Machine Learning / Ai
2305,2024,MI,FT,Data Scientist,127300,USD,127300,US,0,US,L,Data Scientist
2306,2023,SE,FT,ML Engineer,110000,USD,110000,CA,100,CA,M,Machine Learning / Ai
2307,2023,SE,FT,Machine Learning Engineer,263500,USD,263500,US,100,US,M,Machine Learning / Ai
2308,2024,SE,FT,Data Scientist,126500,USD,126500,US,100,US,M,Data Scientist
2309,2024,SE,FT,MLOps Engineer,175000,USD,175000,US,0,US,M,DevOps / MLOps
2310,2024,EN,FT,Machine Learning Engineer,91000,USD,91000,US,0,US,M,Machine Learning / Ai
2311,2023,SE,FT,Data Analyst,93918,USD,93918,US,0,US,M,Data Analyst / BI
2312,2022,SE,FT,Data Analyst,95000,USD,95000,US,0,US,M,Data Analyst / BI
2313,2023,SE,FT,Data Engineer,180000,USD,180000,US,100,US,M,Data Engineering & Architecture
2314,2023,SE,FT,Data Analyst,167000,USD,167000,US,0,US,M,Data Analyst / BI
2315,2023,SE,FT,Data Engineer,185100,USD,185100,US,100,US,M,Data Engineering & Architecture
2316,2024,SE,FT,Data Engineer,130008,CAD,100006,CA,0,CA,M,Data Engineering & Architecture
2317,2023,MI,FT,Head of Data Science,5000000,INR,60805,IN,50,IN,L,Data Scientist
2318,2024,SE,FT,Data Engineer,148000,USD,148000,US,100,US,M,Data Engineering & Architecture
2319,2024,MI,FT,Data Analyst,187000,USD,187000,US,0,US,M,Data Analyst / BI
2320,2023,SE,FT,Data Scientist,100000,USD,100000,US,0,US,M,Data Scientist
2321,2024,SE,FT,Machine Learning Engineer,140000,USD,140000,US,0,US,M,Machine Learning / Ai
2322,2023,MI,FT,Data Analyst,121000,USD,121000,US,0,US,M,Data Analyst / BI
2323,2023,SE,FT,Data Scientist,174000,USD,174000,US,100,US,M,Data Scientist
2324,2023,SE,FT,Data Scientist,203000,USD,203000,US,100,US,M,Data Scientist
2325,2024,SE,FT,Data Engineer,130000,USD,130000,US,0,US,M,Data Engineering & Architecture
2326,2023,SE,FT,Analytics Engineer,143200,USD,143200,US,0,US,M,Data Analyst / BI
2327,2023,SE,FT,Data Engineer,227500,USD,227500,US,100,US,M,Data Engineering & Architecture
2328,2022,SE,FT,Data Engineer,230000,USD,230000,US,100,US,M,Data Engineering & Architecture
2329,2023,EX,FT,Head of Machine Learning,188000,USD,188000,US,0,US,M,Machine Learning / Ai
2330,2024,EN,FT,Data Analyst,70000,USD,70000,US,0,US,M,Data Analyst / BI
2331,2022,MI,FT,BI Analyst,78000,USD,78000,BR,100,BR,M,Data Analyst / BI
2332,2023,SE,FT,Machine Learning Engineer,215000,USD,215000,US,0,US,M,Machine Learning / Ai
2333,2023,SE,FT,Data Engineer,96800,USD,96800,US,100,US,M,Data Engineering & Architecture
2334,2023,SE,FT,AI Engineer,240000,USD,240000,US,0,US,M,Machine Learning / Ai
2335,2023,MI,FT,Data Scientist,110000,USD,110000,US,0,US,M,Data Scientist
2336,2023,SE,FT,Machine Learning Engineer,220000,USD,220000,US,0,US,M,Machine Learning / Ai
2337,2023,MI,FT,Business Intelligence Analyst,100631,USD,100631,CA,0,CA,M,Data Analyst / BI
2338,2023,MI,FT,Autonomous Vehicle Technician,120000,USD,120000,GB,50,GB,M,Data Analyst / BI
2339,2024,MI,FT,Data Science Manager,188500,USD,188500,US,0,US,M,Data Scientist
2340,2024,SE,FT,Data Scientist,190500,USD,190500,CA,100,CA,M,Data Scientist
2341,2022,MI,FT,Data Scientist,110000,EUR,115573,NL,0,NL,M,Data Scientist
2342,2023,SE,FT,Data Scientist,219000,USD,219000,US,0,US,M,Data Scientist
2343,2024,SE,FT,Research Scientist,141300,USD,141300,US,100,US,M,Research / Computational
2344,2022,SE,FT,Data Engineer,193750,USD,193750,US,100,US,M,Data Engineering & Architecture
2345,2024,SE,FT,Data Analyst,128800,USD,128800,US,0,US,M,Data Analyst / BI
2346,2023,SE,FT,Machine Learning Engineer,175000,USD,175000,US,100,US,M,Machine Learning / Ai
2347,2023,SE,FT,Machine Learning Scientist,180514,USD,180514,GB,100,GB,M,Machine Learning / Ai
2348,2023,SE,FT,Analytics Engineer,138000,USD,138000,US,0,US,M,Data Analyst / BI
2349,2024,EN,FT,Research Analyst,110000,USD,110000,US,0,US,M,Research / Computational
2350,2022,MI,FT,Data Engineer,80000,USD,80000,US,100,US,M,Data Engineering & Architecture
2351,2022,SE,FT,Data Analyst,104000,USD,104000,US,100,US,M,Data Analyst / BI
2352,2023,SE,FT,Data Scientist,140000,USD,140000,US,0,US,M,Data Scientist
2353,2024,EN,FT,Data Science,80000,USD,80000,US,0,US,M,Data Scientist
2354,2023,SE,FT,Analytics Engineer,112500,USD,112500,US,0,US,M,Data Analyst / BI
2355,2024,SE,FT,Research Scientist,132500,USD,132500,US,0,US,M,Research / Computational
2356,2024,MI,FT,Data Engineer,167500,USD,167500,US,0,US,M,Data Engineering & Architecture
2357,2022,SE,FT,Analytics Engineer,231250,USD,231250,US,100,US,M,Data Analyst / BI
2358,2023,SE,FT,Research Scientist,120000,USD,120000,US,0,US,M,Research / Computational
2359,2023,SE,FT,Data Scientist,285800,USD,285800,US,0,US,M,Data Scientist
2360,2024,SE,FT,Analytics Engineer,329200,USD,329200,CA,100,CA,M,Data Analyst / BI
2361,2023,EN,FT,Data Scientist,135000,USD,135000,US,0,US,M,Data Scientist
2362,2023,SE,FT,Data Architect,132000,USD,132000,US,100,US,M,Data Engineering & Architecture
2363,2023,SE,FT,Data Engineer,186700,USD,186700,US,100,US,M,Data Engineering & Architecture
2364,2024,SE,FT,Data Scientist,185900,USD,185900,US,0,US,M,Data Scientist
2365,2024,MI,FT,Data Engineer,103000,USD,103000,US,0,US,M,Data Engineering & Architecture
2366,2023,SE,FT,Data Engineer,85000,USD,85000,US,100,US,M,Data Engineering & Architecture
2367,2023,SE,FT,Data Scientist,266000,USD,266000,US,0,US,M,Data Scientist
2368,2024,SE,FT,Data Scientist,136000,USD,136000,US,100,US,M,Data Scientist
2369,2023,MI,FT,Machine Learning Engineer,72000,USD,72000,VN,100,VN,M,Machine Learning / Ai
2370,2023,SE,FT,Machine Learning Engineer,230000,USD,230000,US,0,US,M,Machine Learning / Ai
2371,2024,SE,FT,Data Engineer,116600,USD,116600,US,100,US,M,Data Engineering & Architecture
2372,2022,EN,FT,Data Engineer,40000,GBP,49253,GB,100,GB,M,Data Engineering & Architecture
2373,2024,MI,FT,Data Engineer,65000,GBP,81250,GB,0,GB,M,Data Engineering & Architecture
2374,2023,SE,FT,Data Scientist,175000,USD,175000,US,0,US,M,Data Scientist
2375,2024,EN,FT,Data Scientist,55000,EUR,61111,DE,50,DE,M,Data Scientist
2376,2023,SE,FT,Data Scientist,90000,USD,90000,GB,0,GB,M,Data Scientist
2377,2023,SE,FT,Machine Learning Engineer,170000,USD,170000,US,100,US,M,Machine Learning / Ai
2378,2023,SE,FT,Data Scientist,199098,USD,199098,US,100,US,M,Data Scientist
2379,2022,MI,FT,Data Analytics Consultant,113000,USD,113000,US,100,US,L,Data Analyst / BI
2380,2023,SE,FT,Data Management Specialist,139500,USD,139500,US,0,US,M,Data Analyst / BI
2381,2024,EN,FT,Data Analyst,41419,USD,41419,US,100,US,M,Data Analyst / BI
2382,2024,SE,FT,Machine Learning Engineer,96900,USD,96900,US,0,US,M,Machine Learning / Ai
2383,2023,SE,FT,Data Scientist,147400,USD,147400,US,0,US,M,Data Scientist
2384,2024,MI,FT,ML Engineer,80420,USD,80420,US,0,US,M,Machine Learning / Ai
2385,2022,SE,FT,Data Scientist,125000,USD,125000,US,0,US,M,Data Scientist
2386,2023,SE,FT,Data Scientist,136000,USD,136000,US,0,US,M,Data Scientist
2387,2024,SE,FT,Research Engineer,240960,USD,240960,US,0,US,M,Research / Computational
2388,2024,SE,FT,Data Scientist,193000,USD,193000,US,0,US,M,Data Scientist
2389,2023,SE,FT,Machine Learning Engineer,370000,USD,370000,US,0,US,M,Machine Learning / Ai
2390,2023,SE,FT,Data Architect,81800,USD,81800,US,0,US,M,Data Engineering & Architecture
2391,2023,SE,FT,Data Scientist,202000,USD,202000,US,100,US,M,Data Scientist
2392,2024,EN,FT,Data Analyst,147000,USD,147000,US,0,US,M,Data Analyst / BI
2393,2023,MI,FT,Data Engineer,115092,USD,115092,US,0,US,M,Data Engineering & Architecture
2394,2022,EN,FT,Data Analyst,50000,USD,50000,AR,100,AR,L,Data Analyst / BI
2395,2023,MI,FT,Data Scientist,204500,USD,204500,US,0,US,M,Data Scientist
2396,2024,SE,FT,Data Analyst,100000,USD,100000,US,0,US,M,Data Analyst / BI
2397,2024,SE,FT,Machine Learning Engineer,340000,USD,340000,US,0,US,M,Machine Learning / Ai
2398,2023,SE,FT,Data Scientist,224000,USD,224000,CA,0,CA,M,Data Scientist
2399,2023,MI,FT,Research Scientist,130000,USD,130000,US,0,US,M,Research / Computational
2400,2023,SE,FT,Data Analyst,110000,USD,110000,US,100,US,M,Data Analyst / BI
2401,2024,SE,FT,Business Intelligence Analyst,198200,USD,198200,US,0,US,M,Data Analyst / BI
2402,2022,SE,FT,Data Engineer,110000,USD,110000,US,0,US,M,Data Engineering & Architecture
2403,2023,EX,FT,Data Engineer,113000,USD,113000,US,0,US,M,Data Engineering & Architecture
2404,2024,SE,FT,Research Engineer,234000,USD,234000,US,0,US,M,Research / Computational
2405,2024,SE,FT,ML Engineer,93300,USD,93300,DE,0,DE,M,Machine Learning / Ai
2406,2023,SE,FT,Computer Vision Engineer,175000,USD,175000,US,0,US,M,Machine Learning / Ai
2407,2024,EN,FT,Data Engineer,146000,USD,146000,US,0,US,M,Data Engineering & Architecture
2408,2023,EN,FT,MLOps Engineer,133000,USD,133000,US,0,US,M,DevOps / MLOps
2409,2024,MI,FT,Research Engineer,230000,USD,230000,US,0,US,M,Research / Computational
2410,2024,SE,FT,Research Scientist,337300,USD,337300,US,0,US,M,Research / Computational
2411,2023,MI,FT,Data Scientist,65000,GBP,79976,GB,100,GB,M,Data Scientist
2412,2020,MI,CT,Sales Data Analyst,60000,USD,60000,NG,0,NG,M,Data Analyst / BI
2413,2022,SE,FT,Data Engineer,142127,USD,142127,US,100,US,M,Data Engineering & Architecture
2414,2023,MI,FT,Data Engineer,50000,GBP,61520,CA,100,CA,M,Data Engineering & Architecture
2415,2023,SE,FT,Decision Scientist,185900,USD,185900,US,0,US,M,Data Analyst / BI
2416,2023,SE,FT,Data Analyst,179975,USD,179975,US,100,US,M,Data Analyst / BI
2417,2024,MI,FT,Data Engineer,96000,USD,96000,US,0,US,M,Data Engineering & Architecture
2418,2024,MI,FT,Data Scientist,73000,USD,73000,US,0,US,M,Data Scientist
2419,2023,EX,FT,Data Engineer,116704,USD,116704,US,100,US,M,Data Engineering & Architecture
2420,2023,SE,FT,Data Manager,199000,USD,199000,US,0,US,M,Data Analyst / BI
2421,2023,SE,FT,Data Scientist,258700,USD,258700,US,0,US,M,Data Scientist
2422,2023,SE,FT,Machine Learning Engineer,166000,USD,166000,US,0,US,M,Machine Learning / Ai
2423,2023,SE,FT,Data Engineer,134000,USD,134000,US,100,US,M,Data Engineering & Architecture
2424,2024,SE,FT,Research Scientist,190000,USD,190000,US,0,US,M,Research / Computational
2425,2023,SE,FT,Research Scientist,300000,USD,300000,US,0,US,M,Research / Computational
2426,2023,EN,FT,Business Data Analyst,20000,EUR,21593,ES,0,ES,M,Data Analyst / BI
2427,2024,SE,FT,Data Science,270250,USD,270250,US,0,US,M,Data Scientist
2428,2023,SE,FT,Data Engineer,110000,USD,110000,US,0,US,M,Data Engineering & Architecture
2429,2024,MI,FT,Data Engineer,159000,USD,159000,US,0,US,M,Data Engineering & Architecture
2430,2024,EN,FT,Data Analyst,35000,GBP,43750,GB,100,GB,M,Data Analyst / BI
2431,2023,SE,FT,Data Scientist,178538,USD,178538,US,100,US,M,Data Scientist
2432,2023,EN,FT,Data Integration Specialist,46400,USD,46400,US,100,US,M,Data Engineering & Architecture
2433,2023,EN,FT,Research Analyst,64000,USD,64000,US,100,US,M,Research / Computational
2434,2023,SE,FT,Analytics Engineer,134000,USD,134000,US,100,US,M,Data Analyst / BI
2435,2023,SE,FT,Analytics Engineer,125000,USD,125000,US,100,US,M,Data Analyst / BI
2436,2024,SE,FT,Data Engineer,220000,USD,220000,CA,0,CA,M,Data Engineering & Architecture
2437,2024,MI,FT,Business Intelligence,124000,USD,124000,US,100,US,M,Data Analyst / BI
2438,2023,SE,FT,Data Analyst,161500,USD,161500,US,100,US,M,Data Analyst / BI
2439,2023,SE,FT,Data Scientist,268000,USD,268000,US,0,US,M,Data Scientist
2440,2023,SE,FT,Data Analyst,149500,USD,149500,US,100,US,M,Data Analyst / BI
2441,2023,SE,FT,Data Scientist,267100,USD,267100,US,100,US,M,Data Scientist
2442,2023,SE,FT,Data Scientist,225000,USD,225000,US,100,US,M,Data Scientist
2443,2023,MI,FT,Data Analyst,112000,USD,112000,US,0,US,M,Data Analyst / BI
2444,2022,SE,FT,ML Engineer,235000,USD,235000,US,100,US,M,Machine Learning / Ai
2445,2024,SE,FT,Data Scientist,185000,USD,185000,US,0,US,M,Data Scientist
2446,2024,SE,FT,Data Engineer,117000,USD,117000,US,0,US,M,Data Engineering & Architecture
2447,2023,SE,FT,Analytics Engineer,110000,USD,110000,US,100,US,M,Data Analyst / BI
2448,2024,MI,FT,Data Analyst,65000,USD,65000,US,0,US,M,Data Analyst / BI
2449,2023,EN,FT,Data Engineer,130002,USD,130002,US,100,US,M,Data Engineering & Architecture
2450,2022,MI,FT,Data Analyst,124000,USD,124000,US,0,US,M,Data Analyst / BI
2451,2024,SE,FT,Data Modeler,171210,USD,171210,CA,0,CA,M,Data Engineering & Architecture
2452,2024,SE,FT,Data Engineer,205500,USD,205500,US,100,US,M,Data Engineering & Architecture
2453,2023,SE,FT,Research Scientist,247600,USD,247600,US,0,US,L,Research / Computational
2454,2023,EN,FT,Data Scientist,16000,USD,16000,EC,100,EC,L,Data Scientist
2455,2023,MI,FT,Machine Learning Researcher,138700,USD,138700,US,0,US,M,Research / Computational
2456,2024,EN,FT,Machine Learning Engineer,99500,USD,99500,US,0,US,M,Machine Learning / Ai
2457,2024,SE,FT,Data Scientist,255000,USD,255000,US,0,US,M,Data Scientist
2458,2023,EN,FT,Analytics Engineer,34800,EUR,37573,NL,100,NL,M,Data Analyst / BI
2459,2022,SE,FT,Data Engineer,100000,USD,100000,US,0,US,M,Data Engineering & Architecture
2460,2024,SE,FT,Data Scientist,165000,USD,165000,US,100,US,M,Data Scientist
2461,2023,MI,FT,Data Scientist,136000,USD,136000,US,0,US,M,Data Scientist
2462,2023,SE,FT,Data Analyst,120000,USD,120000,US,0,US,M,Data Analyst / BI
2463,2024,SE,FT,Data Engineer,90000,USD,90000,US,100,US,M,Data Engineering & Architecture
2464,2024,SE,FT,Data Scientist,295490,USD,295490,US,0,US,M,Data Scientist
2465,2023,SE,FT,Data Scientist,174800,USD,174800,US,100,US,M,Data Scientist
2466,2023,MI,FT,Data Scientist,150000,USD,150000,US,100,US,M,Data Scientist
2467,2023,SE,FT,Data Engineer,35000,EUR,37788,PT,0,PT,M,Data Engineering & Architecture
2468,2024,SE,FT,Research Scientist,278700,USD,278700,US,0,US,M,Research / Computational
2469,2023,SE,FT,Machine Learning Engineer,144800,USD,144800,US,0,US,M,Machine Learning / Ai
2470,2023,SE,FT,Machine Learning Engineer,309000,USD,309000,US,0,US,M,Machine Learning / Ai
2471,2023,SE,FT,Data Science,71200,USD,71200,US,0,US,M,Data Scientist
2472,2024,MI,FT,Data Scientist,176000,USD,176000,US,100,US,M,Data Scientist
2473,2024,EN,FT,Quantitative Research Analyst,51000,USD,51000,US,0,US,M,Research / Computational
2474,2023,SE,FT,Data Engineer,106800,USD,106800,US,0,US,M,Data Engineering & Architecture
2475,2024,SE,FT,Data Engineer,166000,USD,166000,US,0,US,M,Data Engineering & Architecture
2476,2024,SE,FT,Research Engineer,120000,USD,120000,US,100,US,M,Research / Computational
2477,2023,SE,FT,Data Analyst,115000,USD,115000,US,100,US,M,Data Analyst / BI
2478,2023,SE,FT,Data Science,59200,USD,59200,US,0,US,M,Data Scientist
2479,2024,SE,FT,Machine Learning Engineer,189000,USD,189000,US,0,US,M,Machine Learning / Ai
2480,2023,MI,FT,Data Developer,95000,USD,95000,US,0,US,M,Data Analyst / BI
2481,2023,SE,FT,Research Engineer,273000,USD,273000,US,0,US,M,Research / Computational
2482,2024,SE,FT,Data Scientist,199000,USD,199000,US,0,US,M,Data Scientist
2483,2023,SE,FT,Machine Learning Engineer,283200,USD,283200,US,0,US,M,Machine Learning / Ai
2484,2022,SE,FT,Data Analyst,117000,USD,117000,US,100,US,M,Data Analyst / BI
2485,2024,SE,FT,Analytics Engineer,130000,USD,130000,US,0,US,M,Data Analyst / BI
2486,2023,SE,FT,Data Engineer,100706,USD,100706,US,0,US,M,Data Engineering & Architecture
2487,2024,SE,FT,Research Engineer,176700,USD,176700,US,0,US,M,Research / Computational
2488,2023,SE,FT,Data Engineer,169280,USD,169280,US,100,US,M,Data Engineering & Architecture
2489,2024,EN,FT,Data Management Analyst,60000,USD,60000,US,0,US,M,Data Analyst / BI
2490,2024,SE,FT,Data Engineer,191857,USD,191857,US,0,US,M,Data Engineering & Architecture
2491,2023,SE,FT,Data Engineer,105700,USD,105700,US,0,US,L,Data Engineering & Architecture
2492,2023,SE,FT,Data Scientist,123900,USD,123900,US,100,US,M,Data Scientist
2493,2023,SE,FT,Data Specialist,173100,USD,173100,US,0,US,M,Data Analyst / BI
2494,2022,SE,FT,Data Scientist,185900,USD,185900,US,0,US,M,Data Scientist
2495,2024,SE,FT,Data Scientist,65000,GBP,81250,GB,100,GB,M,Data Scientist
2496,2024,MI,FT,Data Engineer,214300,USD,214300,US,0,US,M,Data Engineering & Architecture
2497,2023,SE,FT,Data Scientist,120250,USD,120250,GB,0,GB,M,Data Scientist
2498,2024,SE,FT,Data Engineer,221000,USD,221000,US,0,US,M,Data Engineering & Architecture
2499,2023,SE,FT,Data Engineer,187100,USD,187100,US,0,US,M,Data Engineering & Architecture
2500,2024,EN,FT,Data Analyst,112000,USD,112000,US,0,US,M,Data Analyst / BI
2501,2022,SE,FT,Machine Learning Engineer,193900,USD,193900,US,0,US,M,Machine Learning / Ai
2502,2023,SE,FT,Machine Learning Engineer,199000,USD,199000,US,100,US,M,Machine Learning / Ai
2503,2023,SE,FT,Data Scientist,104000,USD,104000,US,100,US,M,Data Scientist
2504,2023,EX,FT,Director of Data Science,150000,GBP,184560,GB,100,GB,M,Data Scientist
2505,2023,SE,FT,Applied Scientist,154836,USD,154836,US,100,US,M,Data Analyst / BI
2506,2024,SE,FT,Data Lead,135000,USD,135000,US,100,US,M,Data Analyst / BI
2507,2024,SE,FT,Machine Learning Engineer,166000,USD,166000,US,0,US,M,Machine Learning / Ai
2508,2022,SE,FT,Data Engineer,138750,USD,138750,US,100,US,M,Data Engineering & Architecture
2509,2024,MI,FT,Data Strategist,100000,USD,100000,US,0,US,M,Data Analyst / BI
2510,2023,SE,FT,Data Scientist,113750,USD,113750,IE,0,IE,M,Data Scientist
2511,2022,SE,FT,Data Analyst,48000,EUR,50432,ES,0,ES,M,Data Analyst / BI
2512,2023,SE,FT,Data Scientist,199000,USD,199000,US,0,US,M,Data Scientist
2513,2023,EN,FT,Research Analyst,35000,GBP,43064,GB,0,GB,M,Research / Computational
2514,2023,SE,FT,Data Engineer,116000,USD,116000,US,0,US,M,Data Engineering & Architecture
2515,2024,EN,FT,Data Analyst,181610,USD,181610,US,0,US,M,Data Analyst / BI
2516,2024,SE,FT,Data Analyst,173000,USD,173000,US,0,US,M,Data Analyst / BI
2517,2023,SE,FT,Data Architect,159500,USD,159500,US,0,US,M,Data Engineering & Architecture
2518,2024,MI,FT,Analytics Engineer,145000,USD,145000,US,100,US,M,Data Analyst / BI
2519,2023,MI,FT,Data Analyst,85000,USD,85000,US,0,US,M,Data Analyst / BI
2520,2023,SE,FT,Data Scientist,112000,USD,112000,US,100,US,M,Data Scientist
2521,2024,MI,FT,Data Scientist,180000,USD,180000,US,0,US,M,Data Scientist
2522,2023,MI,FT,Data Science Manager,195000,USD,195000,US,0,US,M,Data Scientist
2523,2023,EN,FT,Research Engineer,350000,USD,350000,US,0,US,M,Research / Computational
2524,2022,MI,FT,Data Engineer,90000,USD,90000,US,100,US,M,Data Engineering & Architecture
2525,2023,MI,FT,AI Engineer,140000,USD,140000,US,100,US,S,Machine Learning / Ai
2526,2023,SE,FT,Machine Learning Engineer,216000,USD,216000,US,100,US,M,Machine Learning / Ai
2527,2023,MI,FT,Data Engineer,125000,USD,125000,US,0,US,M,Data Engineering & Architecture
2528,2024,EX,FT,Data Engineer,209309,USD,209309,US,0,US,M,Data Engineering & Architecture
2529,2023,SE,FT,ML Engineer,287700,USD,287700,US,0,US,L,Machine Learning / Ai
2530,2022,MI,FT,Data Engineer,80000,EUR,84053,ES,100,ES,M,Data Engineering & Architecture
2531,2023,MI,FT,Data Specialist,70000,USD,70000,US,0,US,M,Data Analyst / BI
2532,2023,SE,FT,Data Engineer,111000,USD,111000,US,0,US,M,Data Engineering & Architecture
2533,2024,MI,FT,Data Engineer,210000,USD,210000,US,0,US,M,Data Engineering & Architecture
2534,2024,MI,FT,Data Scientist,198800,USD,198800,US,0,US,M,Data Scientist
2535,2023,SE,FT,Data Scientist,280000,USD,280000,US,100,US,M,Data Scientist
2536,2022,MI,FT,Data Engineer,105120,EUR,110446,LT,0,LT,M,Data Engineering & Architecture
2537,2023,SE,FT,Data Analyst,84870,USD,84870,US,0,US,M,Data Analyst / BI
2538,2024,MI,FT,Data Developer,95000,USD,95000,US,0,US,M,Data Analyst / BI
2539,2022,MI,FT,Data Engineer,175000,USD,175000,US,100,US,M,Data Engineering & Architecture
2540,2023,SE,FT,Data Engineer,142200,USD,142200,US,0,US,M,Data Engineering & Architecture
2541,2024,SE,FT,Data Scientist,190000,USD,190000,US,100,US,M,Data Scientist
2542,2023,SE,FT,Machine Learning Engineer,130000,USD,130000,US,0,US,M,Machine Learning / Ai
2543,2024,MI,FT,Data Scientist,62000,USD,62000,US,0,US,M,Data Scientist
2544,2024,SE,FT,Data Scientist,123740,USD,123740,US,0,US,M,Data Scientist
2545,2023,SE,FT,Data Engineer,161800,USD,161800,US,100,US,M,Data Engineering & Architecture
2546,2023,SE,FT,Business Data Analyst,78000,USD,78000,US,100,US,L,Data Analyst / BI
2547,2023,MI,FT,ETL Engineer,70000,GBP,86128,GB,100,GB,M,Data Engineering & Architecture
2548,2023,EX,FT,Data Engineer,146000,USD,146000,US,0,US,M,Data Engineering & Architecture
2549,2024,SE,FT,Data Analyst,96600,USD,96600,US,0,US,M,Data Analyst / BI
2550,2023,MI,FT,Data Scientist,120000,USD,120000,US,100,US,M,Data Scientist
2551,2024,SE,FT,Data Engineer,210000,USD,210000,US,100,US,M,Data Engineering & Architecture
2552,2024,SE,FT,Machine Learning Engineer,85000,USD,85000,AR,100,AR,M,Machine Learning / Ai
2553,2023,SE,FT,Data Scientist,239900,USD,239900,US,100,US,M,Data Scientist
2554,2023,MI,FT,Business Intelligence Engineer,185000,USD,185000,US,0,US,L,Data Analyst / BI
2555,2023,SE,FT,Data Analyst,112655,USD,112655,US,0,US,M,Data Analyst / BI
2556,2023,SE,FT,Data Scientist,200000,USD,200000,US,100,US,M,Data Scientist
2557,2023,SE,FT,Data Scientist,224800,USD,224800,US,0,US,M,Data Scientist
2558,2023,SE,FT,Machine Learning Engineer,163800,USD,163800,US,0,US,M,Machine Learning / Ai
2559,2022,SE,FT,Machine Learning Engineer,192000,USD,192000,US,100,US,M,Machine Learning / Ai
2560,2023,SE,FT,Data Scientist,130000,USD,130000,US,100,US,M,Data Scientist
2561,2024,EN,FT,Research Analyst,300000,USD,300000,US,100,US,M,Research / Computational
2562,2023,SE,FT,Machine Learning Engineer,218540,USD,218540,US,0,US,M,Machine Learning / Ai
2563,2022,MI,FT,Data Scientist,107000,GBP,131752,GB,100,GB,M,Data Scientist
2564,2023,MI,FT,Data Analyst,167000,USD,167000,US,0,US,M,Data Analyst / BI
2565,2024,EN,FT,Research Analyst,80000,USD,80000,US,0,US,M,Research / Computational
2566,2023,MI,FT,Machine Learning Engineer,175000,USD,175000,US,100,US,M,Machine Learning / Ai
2567,2023,SE,FT,Data Engineer,95000,USD,95000,CA,100,CA,M,Data Engineering & Architecture
2568,2023,MI,FT,BI Developer,128000,USD,128000,US,0,US,M,Data Analyst / BI
2569,2023,SE,FT,Machine Learning Infrastructure Engineer,250000,USD,250000,US,0,US,M,Machine Learning / Ai
2570,2024,SE,FT,Data Scientist,149200,USD,149200,US,0,US,M,Data Scientist
2571,2024,SE,FT,Research Scientist,245400,USD,245400,US,0,US,M,Research / Computational
2572,2023,SE,FT,Research Scientist,150000,USD,150000,US,0,US,M,Research / Computational
2573,2023,MI,FT,Machine Learning Engineer,165000,USD,165000,US,0,US,M,Machine Learning / Ai
2574,2024,SE,FT,Data Engineer,128656,USD,128656,US,0,US,M,Data Engineering & Architecture
2575,2023,SE,FT,Data Architect,153000,USD,153000,US,100,US,M,Data Engineering & Architecture
2576,2023,SE,FT,Data Scientist,239000,USD,239000,US,0,US,M,Data Scientist
2577,2024,SE,FT,Data Scientist,247600,USD,247600,US,0,US,L,Data Scientist
2578,2023,EX,FT,Data Analytics Manager,155000,USD,155000,US,0,US,M,Data Analyst / BI
2579,2023,SE,FT,Data Science Consultant,122000,USD,122000,US,0,US,M,Data Scientist
2580,2023,SE,FT,Data Scientist,240350,USD,240350,US,100,US,M,Data Scientist
2581,2024,SE,FT,Machine Learning Engineer,153040,USD,153040,US,0,US,M,Machine Learning / Ai
2582,2024,SE,FT,Data Analyst,88670,USD,88670,US,0,US,M,Data Analyst / BI
2583,2024,SE,FT,Data Science,179000,USD,179000,US,0,US,M,Data Scientist
2584,2023,SE,FT,Machine Learning Engineer,170045,USD,170045,US,0,US,M,Machine Learning / Ai
2585,2023,SE,FT,Data Science,144000,USD,144000,US,0,US,M,Data Scientist
2586,2024,MI,FT,Data Analyst,77280,USD,77280,US,0,US,M,Data Analyst / BI
2587,2023,SE,FT,Data Scientist,167441,USD,167441,US,100,US,M,Data Scientist
2588,2024,SE,FT,Data Analyst,96000,USD,96000,US,0,US,M,Data Analyst / BI
2589,2024,MI,FT,Machine Learning Scientist,150000,USD,150000,US,0,US,M,Machine Learning / Ai
2590,2023,EX,FT,Data Scientist,200000,USD,200000,US,0,US,M,Data Scientist
2591,2023,SE,FT,Data Operations Engineer,289120,USD,289120,US,0,US,M,Data Analyst / BI
2592,2024,MI,FT,BI Developer,158000,USD,158000,US,0,US,M,Data Analyst / BI
2593,2023,SE,FT,Data Scientist,212750,USD,212750,US,100,US,M,Data Scientist
2594,2023,SE,FT,Data Science Manager,138750,USD,138750,US,100,US,M,Data Scientist
2595,2023,MI,FT,Data Analyst,60000,USD,60000,US,0,US,M,Data Analyst / BI
2596,2023,SE,FT,Data Engineer,162000,USD,162000,US,100,US,M,Data Engineering & Architecture
2597,2024,SE,FT,Research Engineer,237650,USD,237650,US,0,US,M,Research / Computational
2598,2023,MI,FT,Data Analyst,65000,GBP,79976,GB,100,GB,M,Data Analyst / BI
2599,2023,EN,FT,Data Engineer,220000,USD,220000,US,0,US,M,Data Engineering & Architecture
2600,2024,MI,FT,Data Scientist,127500,USD,127500,US,100,US,M,Data Scientist
2601,2023,SE,FT,Computer Vision Engineer,170000,USD,170000,US,0,US,M,Machine Learning / Ai
2602,2022,MI,FT,Data Analyst,52500,USD,52500,US,0,US,M,Data Analyst / BI
2603,2023,SE,FT,Data Scientist,173200,USD,173200,US,0,US,M,Data Scientist
2604,2023,SE,FT,Analytics Engineer,144000,USD,144000,CA,100,CA,M,Data Analyst / BI
2605,2022,SE,FT,Data Architect,135000,USD,135000,US,100,US,M,Data Engineering & Architecture
2606,2023,SE,FT,Data Analyst,62000,USD,62000,US,0,US,M,Data Analyst / BI
2607,2024,EX,FT,Data Engineer,136000,USD,136000,US,100,US,M,Data Engineering & Architecture
2608,2024,SE,FT,Data Analyst,117725,USD,117725,US,100,US,M,Data Analyst / BI
2609,2024,SE,FT,Data Scientist,64000,GBP,80000,US,0,US,M,Data Scientist
2610,2024,SE,FT,Data Engineer,204300,USD,204300,US,0,US,M,Data Engineering & Architecture
2611,2023,MI,FT,Data Engineer,202400,USD,202400,US,0,US,M,Data Engineering & Architecture
2612,2020,SE,FT,Staff Data Scientist,164000,USD,164000,US,50,US,M,Data Scientist
2613,2024,MI,FT,Data Analytics Manager,88000,USD,88000,US,0,US,M,Data Analyst / BI
2614,2024,EX,FT,Machine Learning Engineer,233500,USD,233500,US,0,US,M,Machine Learning / Ai
2615,2024,SE,FT,Data Scientist,175000,USD,175000,US,0,US,M,Data Scientist
2616,2023,MI,FT,Data Engineer,151410,USD,151410,US,0,US,M,Data Engineering & Architecture
2617,2023,SE,FT,Data Analyst,1300000,INR,15809,IN,100,IN,S,Data Analyst / BI
2618,2022,SE,FT,Data Engineer,275000,USD,275000,US,100,US,M,Data Engineering & Architecture
2619,2023,SE,FT,Business Intelligence Developer,140000,USD,140000,CA,100,CA,M,Data Analyst / BI
2620,2024,MI,FT,Data Strategist,65000,USD,65000,US,0,US,M,Data Analyst / BI
2621,2023,SE,FT,Data Engineer,160000,USD,160000,CA,100,CA,M,Data Engineering & Architecture
2622,2022,SE,FT,Data Scientist,88100,USD,88100,US,0,US,M,Data Scientist
2623,2023,SE,FT,Data Engineer,96000,USD,96000,US,100,US,M,Data Engineering & Architecture
2624,2023,SE,FT,Research Scientist,225000,USD,225000,US,0,US,M,Research / Computational
2625,2023,SE,FT,Research Engineer,225000,USD,225000,US,0,US,M,Research / Computational
2626,2024,EN,FT,Data Reporting Analyst,90300,USD,90300,US,0,US,M,Data Analyst / BI
2627,2023,MI,FT,Data Manager,109000,USD,109000,US,0,US,M,Data Analyst / BI
2628,2023,SE,FT,Data Analyst,128500,USD,128500,US,0,US,M,Data Analyst / BI
2629,2022,SE,FT,Data Engineer,177600,USD,177600,US,100,US,L,Data Engineering & Architecture
2630,2024,MI,FT,Business Intelligence Engineer,65800,USD,65800,US,0,US,L,Data Analyst / BI
2631,2022,EN,FT,Machine Learning Research Engineer,63000,EUR,66192,DE,50,DE,L,Research / Computational
2632,2024,SE,FT,Data Engineer,38000,GBP,47500,GB,100,GB,M,Data Engineering & Architecture
2633,2023,MI,FT,Data Engineer,45000,EUR,48585,SI,100,SI,M,Data Engineering & Architecture
2634,2023,SE,FT,Data Scientist,168400,USD,168400,US,0,US,M,Data Scientist
2635,2024,SE,FT,Business Intelligence Engineer,156476,USD,156476,US,100,US,M,Data Analyst / BI
2636,2024,MI,FT,Data Analyst,61800,USD,61800,US,100,US,M,Data Analyst / BI
2637,2024,MI,FT,Data Scientist,161875,USD,161875,US,0,US,M,Data Scientist
2638,2024,MI,FT,Data Engineer,121800,USD,121800,US,0,US,M,Data Engineering & Architecture
2639,2023,EX,FT,Head of Data,269600,USD,269600,US,100,US,M,Data Analyst / BI
2640,2024,SE,FT,Machine Learning Engineer,315000,USD,315000,US,100,US,M,Machine Learning / Ai
2641,2023,MI,FT,Data Scientist,142200,USD,142200,US,0,US,M,Data Scientist
2642,2023,SE,FT,Machine Learning Engineer,266500,USD,266500,US,0,US,M,Machine Learning / Ai
2643,2024,EN,FT,Data Engineer,45600,EUR,50666,LT,0,LT,M,Data Engineering & Architecture
2644,2023,SE,FT,Data Engineer,203100,USD,203100,US,0,US,M,Data Engineering & Architecture
2645,2022,MI,FT,Data Scientist,54000,USD,54000,BR,100,BR,M,Data Scientist
2646,2024,MI,FT,Data Engineer,121000,USD,121000,US,0,US,M,Data Engineering & Architecture
2647,2023,MI,FT,Data Scientist,116000,USD,116000,US,0,US,M,Data Scientist
2648,2023,SE,FT,Analytics Engineer,110000,USD,110000,CA,0,CA,M,Data Analyst / BI
2649,2023,SE,FT,Applied Scientist,138600,USD,138600,US,0,US,M,Data Analyst / BI
2650,2022,SE,FT,Data Scientist,198440,USD,198440,US,100,US,M,Data Scientist
2651,2022,SE,FT,Lead Machine Learning Engineer,66000,EUR,69344,PT,100,PT,L,Machine Learning / Ai
2652,2023,MI,FT,Data Analyst,58500,USD,58500,US,0,US,M,Data Analyst / BI
2653,2023,EN,FT,Data Scientist,150000,USD,150000,US,0,US,M,Data Scientist
2654,2024,SE,FT,Data Scientist,92300,USD,92300,US,0,US,M,Data Scientist
2655,2024,SE,FT,Research Scientist,85469,USD,85469,US,100,US,M,Research / Computational
2656,2024,MI,FT,Data Engineer,85000,GBP,106250,GB,0,GB,M,Data Engineering & Architecture
2657,2024,EX,FT,Data Engineer,163500,USD,163500,US,0,US,M,Data Engineering & Architecture
2658,2022,SE,FT,Data Engineer,35000,GBP,43096,GB,100,GB,M,Data Engineering & Architecture
2659,2022,MI,FT,Analytics Engineer,100000,USD,100000,US,100,US,M,Data Analyst / BI
2660,2024,MI,FT,Data Scientist,112000,USD,112000,US,0,US,M,Data Scientist
2661,2023,MI,FT,Data Scientist,120000,USD,120000,US,0,US,M,Data Scientist
2662,2023,MI,FT,Director of Data Science,192000,USD,192000,US,0,US,M,Data Scientist
2663,2024,EN,FT,Data Analyst,74300,USD,74300,US,0,US,M,Data Analyst / BI
2664,2023,MI,FT,Machine Learning Engineer,287500,USD,287500,AU,0,AU,M,Machine Learning / Ai
2665,2024,SE,FT,Data Scientist,112000,USD,112000,US,0,US,M,Data Scientist
2666,2024,SE,FT,Data Engineer,207300,USD,207300,US,0,US,M,Data Engineering & Architecture
2667,2023,SE,FT,Research Engineer,157000,USD,157000,US,0,US,M,Research / Computational
2668,2023,MI,FT,Machine Learning Engineer,175000,USD,175000,US,0,US,M,Machine Learning / Ai
2669,2023,MI,FT,Data Scientist,115000,USD,115000,US,100,US,M,Data Scientist
2670,2024,EN,FT,Data Analyst,50490,EUR,56100,NL,0,NL,M,Data Analyst / BI
2671,2024,SE,FT,Data Scientist,210000,USD,210000,US,0,US,M,Data Scientist
2672,2023,SE,FT,Data Science Engineer,160000,USD,160000,US,100,US,M,Data Scientist
2673,2023,SE,FT,Data Scientist,175000,USD,175000,US,100,US,M,Data Scientist
2674,2023,SE,FT,Data Scientist,197000,USD,197000,CA,0,CA,M,Data Scientist
2675,2021,MI,FT,AI Scientist,30000,USD,30000,GH,0,GH,S,Machine Learning / Ai
2676,2023,SE,FT,Data Scientist,310270,USD,310270,US,0,US,M,Data Scientist
2677,2024,SE,FT,Analytics Engineer,150000,USD,150000,US,0,US,M,Data Analyst / BI
2678,2024,SE,FT,Data Science,243000,USD,243000,US,0,US,M,Data Scientist
2679,2023,EN,FT,Data Analyst,150000,USD,150000,US,0,US,M,Data Analyst / BI
2680,2022,MI,FT,Data Scientist,75000,GBP,92350,GB,0,GB,M,Data Scientist
2681,2023,SE,FT,ML Engineer,238000,USD,238000,US,100,US,M,Machine Learning / Ai
2682,2024,SE,FT,Machine Learning Engineer,235000,USD,235000,US,0,US,M,Machine Learning / Ai
2683,2024,SE,FT,Lead Machine Learning Engineer,70000,EUR,77777,FI,50,FI,L,Machine Learning / Ai
2684,2023,SE,FT,Data Engineer,291500,USD,291500,US,0,US,M,Data Engineering & Architecture
2685,2024,SE,FT,ML Engineer,110000,GBP,137500,GB,0,GB,S,Machine Learning / Ai
2686,2023,MI,FT,Data Analyst,206000,USD,206000,US,0,US,M,Data Analyst / BI
2687,2022,MI,FT,Data Scientist,55000,GBP,67723,GB,0,GB,M,Data Scientist
2688,2024,SE,FT,Machine Learning Engineer,129000,USD,129000,US,0,US,M,Machine Learning / Ai
2689,2023,SE,FT,Data Lead,225000,USD,225000,US,0,US,M,Data Analyst / BI
2690,2022,SE,FT,Data Analyst,113000,USD,113000,US,100,US,M,Data Analyst / BI
2691,2024,EX,FT,Data Science,220000,USD,220000,US,100,US,M,Data Scientist
2692,2024,SE,FT,Machine Learning Engineer,170000,USD,170000,US,100,US,M,Machine Learning / Ai
2693,2023,SE,FT,Data Scientist,205000,USD,205000,US,100,US,M,Data Scientist
2694,2024,SE,FT,Data Engineer,135000,USD,135000,US,100,US,M,Data Engineering & Architecture
2695,2023,SE,FT,Data Analyst,157500,USD,157500,US,100,US,M,Data Analyst / BI
2696,2023,SE,FT,Data Engineer,126900,USD,126900,US,0,US,M,Data Engineering & Architecture
2697,2024,EN,FT,Research Analyst,219000,USD,219000,US,0,US,M,Research / Computational
2698,2023,SE,FT,Data Scientist,180000,USD,180000,US,100,US,M,Data Scientist
2699,2022,SE,FT,Data Engineer,106800,USD,106800,US,0,US,M,Data Engineering & Architecture
2700,2023,SE,FT,Machine Learning Engineer,331640,USD,331640,US,0,US,M,Machine Learning / Ai
2701,2023,SE,FT,Research Scientist,175000,USD,175000,US,0,US,M,Research / Computational
2702,2023,SE,FT,Data Science Manager,245100,USD,245100,US,0,US,M,Data Scientist
2703,2021,SE,FT,Staff Machine Learning Engineer,185000,USD,185000,US,50,US,M,Machine Learning / Ai
2704,2024,EN,FT,Data Analyst,63000,USD,63000,US,0,US,M,Data Analyst / BI
2705,2024,MI,FT,Data Science,106500,USD,106500,US,0,US,M,Data Scientist
2706,2023,SE,FT,Data Scientist,238000,USD,238000,CA,100,CA,M,Data Scientist
2707,2024,MI,FT,Data Analyst,195600,USD,195600,US,100,US,M,Data Analyst / BI
2708,2024,SE,FT,Data Lead,140000,USD,140000,US,0,US,M,Data Analyst / BI
2709,2023,EN,FT,Research Analyst,43500,USD,43500,US,100,US,M,Research / Computational
2710,2024,MI,FT,Data Integration Engineer,110000,USD,110000,US,0,US,M,Data Engineering & Architecture
2711,2022,SE,FT,Data Analyst,127000,USD,127000,US,100,US,M,Data Analyst / BI
2712,2023,MI,FT,Data Scientist,100000,GBP,123040,GB,0,GB,M,Data Scientist
2713,2024,SE,FT,Data Engineer,60000,EUR,66666,PL,100,PL,M,Data Engineering & Architecture
2714,2023,SE,FT,Data Scientist,228000,USD,228000,US,0,US,M,Data Scientist
2715,2023,MI,FT,Data Analyst,72400,USD,72400,GB,0,GB,M,Data Analyst / BI
2716,2022,SE,FT,Data Engineer,195700,USD,195700,US,0,US,M,Data Engineering & Architecture
2717,2024,EN,FT,Machine Learning Engineer,125000,USD,125000,US,0,US,M,Machine Learning / Ai
2718,2023,SE,FT,Research Scientist,303050,USD,303050,US,0,US,M,Research / Computational
2719,2024,EX,FT,Head of Machine Learning,245000,USD,245000,US,0,US,M,Machine Learning / Ai
2720,2023,SE,FT,Data Engineer,213600,USD,213600,US,0,US,M,Data Engineering & Architecture
2721,2022,MI,FT,Data Analyst,80000,USD,80000,US,0,US,M,Data Analyst / BI
2722,2024,SE,FT,Research Scientist,500000,USD,500000,US,100,US,M,Research / Computational
2723,2024,MI,FT,Data Scientist,54552,USD,54552,US,0,US,M,Data Scientist
2724,2023,SE,FT,Data Quality Analyst,100000,USD,100000,US,0,US,M,Data Analyst / BI
2725,2022,MI,FT,Machine Learning Engineer,130000,USD,130000,US,0,US,M,Machine Learning / Ai
2726,2024,MI,FT,Data Engineer,80420,USD,80420,US,0,US,M,Data Engineering & Architecture
2727,2022,SE,FT,Machine Learning Engineer,210000,USD,210000,US,100,US,M,Machine Learning / Ai
2728,2023,MI,FT,Machine Learning Scientist,200000,USD,200000,US,0,US,S,Machine Learning / Ai
2729,2023,SE,FT,Data Analyst,121600,USD,121600,US,100,US,M,Data Analyst / BI
2730,2024,MI,FT,Data Engineer,150000,USD,150000,US,100,US,M,Data Engineering & Architecture
2731,2023,SE,FT,Data Science Manager,231250,USD,231250,US,100,US,M,Data Scientist
2732,2023,SE,FT,Data Scientist,172758,USD,172758,US,100,US,M,Data Scientist
2733,2024,MI,FT,Data Scientist,90500,USD,90500,US,100,US,M,Data Scientist
2734,2024,SE,FT,Data Scientist,105000,USD,105000,US,100,US,M,Data Scientist
2735,2023,SE,FT,Data Analyst,127075,USD,127075,US,100,US,M,Data Analyst / BI
2736,2023,SE,FT,Data Analyst,50000,GBP,61520,GB,0,GB,M,Data Analyst / BI
2737,2023,SE,FT,Research Scientist,323300,USD,323300,US,0,US,M,Research / Computational
2738,2022,SE,FT,Data Scientist,205000,USD,205000,US,0,US,M,Data Scientist
2739,2023,MI,FT,Business Intelligence Engineer,185000,USD,185000,US,0,US,M,Data Analyst / BI
2740,2023,SE,FT,Analytics Engineer,167000,USD,167000,US,0,US,M,Data Analyst / BI
2741,2023,SE,FT,Data Science,207900,USD,207900,US,0,US,M,Data Scientist
2742,2023,SE,FT,Machine Learning Engineer,221000,USD,221000,US,0,US,M,Machine Learning / Ai
2743,2023,EN,FT,Data Analyst,26800,GBP,32974,GB,0,GB,M,Data Analyst / BI
2744,2023,MI,FT,Machine Learning Scientist,230000,USD,230000,US,0,US,M,Machine Learning / Ai
2745,2023,EN,FT,Data Analyst,115000,USD,115000,US,0,US,M,Data Analyst / BI
2746,2024,MI,FT,Data Integration Specialist,75000,GBP,93750,GB,100,GB,M,Data Engineering & Architecture
2747,2023,MI,FT,Data Engineer,140000,USD,140000,US,0,US,M,Data Engineering & Architecture
2748,2023,SE,FT,Data Scientist,196000,USD,196000,US,0,US,M,Data Scientist
2749,2023,SE,FT,Data Infrastructure Engineer,145000,USD,145000,US,0,US,M,Data Engineering & Architecture
2750,2023,MI,FT,AI Scientist,121000,AUD,81838,AU,100,AU,L,Machine Learning / Ai
2751,2023,SE,FT,Data Architect,180000,USD,180000,US,0,US,M,Data Engineering & Architecture
2752,2023,MI,FT,Data Analyst,95400,USD,95400,US,100,US,M,Data Analyst / BI
2753,2023,MI,FT,Data Analyst,120000,USD,120000,US,100,US,M,Data Analyst / BI
2754,2023,SE,FT,Data Analyst,192300,USD,192300,US,100,US,M,Data Analyst / BI
2755,2024,EN,FT,Research Analyst,115000,USD,115000,US,100,US,M,Research / Computational
2756,2023,MI,FT,Data Scientist,107682,USD,107682,US,0,US,M,Data Scientist
2757,2023,SE,FT,Machine Learning Engineer,186000,USD,186000,US,0,US,M,Machine Learning / Ai
2758,2024,SE,FT,Data Architect,110000,USD,110000,US,0,US,M,Data Engineering & Architecture
2759,2023,MI,FT,Data Engineer,103000,USD,103000,US,0,US,M,Data Engineering & Architecture
2760,2023,MI,FT,Machine Learning Engineer,73100,USD,73100,US,0,US,M,Machine Learning / Ai
2761,2023,MI,FT,Research Engineer,100000,USD,100000,US,100,US,M,Research / Computational
2762,2024,MI,FT,Research Engineer,128000,USD,128000,US,0,US,M,Research / Computational
2763,2023,EX,FT,Data Engineer,94000,USD,94000,US,0,US,M,Data Engineering & Architecture
2764,2024,SE,FT,Data Engineer,100000,GBP,125000,GB,0,GB,M,Data Engineering & Architecture
2765,2024,SE,FT,Business Intelligence Analyst,148300,USD,148300,US,0,US,M,Data Analyst / BI
2766,2024,SE,FT,Data Engineer,200000,USD,200000,US,0,US,M,Data Engineering & Architecture
2767,2024,SE,FT,AI Engineer,287500,USD,287500,US,0,US,M,Machine Learning / Ai
2768,2023,MI,FT,Data Analyst,50000,USD,50000,US,100,US,M,Data Analyst / BI
2769,2023,SE,FT,ML Engineer,275000,USD,275000,DE,0,DE,M,Machine Learning / Ai
2770,2023,SE,FT,Research Scientist,90700,USD,90700,US,0,US,M,Research / Computational
2771,2023,MI,FT,Data Analyst,31200,EUR,33686,EE,0,EE,M,Data Analyst / BI
2772,2024,SE,FT,Data Scientist,81410,USD,81410,CA,0,CA,M,Data Scientist
2773,2023,EN,FT,Data DevOps Engineer,44382,EUR,47918,NL,50,NL,L,DevOps / MLOps
2774,2024,SE,FT,Research Scientist,123765,USD,123765,US,100,US,M,Research / Computational
2775,2024,MI,FT,Data Scientist,116259,USD,116259,AU,0,AU,M,Data Scientist
2776,2024,MI,FT,Machine Learning Engineer,260100,USD,260100,US,100,US,M,Machine Learning / Ai
2777,2023,SE,FT,Machine Learning Engineer,210200,USD,210200,US,100,US,M,Machine Learning / Ai
2778,2024,SE,FT,Research Scientist,440000,USD,440000,US,0,US,M,Research / Computational
2779,2022,SE,FT,Data Scientist,120000,USD,120000,US,0,US,M,Data Scientist
2780,2023,SE,FT,Data Engineer,254000,USD,254000,US,100,US,M,Data Engineering & Architecture
2781,2023,SE,FT,Machine Learning Engineer,253000,USD,253000,US,100,US,M,Machine Learning / Ai
2782,2023,SE,FT,Research Engineer,240000,USD,240000,US,100,US,M,Research / Computational
2783,2023,SE,FT,Machine Learning Engineer,109400,USD,109400,US,0,US,M,Machine Learning / Ai
2784,2024,SE,FT,ETL Developer,53300,USD,53300,US,0,US,M,Data Engineering & Architecture
2785,2024,SE,FT,Machine Learning Scientist,252000,USD,252000,US,0,US,M,Machine Learning / Ai
2786,2024,MI,FT,Data Science,142500,USD,142500,US,100,US,M,Data Scientist
2787,2022,EN,FT,Data Engineer,160000,USD,160000,US,0,US,M,Data Engineering & Architecture
2788,2024,MI,FT,Data Scientist,144650,USD,144650,US,0,US,M,Data Scientist
2789,2023,SE,FT,Business Intelligence Engineer,172200,USD,172200,US,0,US,M,Data Analyst / BI
2790,2024,SE,FT,Machine Learning Engineer,234700,USD,234700,US,0,US,M,Machine Learning / Ai
2791,2023,SE,FT,Data Analyst,67000,USD,67000,US,100,US,M,Data Analyst / BI
2792,2022,SE,FT,Data Scientist,160000,USD,160000,US,0,US,L,Data Scientist
2793,2024,SE,FT,Data Scientist,226000,USD,226000,US,0,US,M,Data Scientist
2794,2023,SE,FT,Analytics Engineer,214200,USD,214200,US,0,US,M,Data Analyst / BI
2795,2024,SE,FT,Computational Biologist,242000,CAD,186153,CA,0,CA,M,Research / Computational
2796,2024,EX,FT,Data Analyst,160000,USD,160000,US,0,US,M,Data Analyst / BI
2797,2023,SE,FT,Machine Learning Scientist,180000,USD,180000,US,0,US,M,Machine Learning / Ai
2798,2024,SE,FT,Data Analyst,132974,USD,132974,US,0,US,M,Data Analyst / BI
2799,2023,SE,FT,Data Scientist,178000,USD,178000,US,100,US,M,Data Scientist
2800,2023,SE,FT,Data Engineer,214500,USD,214500,US,0,US,M,Data Engineering & Architecture
2801,2023,MI,FT,Data Scientist,42000,GBP,51676,GB,0,GB,M,Data Scientist
2802,2023,SE,FT,Data Science Engineer,220000,USD,220000,US,100,US,M,Data Scientist
2803,2023,SE,FT,Business Intelligence Engineer,100000,USD,100000,US,0,US,M,Data Analyst / BI
2804,2024,SE,FT,Business Intelligence Analyst,33966,GBP,42457,ZA,0,ZA,M,Data Analyst / BI
2805,2023,EX,FT,Data Scientist,258750,USD,258750,US,0,US,M,Data Scientist
2806,2024,SE,FT,AI Engineer,200000,USD,200000,US,100,US,M,Machine Learning / Ai
2807,2023,SE,FT,Data Analyst,125000,USD,125000,US,0,US,M,Data Analyst / BI
2808,2024,MI,FT,Data Scientist,93300,USD,93300,US,0,US,M,Data Scientist
2809,2024,SE,PT,Data Architect,212000,USD,212000,US,0,US,M,Data Engineering & Architecture
2810,2023,SE,FT,Data Architect,222000,USD,222000,US,100,US,M,Data Engineering & Architecture
2811,2024,EX,FT,Data Engineer,219650,USD,219650,US,100,US,M,Data Engineering & Architecture
2812,2023,SE,FT,Data Manager,105200,USD,105200,US,0,US,M,Data Analyst / BI
2813,2023,SE,FT,Data Engineer,275000,USD,275000,US,0,US,M,Data Engineering & Architecture
2814,2023,SE,FT,Machine Learning Scientist,138000,USD,138000,US,100,US,M,Machine Learning / Ai
2815,2023,SE,FT,Data Analyst,166000,USD,166000,US,0,US,M,Data Analyst / BI
2816,2024,SE,FT,Data Analyst,134200,USD,134200,US,100,US,M,Data Analyst / BI
2817,2023,MI,FT,Data Analyst,115000,USD,115000,US,100,US,M,Data Analyst / BI
2818,2023,SE,FT,Data Scientist,308000,USD,308000,US,0,US,M,Data Scientist
2819,2023,SE,FT,Data Architect,206000,USD,206000,US,0,US,M,Data Engineering & Architecture
2820,2022,MI,FT,Data Scientist,140000,GBP,172386,GB,0,GB,M,Data Scientist
2821,2022,SE,FT,Data Engineer,40000,EUR,42026,PT,0,PT,M,Data Engineering & Architecture
2822,2024,SE,FT,Data Architect,178600,USD,178600,US,0,US,M,Data Engineering & Architecture
2823,2024,EN,FT,Data Analyst,93000,USD,93000,US,0,US,M,Data Analyst / BI
2824,2023,SE,FT,Business Intelligence Analyst,125000,USD,125000,US,0,US,M,Data Analyst / BI
2825,2023,SE,FT,Data Scientist,146000,USD,146000,US,100,US,M,Data Scientist
2826,2023,MI,FT,Analytics Engineer,112400,USD,112400,GB,0,GB,M,Data Analyst / BI
2827,2023,SE,FT,Data Scientist,164000,USD,164000,US,0,US,M,Data Scientist
2828,2023,SE,FT,Data Analyst,119636,USD,119636,US,0,US,M,Data Analyst / BI
2829,2024,SE,FT,Data Analyst,73100,USD,73100,US,0,US,M,Data Analyst / BI
2830,2023,MI,FT,Research Scientist,165000,USD,165000,US,100,US,M,Research / Computational
2831,2023,SE,FT,Data Analyst,78400,USD,78400,US,100,US,L,Data Analyst / BI
2832,2023,SE,FT,Research Scientist,170000,USD,170000,US,0,US,M,Research / Computational
2833,2023,SE,FT,Research Engineer,142600,USD,142600,US,0,US,M,Research / Computational
2834,2023,SE,FT,Data Engineer,185900,USD,185900,US,0,US,M,Data Engineering & Architecture
2835,2023,SE,FT,AI Architect,204000,USD,204000,US,0,US,M,Machine Learning / Ai
2836,2024,EN,FT,Data Science,26000,USD,26000,RO,100,RO,L,Data Scientist
2837,2023,EX,FT,Data Engineer,175000,USD,175000,US,0,US,M,Data Engineering & Architecture
2838,2023,SE,FT,Data Scientist,133300,USD,133300,US,0,US,M,Data Scientist
2839,2022,SE,FT,Machine Learning Engineer,65000,EUR,68293,IE,100,IE,S,Machine Learning / Ai
2840,2023,MI,FL,Business Data Analyst,36000,USD,36000,GH,0,GH,S,Data Analyst / BI
2841,2024,MI,FT,Analytics Engineer,154100,USD,154100,US,0,US,M,Data Analyst / BI
2842,2023,SE,FT,Data Engineer,107500,USD,107500,US,100,US,M,Data Engineering & Architecture
2843,2024,SE,FT,Machine Learning Engineer,159000,USD,159000,US,0,US,M,Machine Learning / Ai
2844,2024,SE,FT,Data Architect,187500,USD,187500,US,0,US,M,Data Engineering & Architecture
2845,2024,MI,FT,Data Engineer,55000,GBP,68750,GB,0,GB,M,Data Engineering & Architecture
2846,2024,SE,FT,Robotics Software Engineer,160000,USD,160000,US,0,US,M,Machine Learning / Ai
2847,2023,SE,FT,Machine Learning Engineer,132870,USD,132870,GB,0,GB,M,Machine Learning / Ai
2848,2023,SE,FT,Applied Scientist,184000,USD,184000,US,100,US,M,Data Analyst / BI
2849,2022,SE,FT,Machine Learning Engineer,180000,USD,180000,US,100,US,M,Machine Learning / Ai
2850,2023,SE,FT,Data Scientist,209300,USD,209300,US,100,US,M,Data Scientist
2851,2023,MI,FT,Machine Learning Engineer,247500,USD,247500,US,0,US,M,Machine Learning / Ai
2852,2023,SE,FT,Data Analyst,138800,USD,138800,US,0,US,M,Data Analyst / BI
2853,2024,SE,FT,Data Engineer,123000,USD,123000,US,0,US,M,Data Engineering & Architecture
2854,2024,SE,FT,Data Scientist,136300,USD,136300,US,0,US,M,Data Scientist
2855,2023,SE,FT,Data Analytics Manager,190000,USD,190000,US,0,US,M,Data Analyst / BI
2856,2024,SE,FT,Research Scientist,180000,USD,180000,US,0,US,M,Research / Computational
2857,2023,SE,FT,Data Engineer,154000,USD,154000,US,0,US,M,Data Engineering & Architecture
2858,2023,MI,FT,Analytics Engineer,90000,USD,90000,US,100,US,M,Data Analyst / BI
2859,2023,MI,FT,Research Scientist,161200,GBP,198340,GB,0,GB,M,Research / Computational
2860,2024,MI,FT,Data Scientist,111000,USD,111000,US,0,US,M,Data Scientist
2861,2023,SE,FT,Research Scientist,105200,USD,105200,US,0,US,M,Research / Computational
2862,2022,SE,FT,Machine Learning Engineer,120000,USD,120000,US,0,US,M,Machine Learning / Ai
2863,2024,SE,FT,Data Scientist,70000,GBP,87500,GB,0,GB,M,Data Scientist
2864,2024,SE,FT,Data Architect,190196,USD,190196,US,0,US,M,Data Engineering & Architecture
2865,2023,SE,FT,Data Analyst,192000,USD,192000,US,100,US,M,Data Analyst / BI
2866,2024,SE,FT,AI Engineer,210000,USD,210000,US,0,US,M,Machine Learning / Ai
2867,2024,SE,FT,Research Engineer,150000,USD,150000,GB,0,GB,M,Research / Computational
2868,2022,SE,FT,Data Engineer,120000,USD,120000,US,100,US,M,Data Engineering & Architecture
2869,2022,SE,FT,Data Scientist,55000,USD,55000,US,100,US,S,Data Scientist
2870,2022,EN,FT,Machine Learning Engineer,28500,GBP,35093,GB,100,GB,L,Machine Learning / Ai
2871,2024,SE,FT,Data Scientist,720000,USD,720000,US,100,US,M,Data Scientist
2872,2023,SE,FT,Data Scientist,111000,USD,111000,US,0,US,M,Data Scientist
2873,2023,MI,FT,Machine Learning Engineer,40000,GBP,49216,GB,100,GB,M,Machine Learning / Ai
2874,2023,MI,FT,Data Engineer,95000,USD,95000,US,0,US,M,Data Engineering & Architecture
2875,2023,SE,FT,Data Science,145000,USD,145000,US,0,US,M,Data Scientist
2876,2023,MI,FT,BI Developer,76300,USD,76300,US,0,US,M,Data Analyst / BI
2877,2023,EN,FT,Data Analyst,82400,USD,82400,US,100,US,M,Data Analyst / BI
2878,2022,EN,FT,Data Science Consultant,26000,EUR,27317,ES,50,ES,L,Data Scientist
2879,2023,SE,FT,Data Scientist,150931,USD,150931,US,0,US,M,Data Scientist
2880,2023,MI,FT,Data Analyst,42400,USD,42400,US,0,US,M,Data Analyst / BI
2881,2023,EN,FT,Research Scientist,200000,USD,200000,US,100,US,M,Research / Computational
2882,2023,SE,FT,Machine Learning Engineer,214500,USD,214500,US,0,US,M,Machine Learning / Ai
2883,2023,MI,FT,Data Scientist,70000,USD,70000,US,0,US,M,Data Scientist
2884,2024,SE,FT,Data Engineer,65000,GBP,81250,GB,0,GB,M,Data Engineering & Architecture
2885,2024,SE,FT,Machine Learning Engineer,150000,USD,150000,US,0,US,M,Machine Learning / Ai
2886,2023,SE,FT,Data Engineer,232960,USD,232960,US,0,US,M,Data Engineering & Architecture
2887,2023,EX,FT,Data Analytics Manager,140000,USD,140000,US,0,US,M,Data Analyst / BI
2888,2023,SE,FT,Machine Learning Engineer,225000,USD,225000,US,0,US,M,Machine Learning / Ai
2889,2023,SE,FT,Machine Learning Engineer,105000,EUR,113366,DE,50,DE,L,Machine Learning / Ai
2890,2024,EN,FT,Data Analyst,45700,USD,45700,US,0,US,M,Data Analyst / BI
2891,2023,MI,FT,Data Engineer,147500,USD,147500,US,0,US,M,Data Engineering & Architecture
2892,2022,MI,FT,Data Analyst,165000,USD,165000,US,0,US,M,Data Analyst / BI
2893,2024,MI,FT,Data Science,137500,USD,137500,US,0,US,M,Data Scientist
2894,2024,MI,FT,Data Analyst,140000,USD,140000,US,0,US,M,Data Analyst / BI
2895,2023,SE,FT,Data Engineer,251250,USD,251250,US,0,US,M,Data Engineering & Architecture
2896,2023,EN,FT,Research Analyst,179000,USD,179000,US,0,US,M,Research / Computational
2897,2023,SE,FT,Analytics Engineer,178600,USD,178600,US,0,US,M,Data Analyst / BI
2898,2024,MI,FT,Data Engineer,166000,USD,166000,US,0,US,M,Data Engineering & Architecture
2899,2023,SE,FT,Data Scientist,142000,USD,142000,US,0,US,S,Data Scientist
2900,2023,SE,FT,Data Analyst,143000,USD,143000,US,100,US,M,Data Analyst / BI
2901,2023,EN,PT,Data Scientist,58300,USD,58300,US,0,US,M,Data Scientist
2902,2024,SE,FT,Machine Learning Scientist,204600,USD,204600,US,0,US,M,Machine Learning / Ai
2903,2024,EN,FT,Data Analyst,80000,USD,80000,US,0,US,M,Data Analyst / BI
2904,2024,MI,FT,Data Science,287800,USD,287800,US,0,US,M,Data Scientist
2905,2024,SE,FT,Data Engineer,150895,USD,150895,US,0,US,M,Data Engineering & Architecture
2906,2023,SE,FT,Data Engineer,230000,USD,230000,US,0,US,M,Data Engineering & Architecture
2907,2023,MI,FT,AI Engineer,171000,USD,171000,US,0,US,M,Machine Learning / Ai
2908,2023,SE,FT,Data Engineer,135000,USD,135000,US,0,US,M,Data Engineering & Architecture
2909,2022,SE,FT,Data Scientist,156600,USD,156600,US,100,US,M,Data Scientist
2910,2024,MI,FT,Machine Learning Scientist,180000,USD,180000,CA,100,CA,M,Machine Learning / Ai
2911,2023,SE,FT,Machine Learning Engineer,93300,USD,93300,US,0,US,M,Machine Learning / Ai
2912,2023,SE,FT,Data Scientist,240000,USD,240000,US,0,US,M,Data Scientist
2913,2023,SE,FT,Data Science Consultant,90000,USD,90000,US,0,US,M,Data Scientist
2914,2023,SE,FT,Data Analyst,139000,USD,139000,US,0,US,M,Data Analyst / BI
2915,2022,SE,FT,Data Engineer,154600,USD,154600,US,0,US,L,Data Engineering & Architecture
2916,2023,EN,FT,AI Programmer,70000,USD,70000,IN,0,AU,L,Machine Learning / Ai
2917,2023,SE,FT,Data Manager,55200,USD,55200,US,0,US,M,Data Analyst / BI
2918,2023,SE,FT,Data Analyst,113220,USD,113220,US,0,US,M,Data Analyst / BI
2919,2023,MI,FT,Analytics Engineer,172200,USD,172200,US,100,US,M,Data Analyst / BI
2920,2023,SE,FT,Machine Learning Engineer,120250,USD,120250,US,0,US,M,Machine Learning / Ai
2921,2024,SE,FT,Machine Learning Researcher,250800,USD,250800,US,0,US,M,Research / Computational
2922,2023,SE,FT,BI Analyst,118800,USD,118800,US,100,US,M,Data Analyst / BI
2923,2023,EX,FT,Data Scientist,180000,USD,180000,US,100,US,M,Data Scientist
2924,2023,SE,FT,BI Developer,110000,USD,110000,US,100,US,M,Data Analyst / BI
2925,2023,EN,FT,Data Scientist,24000,USD,24000,US,100,US,M,Data Scientist
2926,2023,SE,FT,Data Science Practitioner,83900,USD,83900,US,0,US,M,Data Scientist
2927,2023,SE,FT,Data Engineer,153600,USD,153600,US,0,US,M,Data Engineering & Architecture
2928,2023,EX,FT,Director of Data Science,249300,USD,249300,US,0,US,M,Data Scientist
2929,2023,SE,FT,Data Analyst,138000,USD,138000,US,0,US,M,Data Analyst / BI
2930,2023,SE,FT,Applied Scientist,178538,USD,178538,US,100,US,M,Data Analyst / BI
2931,2023,MI,FT,Applied Scientist,36000,USD,36000,NG,50,NG,M,Data Analyst / BI
2932,2023,SE,FT,Data Engineer,63000,USD,63000,US,100,US,M,Data Engineering & Architecture
2933,2023,EN,FT,Data Analyst,69525,USD,69525,US,100,US,M,Data Analyst / BI
2934,2022,SE,FT,Data Architect,149040,USD,149040,US,100,US,M,Data Engineering & Architecture
2935,2023,SE,FT,Data Engineer,142200,USD,142200,DE,0,DE,M,Data Engineering & Architecture
2936,2024,SE,FT,Data Scientist,153000,USD,153000,US,100,US,M,Data Scientist
2937,2023,SE,FT,Machine Learning Engineer,142200,USD,142200,US,100,US,M,Machine Learning / Ai
2938,2023,SE,FT,Research Scientist,198800,USD,198800,US,0,US,M,Research / Computational
2939,2024,SE,FT,Research Scientist,234000,USD,234000,US,0,US,M,Research / Computational
2940,2023,SE,FT,Data Engineer,140000,USD,140000,US,100,US,M,Data Engineering & Architecture
2941,2024,SE,FT,Data Scientist,204800,USD,204800,US,0,US,M,Data Scientist
2942,2022,SE,FT,Data Scientist,156400,USD,156400,US,0,US,M,Data Scientist
2943,2024,SE,FT,AI Engineer,93300,USD,93300,US,0,US,M,Machine Learning / Ai
2944,2024,SE,FT,Data Scientist,218500,USD,218500,US,100,US,M,Data Scientist
2945,2024,SE,FT,Data Product Manager,145000,USD,145000,US,100,US,M,Data Analyst / BI
2946,2023,MI,FT,Data Analyst,120000,USD,120000,US,0,US,M,Data Analyst / BI
2947,2023,EN,FT,Research Scientist,100400,USD,100400,US,0,US,L,Research / Computational
2948,2023,EN,FT,Data Analyst,133000,USD,133000,US,0,US,M,Data Analyst / BI
2949,2023,SE,FT,Data Engineer,169000,USD,169000,US,0,US,M,Data Engineering & Architecture
2950,2023,MI,FT,Data Developer,120681,USD,120681,US,100,US,M,Data Analyst / BI
2951,2023,SE,FT,Data Scientist,197600,USD,197600,US,100,US,M,Data Scientist
2952,2024,SE,FT,Data Scientist,165100,USD,165100,US,0,US,M,Data Scientist
2953,2024,SE,FT,Data Analyst,145000,USD,145000,US,0,US,M,Data Analyst / BI
2954,2024,SE,FT,Business Intelligence,70000,USD,70000,US,0,US,M,Data Analyst / BI
2955,2023,SE,FT,Machine Learning Engineer,175000,USD,175000,US,0,US,M,Machine Learning / Ai
2956,2024,SE,FT,Research Engineer,290000,USD,290000,US,0,US,M,Research / Computational
2957,2023,SE,FT,Data Engineer,91270,USD,91270,US,0,US,M,Data Engineering & Architecture
2958,2023,SE,FT,Data Analyst,104000,USD,104000,US,100,US,M,Data Analyst / BI
2959,2024,SE,FT,Machine Learning Engineer,150700,USD,150700,US,0,US,M,Machine Learning / Ai
2960,2024,SE,FT,Data Scientist,138000,USD,138000,US,0,US,M,Data Scientist
2961,2023,SE,FT,Data Lead,200000,USD,200000,US,0,US,M,Data Analyst / BI
2962,2024,SE,FT,Machine Learning Engineer,96200,USD,96200,US,0,US,M,Machine Learning / Ai
2963,2023,EX,FT,AI Architect,200000,EUR,215936,BE,100,US,L,Machine Learning / Ai
2964,2023,SE,FT,Data Engineer,200000,USD,200000,US,100,US,M,Data Engineering & Architecture
2965,2023,MI,FT,Data Engineer,135000,USD,135000,US,100,US,M,Data Engineering & Architecture
2966,2024,EN,FT,Research Analyst,78308,USD,78308,CA,0,CA,M,Research / Computational
2967,2024,SE,FT,Data Engineer,103000,USD,103000,US,0,US,M,Data Engineering & Architecture
2968,2024,SE,FT,Machine Learning Engineer,331640,USD,331640,US,0,US,M,Machine Learning / Ai
2969,2024,SE,FT,Business Intelligence,260000,USD,260000,US,0,US,M,Data Analyst / BI
2970,2024,SE,FT,Data Engineer,94100,USD,94100,US,0,US,M,Data Engineering & Architecture
2971,2023,SE,FT,Machine Learning Engineer,159000,USD,159000,US,0,US,M,Machine Learning / Ai
2972,2023,SE,FT,Data Manager,110400,USD,110400,US,0,US,M,Data Analyst / BI
2973,2024,SE,FT,Machine Learning Scientist,230000,USD,230000,US,0,US,M,Machine Learning / Ai
2974,2023,SE,FT,Machine Learning Engineer,80000,USD,80000,US,0,US,M,Machine Learning / Ai
2975,2023,SE,FT,Data Scientist,116000,USD,116000,US,0,US,M,Data Scientist
2976,2024,MI,FT,AI Engineer,65000,USD,65000,US,0,US,M,Machine Learning / Ai
2977,2023,EN,FT,Applied Scientist,213660,USD,213660,US,0,US,L,Data Analyst / BI
2978,2024,EN,FT,Data Analyst,157600,USD,157600,US,0,US,M,Data Analyst / BI
2979,2023,SE,FT,Data Visualization Specialist,185000,USD,185000,US,0,US,M,Data Analyst / BI
2980,2024,EN,CT,AI Research Scientist,80000,EUR,88888,DE,0,DE,L,Research / Computational
2981,2024,MI,FT,Research Scientist,124100,USD,124100,US,0,US,L,Research / Computational
2982,2024,SE,FT,Data Scientist,269000,USD,269000,CA,0,CA,M,Data Scientist
2983,2023,EN,FT,Data Analyst,132600,USD,132600,US,100,US,M,Data Analyst / BI
2984,2024,MI,FT,Data Scientist,117000,USD,117000,US,0,US,M,Data Scientist
2985,2023,MI,FT,Data Scientist,180000,USD,180000,US,0,US,M,Data Scientist
2986,2023,SE,FT,Machine Learning Engineer,245700,USD,245700,US,0,US,M,Machine Learning / Ai
2987,2024,SE,FT,Data Science,331292,USD,331292,US,0,US,M,Data Scientist
2988,2023,EN,FT,Data Analyst,92000,USD,92000,US,100,US,M,Data Analyst / BI
2989,2023,SE,FT,Research Engineer,293000,USD,293000,US,0,US,M,Research / Computational
2990,2024,MI,FT,Data Modeler,179000,USD,179000,US,0,US,M,Data Engineering & Architecture
2991,2022,SE,FT,Data Scientist,203500,USD,203500,US,0,US,M,Data Scientist
2992,2024,SE,FT,Research Engineer,190000,USD,190000,US,0,US,M,Research / Computational
2993,2023,EX,FT,Data Engineer,194500,USD,194500,US,0,US,M,Data Engineering & Architecture
2994,2024,MI,FT,Data Science Manager,328000,USD,328000,US,0,US,M,Data Scientist
2995,2024,EN,FT,Data Analyst,115000,USD,115000,US,0,US,M,Data Analyst / BI
2996,2023,MI,FT,Machine Learning Scientist,170000,USD,170000,US,0,US,M,Machine Learning / Ai
2997,2024,SE,FT,Data Analyst,76000,USD,76000,US,0,US,M,Data Analyst / BI
2998,2024,SE,FT,Data Analyst,80000,USD,80000,IE,0,IE,M,Data Analyst / BI
2999,2024,SE,FT,Data Engineer,145360,USD,145360,US,100,US,M,Data Engineering & Architecture
3000,2024,MI,FT,Data Scientist,72360,USD,72360,US,0,US,M,Data Scientist
3001,2023,SE,FT,Research Engineer,200800,USD,200800,US,0,US,M,Research / Computational
3002,2022,SE,FT,Research Scientist,249500,USD,249500,US,0,US,M,Research / Computational
3003,2023,MI,FT,Data Analyst,36050,GBP,44356,GB,100,GB,M,Data Analyst / BI
3004,2024,SE,FT,Business Intelligence Analyst,113100,USD,113100,US,0,US,M,Data Analyst / BI
3005,2023,SE,FT,Data Engineer,194595,USD,194595,US,0,US,M,Data Engineering & Architecture
3006,2023,SE,FT,Analytics Engineer,117700,USD,117700,GB,100,GB,M,Data Analyst / BI
3007,2024,SE,PT,CRM Data Analyst,40000,USD,40000,AE,100,AE,L,Data Analyst / BI
3008,2022,SE,FT,Data Engineer,179305,USD,179305,US,100,US,M,Data Engineering & Architecture
3009,2024,SE,FT,Data Modeler,112000,USD,112000,US,0,US,M,Data Engineering & Architecture
3010,2024,EN,FT,Business Intelligence,142000,USD,142000,US,0,US,M,Data Analyst / BI
3011,2023,SE,FT,Data Analyst,52500,USD,52500,US,0,US,M,Data Analyst / BI
3012,2024,SE,FT,Data Engineer,199700,USD,199700,US,0,US,M,Data Engineering & Architecture
3013,2023,SE,FT,ML Engineer,159000,USD,159000,US,0,US,M,Machine Learning / Ai
3014,2022,SE,FT,Data Analyst,130050,USD,130050,US,100,US,M,Data Analyst / BI
3015,2023,SE,FT,Data Analyst,70374,USD,70374,US,0,US,M,Data Analyst / BI
3016,2023,MI,FT,BI Analyst,86100,USD,86100,US,0,US,M,Data Analyst / BI
3017,2023,SE,FT,Machine Learning Engineer,83300,GBP,102492,GB,0,GB,M,Machine Learning / Ai
3018,2023,MI,FT,Data Scientist,110000,USD,110000,US,100,US,M,Data Scientist
3019,2023,MI,FT,Data Engineer,750000,USD,750000,US,0,US,M,Data Engineering & Architecture
3020,2024,MI,FT,Data Developer,100000,USD,100000,US,100,US,M,Data Analyst / BI
3021,2023,SE,FT,Data Engineer,282000,USD,282000,US,0,US,M,Data Engineering & Architecture
3022,2024,SE,FT,Machine Learning Engineer,220000,USD,220000,US,0,US,M,Machine Learning / Ai
3023,2023,MI,FT,Research Engineer,55000,GBP,67672,GB,100,GB,M,Research / Computational
3024,2023,SE,FT,Data Scientist,141000,USD,141000,US,0,US,M,Data Scientist
3025,2024,MI,FT,Business Intelligence,146851,USD,146851,US,0,US,M,Data Analyst / BI
3026,2024,EN,FT,Data Science,51550,EUR,57277,FR,50,FR,M,Data Scientist
3027,2023,SE,FT,Research Analyst,188600,USD,188600,US,0,US,M,Research / Computational
3028,2024,SE,FT,Data Engineer,231000,USD,231000,US,100,US,M,Data Engineering & Architecture
3029,2024,EX,FT,Data Science Engineer,120000,USD,120000,US,0,US,M,Data Scientist
3030,2024,SE,FT,Data Architect,120000,USD,120000,US,0,US,M,Data Engineering & Architecture
3031,2023,SE,FT,Data Engineer,102000,USD,102000,US,0,US,M,Data Engineering & Architecture
3032,2023,SE,FT,Machine Learning Engineer,160000,USD,160000,US,0,US,M,Machine Learning / Ai
3033,2023,SE,FT,Data Engineer,108768,USD,108768,US,0,US,M,Data Engineering & Architecture
3034,2023,SE,FT,Data Scientist,127300,USD,127300,US,0,US,L,Data Scientist
3035,2023,SE,FT,Data Engineer,143000,USD,143000,US,0,US,M,Data Engineering & Architecture
3036,2024,SE,FT,Data Analyst,82620,USD,82620,US,0,US,M,Data Analyst / BI
3037,2023,MI,FT,Data Engineer,102200,USD,102200,CA,0,CA,M,Data Engineering & Architecture
3038,2023,SE,FT,Data Analyst,120000,USD,120000,CA,0,CA,M,Data Analyst / BI
3039,2023,SE,FT,Business Intelligence Engineer,78800,USD,78800,US,100,US,M,Data Analyst / BI
3040,2023,MI,FT,Machine Learning Engineer,150000,USD,150000,US,100,US,M,Machine Learning / Ai
3041,2023,SE,FT,Data Architect,135000,USD,135000,US,100,US,M,Data Engineering & Architecture
3042,2023,MI,FT,Data Analyst,100000,USD,100000,CA,100,CA,M,Data Analyst / BI
3043,2023,EX,FT,Data Engineer,200000,USD,200000,US,0,US,M,Data Engineering & Architecture
3044,2024,MI,FT,Business Intelligence,167500,USD,167500,US,0,US,M,Data Analyst / BI
3045,2022,SE,FT,Data Engineer,165000,USD,165000,US,100,US,M,Data Engineering & Architecture
3046,2024,SE,FT,Data Engineer,116000,USD,116000,US,0,US,M,Data Engineering & Architecture
3047,2023,EN,FT,Data Integration Specialist,85000,USD,85000,CA,0,CA,M,Data Engineering & Architecture
3048,2023,SE,FT,Data Engineer,116000,USD,116000,US,100,US,M,Data Engineering & Architecture
3049,2023,SE,FT,Machine Learning Engineer,150000,USD,150000,US,100,US,M,Machine Learning / Ai
3050,2023,SE,FT,Data Science,135800,USD,135800,US,100,US,M,Data Scientist
3051,2022,SE,FT,BI Developer,140000,USD,140000,US,100,US,M,Data Analyst / BI
3052,2023,SE,FT,Data Analyst,48000,EUR,51824,ES,100,ES,M,Data Analyst / BI
3053,2023,SE,FT,Data Science,185000,USD,185000,US,0,US,M,Data Scientist
3054,2022,SE,FT,Lead Data Scientist,164000,EUR,172309,IE,100,IE,L,Data Scientist
3055,2023,SE,FT,Data Scientist,305600,USD,305600,US,0,US,M,Data Scientist
3056,2023,SE,FT,Data Product Manager,220000,USD,220000,US,0,US,M,Data Analyst / BI
3057,2021,EN,FT,Marketing Data Engineer,90000,SGD,66970,SG,50,SG,L,Data Engineering & Architecture
3058,2024,EN,FT,Data Science Analyst,70000,USD,70000,US,0,US,M,Data Scientist
3059,2022,MI,FT,Data Analyst,30000,EUR,31520,ES,100,ES,M,Data Analyst / BI
3060,2022,MI,FT,Deep Learning Engineer,70000,GBP,86193,GB,100,GB,M,Machine Learning / Ai
3061,2024,SE,FT,Research Scientist,100000,USD,100000,US,0,US,M,Research / Computational
3062,2024,SE,FT,Data Scientist,113050,USD,113050,US,0,US,M,Data Scientist
3063,2023,MI,FT,Data Engineer,114000,USD,114000,US,100,US,M,Data Engineering & Architecture
3064,2024,SE,FT,Data Science,70000,USD,70000,US,0,US,M,Data Scientist
3065,2022,SE,FT,Data Engineer,162000,USD,162000,US,100,US,M,Data Engineering & Architecture
3066,2023,EN,FT,Data Engineer,52500,USD,52500,US,0,US,M,Data Engineering & Architecture
3067,2024,SE,FT,Data Analyst,185000,USD,185000,US,0,US,M,Data Analyst / BI
3068,2023,SE,FT,Data Engineer,115000,USD,115000,US,100,US,M,Data Engineering & Architecture
3069,2024,MI,FT,Data Engineer,27000,GBP,33750,GB,0,GB,M,Data Engineering & Architecture
3070,2023,SE,FT,Data Scientist,171250,USD,171250,IE,0,IE,M,Data Scientist
3071,2024,EN,FT,Data Science,198000,USD,198000,US,0,US,M,Data Scientist
3072,2022,MI,FT,Data Engineer,78000,USD,78000,BR,100,BR,M,Data Engineering & Architecture
3073,2023,MI,FT,Data Engineer,161500,USD,161500,US,100,US,M,Data Engineering & Architecture
3074,2024,SE,FT,Data Scientist,177700,USD,177700,US,0,US,M,Data Scientist
3075,2023,SE,FT,Data Scientist,203500,USD,203500,US,0,US,M,Data Scientist
3076,2023,SE,FT,Data Scientist,140250,USD,140250,US,100,US,M,Data Scientist
3077,2024,SE,FT,Business Intelligence Manager,66000,GBP,82500,GB,0,GB,M,Data Analyst / BI
3078,2024,SE,FT,Cloud Database Engineer,102500,USD,102500,US,100,US,M,Data Engineering & Architecture
3079,2023,EX,FT,Data Manager,80000,USD,80000,US,0,US,M,Data Analyst / BI
3080,2023,SE,FT,Machine Learning Engineer,140000,USD,140000,US,100,US,M,Machine Learning / Ai
3081,2024,MI,FT,Data Science Manager,267100,USD,267100,US,0,US,M,Data Scientist
3082,2024,MI,FT,Data Scientist,115000,USD,115000,US,100,US,M,Data Scientist
3083,2023,SE,FT,Data Scientist,156000,USD,156000,CA,100,CA,M,Data Scientist
3084,2023,MI,FT,Data Scientist,135000,USD,135000,US,0,US,M,Data Scientist
3085,2024,SE,FT,Machine Learning Engineer,164000,USD,164000,US,100,US,M,Machine Learning / Ai
3086,2024,SE,FT,Data Analyst,169000,USD,169000,US,100,US,M,Data Analyst / BI
3087,2023,EN,FT,Data Analyst,100000,USD,100000,US,50,US,M,Data Analyst / BI
3088,2023,SE,FT,Data Engineer,127600,USD,127600,US,100,US,M,Data Engineering & Architecture
3089,2024,SE,FT,Data Infrastructure Engineer,179900,USD,179900,US,100,US,M,Data Engineering & Architecture
3090,2024,MI,FT,Data Management Specialist,69300,USD,69300,CA,0,CA,M,Data Analyst / BI
3091,2024,MI,FT,Data Engineer,125000,USD,125000,US,0,US,M,Data Engineering & Architecture
3092,2024,MI,FT,Research Engineer,118600,USD,118600,US,0,US,M,Research / Computational
3093,2023,SE,FT,Data Scientist,143750,USD,143750,US,0,US,M,Data Scientist
3094,2023,SE,FT,Data Engineer,266000,USD,266000,US,0,US,M,Data Engineering & Architecture
3095,2023,MI,FT,Data Scientist,150000,USD,150000,US,0,US,M,Data Scientist
3096,2024,SE,FT,Data Scientist,159000,USD,159000,US,0,US,M,Data Scientist
3097,2023,SE,FT,Data Engineer,202500,USD,202500,US,0,US,M,Data Engineering & Architecture
3098,2023,SE,FT,Data Scientist,134236,USD,134236,US,0,US,M,Data Scientist
3099,2024,SE,FT,Data Analyst,109100,USD,109100,US,0,US,M,Data Analyst / BI
3100,2022,SE,FT,Data Engineer,84958,GBP,104611,GB,100,GB,M,Data Engineering & Architecture
3101,2023,SE,FT,Data Scientist,162000,USD,162000,US,0,US,M,Data Scientist
3102,2022,SE,FT,Machine Learning Engineer,135000,USD,135000,US,100,US,M,Machine Learning / Ai
3103,2024,MI,FT,Data Engineer,128600,USD,128600,US,0,US,M,Data Engineering & Architecture
3104,2022,SE,FT,Data Engineer,139860,USD,139860,US,0,US,M,Data Engineering & Architecture
3105,2023,MI,FT,Data Engineer,152000,USD,152000,US,100,US,M,Data Engineering & Architecture
3106,2023,MI,FT,Data Engineer,73100,USD,73100,US,0,US,M,Data Engineering & Architecture
3107,2023,SE,FT,Data Scientist,226000,USD,226000,US,100,US,M,Data Scientist
3108,2023,SE,FT,Data Analyst,110000,USD,110000,PL,100,PL,M,Data Analyst / BI
3109,2023,EN,FT,Data Scientist,100000,USD,100000,US,0,US,M,Data Scientist
3110,2023,SE,FT,Data Scientist,324000,USD,324000,US,0,US,M,Data Scientist
3111,2023,MI,FT,Data Engineer,40000,GBP,49216,GB,100,GB,M,Data Engineering & Architecture
3112,2024,SE,FT,Data Analyst,132500,USD,132500,US,100,US,M,Data Analyst / BI
3113,2024,SE,FT,Analytics Engineer,250000,USD,250000,US,100,US,M,Data Analyst / BI
3114,2023,SE,FT,Data Analyst,120000,USD,120000,GB,0,GB,M,Data Analyst / BI
3115,2024,MI,FT,Data Scientist,77040,EUR,85600,LV,0,LV,M,Data Scientist
3116,2023,SE,FT,Machine Learning Engineer,170600,USD,170600,US,0,US,M,Machine Learning / Ai
3117,2023,SE,FT,Data Analyst,92000,USD,92000,US,0,US,M,Data Analyst / BI
3118,2024,EN,FT,Business Intelligence Analyst,80000,USD,80000,US,0,US,M,Data Analyst / BI
3119,2023,SE,FT,Data Engineer,163152,USD,163152,US,0,US,M,Data Engineering & Architecture
3120,2023,SE,FT,Data Architect,149040,USD,149040,US,100,US,M,Data Engineering & Architecture
3121,2024,EX,FT,Data Scientist,181900,USD,181900,US,0,US,M,Data Scientist
3122,2024,MI,FT,Machine Learning Engineer,126400,USD,126400,US,100,US,M,Machine Learning / Ai
3123,2022,SE,FT,Data Engineer,198800,USD,198800,US,0,US,M,Data Engineering & Architecture
3124,2024,EN,FT,Data Analyst,93500,USD,93500,US,0,US,M,Data Analyst / BI
3125,2024,MI,FT,Data Engineer,120000,USD,120000,US,100,US,M,Data Engineering & Architecture
3126,2024,EX,FT,Data Engineer,190000,USD,190000,US,0,US,M,Data Engineering & Architecture
3127,2023,MI,FT,Machine Learning Engineer,213900,USD,213900,US,0,US,M,Machine Learning / Ai
3128,2022,SE,FT,Data Engineer,134000,USD,134000,US,0,US,M,Data Engineering & Architecture
3129,2023,EN,FT,Applied Scientist,141100,USD,141100,US,0,US,M,Data Analyst / BI
3130,2023,MI,FT,Machine Learning Engineer,160000,USD,160000,US,100,US,M,Machine Learning / Ai
3131,2023,MI,FT,Machine Learning Infrastructure Engineer,171600,USD,171600,US,0,US,M,Machine Learning / Ai
3132,2024,EN,FT,Data Scientist,26800,GBP,33500,GB,0,GB,M,Data Scientist
3133,2023,SE,FT,Machine Learning Engineer,143000,USD,143000,CA,100,CA,M,Machine Learning / Ai
3134,2024,SE,FT,Machine Learning Engineer,254000,USD,254000,US,0,US,M,Machine Learning / Ai
3135,2022,EN,FT,AI Scientist,50000,USD,50000,US,100,US,M,Machine Learning / Ai
3136,2024,SE,FT,Data Management Consultant,100000,USD,100000,US,0,US,M,Data Analyst / BI
3137,2023,SE,FT,Research Analyst,52200,EUR,56359,IT,100,IT,M,Research / Computational
3138,2023,SE,FT,Data Scientist,187259,USD,187259,US,0,US,M,Data Scientist
3139,2024,EN,FT,Data Operations Analyst,95000,USD,95000,US,0,US,M,Data Analyst / BI
3140,2024,SE,FT,Data Science,237200,USD,237200,US,0,US,M,Data Scientist
3141,2024,SE,FT,Data Analyst,175520,USD,175520,US,0,US,M,Data Analyst / BI
3142,2023,EN,FT,BI Data Analyst,85000,USD,85000,CA,100,US,M,Data Analyst / BI
3143,2024,MI,FT,Data Analyst,107500,USD,107500,US,0,US,M,Data Analyst / BI
3144,2022,EN,FT,Data Engineer,86000,USD,86000,US,100,US,L,Data Engineering & Architecture
3145,2024,EN,FT,Data Engineer,87550,USD,87550,US,100,US,M,Data Engineering & Architecture
3146,2023,SE,FT,Data Scientist,189750,USD,189750,US,0,US,M,Data Scientist
3147,2023,SE,FT,Data Analyst,81800,USD,81800,US,0,US,M,Data Analyst / BI
3148,2023,SE,FT,Data Scientist,210550,USD,210550,US,0,US,M,Data Scientist
3149,2023,SE,FT,Data Science Consultant,128100,USD,128100,US,0,US,M,Data Scientist
3150,2022,SE,FT,Data Scientist,198800,USD,198800,US,0,US,M,Data Scientist
3151,2022,SE,FT,Data Scientist,202800,USD,202800,US,0,US,L,Data Scientist
3152,2023,EN,FT,Research Engineer,120000,USD,120000,US,0,US,M,Research / Computational
3153,2023,MI,FT,Analytics Engineer,84000,USD,84000,US,100,US,M,Data Analyst / BI
3154,2023,MI,FT,Data Engineer,32000,GBP,39372,GB,0,GB,M,Data Engineering & Architecture
3155,2023,SE,FT,Data Scientist,180300,USD,180300,US,100,US,M,Data Scientist
3156,2023,SE,FT,Machine Learning Engineer,392000,USD,392000,US,0,US,M,Machine Learning / Ai
3157,2023,MI,FT,Data Engineer,131000,USD,131000,CO,0,CO,M,Data Engineering & Architecture
3158,2023,SE,FT,Machine Learning Engineer,138700,USD,138700,US,0,US,M,Machine Learning / Ai
3159,2024,SE,FT,Data Science,185000,USD,185000,US,0,US,M,Data Scientist
3160,2023,MI,FT,Data Scientist,166000,USD,166000,US,100,US,M,Data Scientist
3161,2023,SE,FT,Machine Learning Engineer,135000,USD,135000,US,0,US,M,Machine Learning / Ai
3162,2023,MI,FT,Data Scientist,73000,USD,73000,US,0,US,M,Data Scientist
3163,2024,MI,FT,BI Developer,74300,USD,74300,US,0,US,M,Data Analyst / BI
3164,2024,MI,FT,Business Intelligence Developer,70692,USD,70692,US,100,US,M,Data Analyst / BI
3165,2024,SE,FT,Machine Learning Engineer,216700,USD,216700,US,100,US,M,Machine Learning / Ai
3166,2023,MI,FT,Data Analyst,96750,USD,96750,US,0,US,M,Data Analyst / BI
3167,2024,SE,FT,ML Engineer,200000,USD,200000,US,0,US,M,Machine Learning / Ai
3168,2023,SE,FT,Data Analyst,119800,USD,119800,US,100,US,M,Data Analyst / BI
3169,2023,SE,FT,Data Engineer,131414,USD,131414,US,100,US,M,Data Engineering & Architecture
3170,2022,SE,FT,Analytics Engineer,125000,USD,125000,US,100,US,M,Data Analyst / BI
3171,2023,SE,FT,NLP Engineer,210000,USD,210000,US,100,US,M,Machine Learning / Ai
3172,2024,MI,FT,Data Scientist,158100,USD,158100,US,0,US,M,Data Scientist
3173,2023,EN,FT,Data Scientist,190000,USD,190000,US,0,US,M,Data Scientist
3174,2023,SE,FT,Data Architect,205000,USD,205000,US,100,US,M,Data Engineering & Architecture
3175,2024,SE,FT,Machine Learning Engineer,198000,USD,198000,US,0,US,M,Machine Learning / Ai
3176,2024,SE,FT,Data Scientist,279000,USD,279000,US,100,US,M,Data Scientist
3177,2023,SE,FT,Research Scientist,180000,USD,180000,US,0,US,M,Research / Computational
3178,2023,SE,FT,Data Architect,136000,USD,136000,US,0,US,M,Data Engineering & Architecture
3179,2023,EN,FT,Research Scientist,162240,USD,162240,US,0,US,M,Research / Computational
3180,2024,MI,FT,Data Engineer,133000,USD,133000,US,0,US,M,Data Engineering & Architecture
3181,2023,SE,FT,Data Science Manager,169000,USD,169000,US,0,US,M,Data Scientist
3182,2024,MI,FT,ML Ops Engineer,198000,USD,198000,US,0,US,M,Machine Learning / Ai
3183,2024,MI,FT,Research Scientist,128900,USD,128900,US,0,US,M,Research / Computational
3184,2023,SE,FT,Data Scientist,183500,USD,183500,US,100,US,M,Data Scientist
3185,2024,SE,FT,Analytics Engineer,105000,USD,105000,US,0,US,M,Data Analyst / BI
3186,2024,SE,FT,Data Engineer,60000,GBP,75000,GB,0,GB,M,Data Engineering & Architecture
3187,2023,MI,FT,Data Science Manager,220000,USD,220000,US,0,US,M,Data Scientist
3188,2024,SE,FT,Data Scientist,156400,USD,156400,US,0,US,M,Data Scientist
3189,2024,SE,FT,Data Analyst,85000,USD,85000,US,0,US,M,Data Analyst / BI
3190,2023,SE,FT,Data Scientist,262000,USD,262000,US,100,US,M,Data Scientist
3191,2023,SE,FT,Data Analyst,153800,USD,153800,US,100,US,M,Data Analyst / BI
3192,2023,EN,FT,Data Scientist,119200,USD,119200,US,0,US,M,Data Scientist
3193,2022,EN,FT,Data Scientist,80000,EUR,84053,BE,100,BE,L,Data Scientist
3194,2023,SE,FT,Data Product Manager,150000,USD,150000,US,100,US,M,Data Analyst / BI
3195,2024,MI,FT,Data Engineer,24000,GBP,30000,GB,100,GB,M,Data Engineering & Architecture
3196,2023,SE,FT,Data Analyst,73100,USD,73100,US,0,US,M,Data Analyst / BI
3197,2024,EX,FT,Business Intelligence,120000,USD,120000,US,0,US,M,Data Analyst / BI
3198,2023,MI,FT,Business Intelligence Analyst,135000,USD,135000,US,100,US,M,Data Analyst / BI
3199,2023,MI,FT,Data Engineer,105300,USD,105300,US,0,US,M,Data Engineering & Architecture
3200,2023,EN,FT,Data Analyst,67500,USD,67500,US,0,US,M,Data Analyst / BI
3201,2024,SE,FT,Data Engineer,208000,USD,208000,US,0,US,M,Data Engineering & Architecture
3202,2023,SE,FT,Data Scientist,144500,USD,144500,US,0,US,M,Data Scientist
3203,2023,MI,FT,Data Analyst,64500,USD,64500,US,0,US,M,Data Analyst / BI
3204,2023,SE,FT,Research Engineer,370000,USD,370000,US,0,US,M,Research / Computational
3205,2024,EN,FT,Research Analyst,200000,USD,200000,US,0,US,M,Research / Computational
3206,2024,MI,FT,Data Engineer,193000,USD,193000,US,0,US,M,Data Engineering & Architecture
3207,2024,SE,FT,Data Manager,131200,USD,131200,US,100,US,M,Data Analyst / BI
3208,2023,SE,FT,Machine Learning Scientist,170000,USD,170000,US,0,US,M,Machine Learning / Ai
3209,2024,MI,FT,Data Specialist,68850,USD,68850,US,0,US,M,Data Analyst / BI
3210,2023,SE,FT,Machine Learning Engineer,184000,USD,184000,US,0,US,M,Machine Learning / Ai
3211,2024,MI,FT,Data Engineer,210100,USD,210100,US,0,US,M,Data Engineering & Architecture
3212,2024,EN,FT,Research Analyst,105000,USD,105000,US,100,US,M,Research / Computational
3213,2024,MI,FT,Data Manager,47500,USD,47500,US,0,US,M,Data Analyst / BI
3214,2024,SE,FT,Machine Learning Engineer,151600,USD,151600,US,0,US,M,Machine Learning / Ai
3215,2023,SE,FT,Data Scientist,140000,USD,140000,US,100,US,M,Data Scientist
3216,2024,EN,PT,Data Analyst,93000,USD,93000,US,0,US,M,Data Analyst / BI
3217,2024,SE,FT,Data Scientist,206000,USD,206000,US,100,US,M,Data Scientist
3218,2022,SE,FT,Data Analyst,115000,USD,115000,US,0,US,L,Data Analyst / BI
3219,2023,EX,FT,Data Engineer,210914,USD,210914,US,100,US,M,Data Engineering & Architecture
3220,2023,MI,FT,Data Analyst,38000,GBP,46755,GB,0,GB,M,Data Analyst / BI
3221,2023,EX,FT,Head of Data,110000,USD,110000,BR,100,BR,M,Data Analyst / BI
3222,2022,SE,FT,Machine Learning Engineer,150000,USD,150000,US,100,US,L,Machine Learning / Ai
3223,2024,SE,FT,Data Integration Engineer,148000,USD,148000,US,0,US,M,Data Engineering & Architecture
3224,2023,SE,FT,Data Scientist,201650,USD,201650,US,0,US,M,Data Scientist
3225,2023,SE,FT,Research Scientist,247250,USD,247250,US,0,US,M,Research / Computational
3226,2023,EN,FT,Research Scientist,100000,USD,100000,US,0,US,M,Research / Computational
3227,2022,SE,FT,Analytics Engineer,84000,GBP,103432,GB,0,GB,M,Data Analyst / BI
3228,2023,SE,FT,Data Architect,114000,USD,114000,US,100,US,M,Data Engineering & Architecture
3229,2023,EX,FT,Data Scientist,220000,USD,220000,US,0,US,M,Data Scientist
3230,2023,SE,FT,Machine Learning Scientist,225000,USD,225000,US,100,US,M,Machine Learning / Ai
3231,2023,SE,FT,Data Analyst,126277,USD,126277,US,100,US,M,Data Analyst / BI
3232,2022,EX,FT,Data Science Manager,175100,USD,175100,US,0,US,M,Data Scientist
3233,2023,SE,FT,Data Scientist,147100,USD,147100,US,0,US,M,Data Scientist
3234,2023,MI,FT,Data Engineer,142000,USD,142000,CA,0,CA,M,Data Engineering & Architecture
3235,2022,EX,FT,Data Engineer,200000,USD,200000,US,0,US,M,Data Engineering & Architecture
3236,2023,SE,FT,Data Scientist,119000,USD,119000,US,100,US,M,Data Scientist
3237,2024,SE,FT,Data Scientist,124875,USD,124875,US,0,US,M,Data Scientist
3238,2023,EX,FT,Research Scientist,220000,USD,220000,US,0,US,M,Research / Computational
3239,2023,MI,FT,Data Architect,110000,USD,110000,US,100,US,M,Data Engineering & Architecture
3240,2023,MI,FT,Machine Learning Engineer,135000,USD,135000,US,50,US,L,Machine Learning / Ai
3241,2023,MI,FT,Data Engineer,75000,USD,75000,US,0,US,M,Data Engineering & Architecture
3242,2023,SE,FT,Data Engineer,300000,USD,300000,US,0,US,M,Data Engineering & Architecture
3243,2023,EX,FT,Data Science,168000,USD,168000,US,0,US,M,Data Scientist
3244,2022,SE,FT,Data Scientist,100000,USD,100000,US,0,US,L,Data Scientist
3245,2024,SE,FT,Research Engineer,180000,USD,180000,US,0,US,M,Research / Computational
3246,2022,SE,FT,Data Scientist,119300,USD,119300,US,0,US,L,Data Scientist
3247,2024,MI,FT,Business Intelligence Manager,207000,USD,207000,US,0,US,M,Data Analyst / BI
3248,2024,EN,FT,Data Analyst,23000,GBP,28750,GB,0,GB,M,Data Analyst / BI
3249,2023,MI,FT,Data Analyst,111151,USD,111151,US,100,US,M,Data Analyst / BI
3250,2024,EX,FT,Data Engineer,179000,USD,179000,US,0,US,M,Data Engineering & Architecture
3251,2023,MI,FT,Data Engineer,110000,USD,110000,US,0,US,M,Data Engineering & Architecture
3252,2024,EN,FT,Data Analyst,97500,USD,97500,US,0,US,M,Data Analyst / BI
3253,2023,EX,FT,Data Engineer,350000,USD,350000,US,100,US,M,Data Engineering & Architecture
3254,2024,SE,FT,Data Scientist,120000,USD,120000,CA,0,CA,M,Data Scientist
3255,2023,EX,FT,Data Engineer,168000,USD,168000,US,100,US,M,Data Engineering & Architecture
3256,2023,SE,FT,Data Scientist,213300,USD,213300,GB,0,GB,M,Data Scientist
3257,2023,MI,FT,Data Scientist,93300,USD,93300,US,0,US,M,Data Scientist
3258,2024,SE,FT,Data Scientist,106000,USD,106000,US,0,US,M,Data Scientist
3259,2023,MI,FT,Data Scientist,93400,USD,93400,US,0,US,M,Data Scientist
3260,2024,SE,FT,Data Developer,50000,GBP,62500,GB,0,GB,M,Data Analyst / BI
3261,2022,MI,FT,Data Engineer,75000,GBP,92350,GB,100,GB,M,Data Engineering & Architecture
3262,2023,SE,FT,Analytics Engineer,90000,USD,90000,US,0,US,M,Data Analyst / BI
3263,2024,SE,FT,Data Science,185490,USD,185490,US,0,US,M,Data Scientist
3264,2024,SE,FT,Business Intelligence Developer,104828,USD,104828,US,0,US,M,Data Analyst / BI
3265,2024,SE,FT,Machine Learning Engineer,225000,USD,225000,US,100,US,M,Machine Learning / Ai
3266,2023,EN,FT,Data Scientist,85600,USD,85600,US,0,US,M,Data Scientist
3267,2023,EN,FT,Data Engineer,65000,GBP,79976,GB,0,GB,M,Data Engineering & Architecture
3268,2023,MI,FT,Data Analyst,127075,USD,127075,US,100,US,M,Data Analyst / BI
3269,2024,MI,FT,Data Scientist,93000,USD,93000,US,100,US,M,Data Scientist
3270,2023,SE,FT,Analytics Engineer,160000,USD,160000,US,0,US,M,Data Analyst / BI
3271,2023,MI,FT,Business Intelligence Analyst,130000,USD,130000,US,100,US,M,Data Analyst / BI
3272,2024,EX,FT,Data Scientist,160000,USD,160000,US,0,US,M,Data Scientist
3273,2023,SE,FT,Applied Scientist,184000,USD,184000,US,0,US,M,Data Analyst / BI
3274,2024,EN,FT,Data Management Analyst,72000,USD,72000,US,100,US,M,Data Analyst / BI
3275,2024,SE,FT,BI Developer,21600,USD,21600,PH,0,PH,M,Data Analyst / BI
3276,2024,MI,FT,AI Engineer,200000,USD,200000,US,100,US,M,Machine Learning / Ai
3277,2022,SE,FT,Analytics Engineer,130000,USD,130000,US,100,US,M,Data Analyst / BI
3278,2023,MI,FT,Business Intelligence Analyst,80750,USD,80750,CA,0,CA,M,Data Analyst / BI
3279,2023,MI,FT,Data Specialist,60000,USD,60000,US,0,US,M,Data Analyst / BI
3280,2023,SE,FT,Data Engineer,180514,USD,180514,GB,100,GB,M,Data Engineering & Architecture
3281,2024,EX,FT,Data Engineer,130000,USD,130000,US,0,US,M,Data Engineering & Architecture
3282,2024,MI,FT,Data Product Manager,166363,USD,166363,US,0,US,M,Data Analyst / BI
3283,2023,SE,FT,Data Science Manager,272400,USD,272400,US,0,US,L,Data Scientist
3284,2023,SE,FT,Data Scientist,166000,USD,166000,GB,0,GB,M,Data Scientist
3285,2024,SE,FT,AI Engineer,150000,USD,150000,US,0,US,M,Machine Learning / Ai
3286,2023,SE,FT,Machine Learning Engineer,169850,USD,169850,US,100,US,M,Machine Learning / Ai
3287,2022,MI,FT,Data Scientist,25000,USD,25000,TR,50,TR,M,Data Scientist
3288,2024,SE,FT,Data Analyst,107000,USD,107000,CA,0,CA,M,Data Analyst / BI
3289,2023,SE,FT,Data Science Manager,211000,USD,211000,US,0,US,M,Data Scientist
3290,2023,SE,FT,Data Architect,168000,USD,168000,US,100,US,M,Data Engineering & Architecture
3291,2023,SE,FT,Machine Learning Engineer,180300,USD,180300,US,0,US,M,Machine Learning / Ai
3292,2023,MI,FT,Data Operations Specialist,50000,USD,50000,US,0,US,M,Data Analyst / BI
3293,2024,EN,FT,Data Analyst,133000,USD,133000,US,0,US,M,Data Analyst / BI
3294,2024,MI,FT,Data Science,80000,GBP,100000,GB,0,GB,M,Data Scientist
3295,2022,SE,FT,Data Engineer,185800,USD,185800,CA,100,CA,M,Data Engineering & Architecture
3296,2023,SE,FT,Research Engineer,225000,USD,225000,FR,0,FR,M,Research / Computational
3297,2024,MI,FT,Data Engineer,62000,USD,62000,US,0,US,M,Data Engineering & Architecture
3298,2024,SE,FT,Data Science,157900,USD,157900,CA,100,CA,M,Data Scientist
3299,2024,MI,FT,Data Science Practitioner,170200,USD,170200,US,0,US,M,Data Scientist
3300,2023,SE,FT,Machine Learning Engineer,225000,USD,225000,US,100,US,M,Machine Learning / Ai
3301,2024,SE,FT,Data Engineer,86000,USD,86000,US,0,US,M,Data Engineering & Architecture
3302,2023,MI,FT,Machine Learning Engineer,258700,USD,258700,US,0,US,M,Machine Learning / Ai
3303,2024,MI,FT,Business Intelligence Engineer,134000,USD,134000,US,0,US,M,Data Analyst / BI
3304,2023,SE,FT,Data Analyst,160000,USD,160000,US,100,US,M,Data Analyst / BI
3305,2024,MI,FT,Data Scientist,86800,USD,86800,US,0,US,M,Data Scientist
3306,2023,SE,FT,Data Engineer,70000,USD,70000,US,0,US,M,Data Engineering & Architecture
3307,2023,SE,FT,Data Engineer,146850,USD,146850,US,0,US,M,Data Engineering & Architecture
3308,2023,MI,FT,AI Engineer,73100,USD,73100,US,0,US,M,Machine Learning / Ai
3309,2023,EN,FT,Research Scientist,162170,USD,162170,US,100,US,M,Research / Computational
3310,2023,SE,FT,Machine Learning Engineer,319000,USD,319000,US,100,US,M,Machine Learning / Ai
3311,2023,SE,FT,Deep Learning Engineer,283780,USD,283780,US,0,US,M,Machine Learning / Ai
3312,2023,EN,FT,Data Scientist,110000,USD,110000,US,0,US,M,Data Scientist
3313,2023,EX,FT,Data Manager,100000,USD,100000,US,0,US,M,Data Analyst / BI
3314,2023,MI,FT,Data Engineer,102000,USD,102000,US,0,US,M,Data Engineering & Architecture
3315,2024,SE,FT,Data Analyst,122500,USD,122500,US,100,US,M,Data Analyst / BI
3316,2024,MI,FT,Data Engineer,105000,USD,105000,US,100,US,M,Data Engineering & Architecture
3317,2024,MI,FT,Data Engineer,138278,USD,138278,US,0,US,M,Data Engineering & Architecture
3318,2023,SE,FT,Analytics Engineer,197000,USD,197000,US,0,US,M,Data Analyst / BI
3319,2023,SE,FT,Research Engineer,185000,USD,185000,US,0,US,M,Research / Computational
3320,2023,SE,FT,Data Engineer,100000,USD,100000,US,0,US,M,Data Engineering & Architecture
3321,2024,MI,FT,Data Scientist,148100,USD,148100,US,100,US,M,Data Scientist
3322,2024,MI,FT,Data Scientist,246000,USD,246000,US,100,US,M,Data Scientist
3323,2023,SE,FT,Machine Learning Engineer,170700,USD,170700,US,0,US,M,Machine Learning / Ai
3324,2023,SE,FT,Data Operations Specialist,50700,USD,50700,US,100,US,M,Data Analyst / BI
3325,2023,SE,FT,Business Intelligence Developer,67000,USD,67000,US,0,US,M,Data Analyst / BI
3326,2023,SE,FT,Data Scientist,231650,USD,231650,US,0,US,M,Data Scientist
3327,2021,SE,FT,Data Engineer,153000,USD,153000,US,100,US,L,Data Engineering & Architecture
3328,2023,MI,FT,Data Architect,240000,USD,240000,US,100,US,M,Data Engineering & Architecture
3329,2023,EX,FT,Business Intelligence Engineer,172200,USD,172200,US,0,US,M,Data Analyst / BI
3330,2024,SE,FT,Data Engineer,185000,USD,185000,US,100,US,M,Data Engineering & Architecture
3331,2023,EN,FT,AI Engineer,20000,EUR,21593,PT,50,PT,L,Machine Learning / Ai
3332,2024,SE,FT,Data Scientist,214500,USD,214500,US,0,US,M,Data Scientist
3333,2023,SE,FT,Machine Learning Engineer,220000,USD,220000,US,100,US,M,Machine Learning / Ai
3334,2023,MI,FT,Data Scientist,162000,USD,162000,US,0,US,M,Data Scientist
3335,2024,MI,FT,Business Intelligence Manager,99600,USD,99600,US,0,US,M,Data Analyst / BI
3336,2023,SE,FT,Data Scientist,272550,USD,272550,US,0,US,M,Data Scientist
3337,2023,MI,FT,Data Scientist,840000,THB,24613,TH,50,TH,L,Data Scientist
3338,2022,SE,FT,Machine Learning Manager,200000,USD,200000,US,100,US,M,Machine Learning / Ai
3339,2023,SE,FT,Data Engineer,310000,USD,310000,US,0,US,M,Data Engineering & Architecture
3340,2022,MI,FT,Data Scientist,180000,USD,180000,US,0,US,M,Data Scientist
3341,2023,MI,FT,Data Engineer,60000,GBP,73824,GB,0,GB,M,Data Engineering & Architecture
3342,2024,MI,FT,Data Analyst,90000,USD,90000,US,0,US,M,Data Analyst / BI
3343,2024,SE,FT,Data Engineer,76500,USD,76500,US,0,US,M,Data Engineering & Architecture
3344,2024,SE,FT,Data Scientist,150000,USD,150000,US,0,US,M,Data Scientist
3345,2024,MI,FT,Data Engineer,110000,USD,110000,US,0,US,M,Data Engineering & Architecture
3346,2023,SE,FT,Data Science Consultant,145000,USD,145000,US,0,US,M,Data Scientist
3347,2023,MI,FT,Business Intelligence Engineer,165000,USD,165000,US,0,US,M,Data Analyst / BI
3348,2023,EX,FT,Data Scientist,249600,USD,249600,US,100,US,M,Data Scientist
3349,2023,SE,FT,Machine Learning Engineer,127600,USD,127600,US,0,US,M,Machine Learning / Ai
3350,2023,SE,FT,Machine Learning Engineer,150000,USD,150000,US,0,US,M,Machine Learning / Ai
3351,2023,SE,FT,Machine Learning Engineer,184950,USD,184950,US,0,US,M,Machine Learning / Ai
3352,2023,MI,FT,Data Scientist,92000,USD,92000,US,0,US,M,Data Scientist
3353,2023,MI,FT,Data Scientist,156000,USD,156000,US,0,US,M,Data Scientist
3354,2024,SE,FT,Machine Learning Engineer,137930,USD,137930,CA,0,CA,M,Machine Learning / Ai
3355,2024,SE,FT,Data Engineer,184000,USD,184000,US,0,US,M,Data Engineering & Architecture
3356,2023,SE,FT,Data Scientist,132000,USD,132000,US,0,US,M,Data Scientist
3357,2023,SE,FT,Decision Scientist,129300,USD,129300,US,0,US,M,Data Analyst / BI
3358,2023,EX,FT,Data Analyst,125000,USD,125000,US,0,US,M,Data Analyst / BI
3359,2023,SE,FT,Data Engineer,65000,EUR,70179,PT,0,PT,M,Data Engineering & Architecture
3360,2023,SE,FT,Data Engineer,182500,USD,182500,US,100,US,M,Data Engineering & Architecture
3361,2022,EN,FT,Data Analyst,27000,EUR,28368,FR,50,FR,M,Data Analyst / BI
3362,2023,SE,FT,Machine Learning Engineer,250000,USD,250000,US,0,US,M,Machine Learning / Ai
3363,2023,SE,FT,Data Architect,200000,USD,200000,US,100,US,M,Data Engineering & Architecture
3364,2023,MI,FT,Data Analyst,125000,USD,125000,US,0,US,M,Data Analyst / BI
3365,2023,MI,FT,Data Scientist,80000,GBP,98432,GB,0,GB,M,Data Scientist
3366,2023,SE,FT,Data Architect,234000,USD,234000,US,100,US,M,Data Engineering & Architecture
3367,2022,MI,FT,Machine Learning Researcher,137000,CAD,105236,CA,50,CA,L,Research / Computational
3368,2023,SE,FT,Machine Learning Engineer,127000,USD,127000,US,0,US,M,Machine Learning / Ai
3369,2023,SE,FT,Analytics Engineer,155800,USD,155800,US,100,US,M,Data Analyst / BI
3370,2024,MI,FT,Robotics Software Engineer,160000,USD,160000,US,0,US,M,Machine Learning / Ai
3371,2024,MI,FT,Data Developer,100000,USD,100000,US,0,US,M,Data Analyst / BI
3372,2023,MI,CT,Machine Learning Engineer,180000,USD,180000,US,100,US,S,Machine Learning / Ai
3373,2024,MI,FT,Analytics Engineer,126000,USD,126000,US,0,US,M,Data Analyst / BI
3374,2023,EN,FT,Data Analyst,75000,GBP,92280,GB,0,GB,M,Data Analyst / BI
3375,2023,SE,FT,Data Analyst,95000,USD,95000,CA,100,CA,M,Data Analyst / BI
3376,2023,EN,FT,Data Analyst,72500,USD,72500,US,0,US,M,Data Analyst / BI
3377,2023,SE,FT,Data Science Engineer,135000,USD,135000,US,100,US,M,Data Scientist
3378,2023,MI,FT,Data Engineer,152000,USD,152000,CA,100,CA,M,Data Engineering & Architecture
3379,2023,SE,FT,Data Engineer,66000,USD,66000,US,100,US,M,Data Engineering & Architecture
3380,2024,EN,FT,Data Analytics Specialist,44100,USD,44100,MT,0,MT,M,Data Analyst / BI
3381,2024,SE,FT,Data Analyst,130000,USD,130000,US,0,US,M,Data Analyst / BI
3382,2023,SE,FT,Machine Learning Scientist,300000,USD,300000,US,0,US,M,Machine Learning / Ai
3383,2023,SE,FT,Data Engineer,112000,USD,112000,US,0,US,M,Data Engineering & Architecture
3384,2024,EX,FT,Head of Data,195000,USD,195000,US,0,US,M,Data Analyst / BI
3385,2023,SE,FT,Machine Learning Engineer,188800,USD,188800,US,100,US,M,Machine Learning / Ai
3386,2023,SE,FT,Data Engineer,226600,USD,226600,US,0,US,M,Data Engineering & Architecture
3387,2023,SE,FT,Data Analyst,80850,USD,80850,US,0,US,M,Data Analyst / BI
3388,2023,MI,FT,Applied Scientist,198000,USD,198000,US,100,US,M,Data Analyst / BI
3389,2023,EN,FT,Research Analyst,62000,USD,62000,US,100,US,M,Research / Computational
3390,2024,MI,FT,Analytics Engineer,135000,USD,135000,US,100,US,M,Data Analyst / BI
3391,2023,SE,FT,Principal Data Scientist,160000,USD,160000,US,100,US,L,Data Scientist
3392,2023,SE,FT,ML Engineer,226000,USD,226000,US,100,US,M,Machine Learning / Ai
3393,2023,SE,FT,Data Science Consultant,94000,USD,94000,US,0,US,M,Data Scientist
3394,2023,SE,FT,Research Engineer,190000,USD,190000,US,0,US,M,Research / Computational
3395,2023,SE,FT,Machine Learning Engineer,95000,USD,95000,CA,100,CA,M,Machine Learning / Ai
3396,2023,SE,FT,Cloud Database Engineer,170000,USD,170000,US,100,US,L,Data Engineering & Architecture
3397,2023,MI,FT,Research Scientist,275000,USD,275000,US,0,US,M,Research / Computational
3398,2023,SE,FT,Data Architect,140000,USD,140000,US,100,US,M,Data Engineering & Architecture
3399,2023,EN,FT,Cloud Data Engineer,100000,USD,100000,DE,50,US,L,Data Engineering & Architecture
3400,2023,SE,FT,Machine Learning Engineer,269000,USD,269000,CA,100,CA,M,Machine Learning / Ai
3401,2023,MI,FT,Data Scientist,160000,USD,160000,US,0,US,M,Data Scientist
3402,2024,SE,FT,Data Scientist,115000,USD,115000,US,100,US,M,Data Scientist
3403,2022,MI,FT,Data Analytics Manager,140000,USD,140000,US,0,US,M,Data Analyst / BI
3404,2022,SE,FT,Data Analyst,177000,USD,177000,US,0,US,M,Data Analyst / BI
3405,2024,SE,FT,Data Pipeline Engineer,175000,USD,175000,US,0,US,M,Data Engineering & Architecture
3406,2023,SE,FT,Analytics Engineer,120000,USD,120000,US,100,US,M,Data Analyst / BI
3407,2022,SE,FT,Data Scientist,120000,USD,120000,US,100,US,M,Data Scientist
3408,2023,EN,FT,Data Scientist,26800,GBP,32974,GB,0,GB,M,Data Scientist
3409,2023,SE,FT,Data Scientist,153000,USD,153000,US,100,US,M,Data Scientist
3410,2023,MI,FT,Data Scientist,131000,USD,131000,US,100,US,M,Data Scientist
3411,2023,SE,FT,Analytics Engineer,289800,USD,289800,US,0,US,M,Data Analyst / BI
3412,2023,SE,FT,Data Science Consultant,189750,USD,189750,US,0,US,M,Data Scientist
3413,2024,SE,FT,Business Intelligence Engineer,31200,EUR,34666,LV,0,LV,M,Data Analyst / BI
3414,2024,MI,FT,Business Intelligence Developer,67060,USD,67060,US,0,US,M,Data Analyst / BI
3415,2022,EN,FT,Applied Data Scientist,40000,USD,40000,AU,100,PK,M,Data Scientist
3416,2024,SE,FT,Machine Learning Engineer,163000,USD,163000,US,100,US,M,Machine Learning / Ai
3417,2022,SE,FT,Data Engineer,185000,USD,185000,US,100,US,M,Data Engineering & Architecture
3418,2024,MI,FT,BI Developer,62100,USD,62100,US,0,US,M,Data Analyst / BI
3419,2023,SE,FT,Data Specialist,111600,USD,111600,US,0,US,M,Data Analyst / BI
3420,2023,SE,FT,Data Scientist,195000,USD,195000,US,100,US,M,Data Scientist
3421,2022,MI,FT,Data Scientist,50000,GBP,61566,GB,0,GB,M,Data Scientist
3422,2023,MI,FT,Data Engineer,145000,USD,145000,US,0,US,M,Data Engineering & Architecture
3423,2023,SE,FT,Data Scientist,157750,USD,157750,US,0,US,M,Data Scientist
3424,2024,EX,FT,Data Science,221000,USD,221000,US,0,US,M,Data Scientist
3425,2024,EN,FT,Data Analyst,159870,USD,159870,US,0,US,M,Data Analyst / BI
3426,2022,SE,FT,Data Engineer,140000,USD,140000,US,100,US,M,Data Engineering & Architecture
3427,2024,SE,FT,Machine Learning Engineer,73200,EUR,81333,LT,0,LT,M,Machine Learning / Ai
3428,2024,EN,FT,Data Management Analyst,120000,USD,120000,US,0,US,M,Data Analyst / BI
3429,2023,SE,FT,Data Analyst,142000,USD,142000,US,0,US,M,Data Analyst / BI
3430,2023,SE,FT,Data Science Engineer,266450,USD,266450,US,0,US,M,Data Scientist
3431,2023,EX,FT,Data Analyst,145000,USD,145000,US,0,US,M,Data Analyst / BI
3432,2023,MI,FT,Data Analyst,93000,USD,93000,US,100,US,L,Data Analyst / BI
3433,2022,MI,FT,Data Engineer,145000,USD,145000,US,0,US,M,Data Engineering & Architecture
3434,2023,MI,FT,Data Engineer,187000,USD,187000,US,100,US,M,Data Engineering & Architecture
3435,2024,SE,FT,Data Analyst,174000,USD,174000,US,100,US,M,Data Analyst / BI
3436,2023,SE,FT,ETL Developer,53300,USD,53300,US,0,US,M,Data Engineering & Architecture
3437,2023,SE,FT,Data Scientist,145000,USD,145000,US,0,US,M,Data Scientist
3438,2024,SE,FT,Applied Scientist,250000,USD,250000,US,100,US,M,Data Analyst / BI
3439,2023,SE,FT,Applied Scientist,115100,USD,115100,US,0,US,L,Data Analyst / BI
3440,2024,SE,FT,Research Engineer,200800,USD,200800,US,0,US,M,Research / Computational
3441,2022,MI,FT,Data Scientist,58000,EUR,60938,DE,0,DE,M,Data Scientist
3442,2023,SE,FT,Data Scientist,258000,USD,258000,US,0,US,M,Data Scientist
3443,2023,SE,FT,Machine Learning Software Engineer,302000,USD,302000,US,0,US,M,Machine Learning / Ai
3444,2023,SE,FT,Data Engineer,133832,USD,133832,US,0,US,M,Data Engineering & Architecture
3445,2023,SE,FT,Data Scientist,127000,USD,127000,US,100,US,M,Data Scientist
3446,2023,EN,FT,Data Analyst,27000,GBP,33220,GB,0,GB,M,Data Analyst / BI
3447,2022,SE,FT,Data Analyst,171000,USD,171000,US,100,AU,L,Data Analyst / BI
3448,2023,SE,FT,Analytics Engineer,142400,USD,142400,US,0,US,M,Data Analyst / BI
3449,2024,SE,FT,Data Science Consultant,90000,USD,90000,US,0,US,M,Data Scientist
3450,2024,MI,FT,Data Scientist,198000,USD,198000,US,0,US,M,Data Scientist
3451,2022,EN,FT,Data Manager,45600,USD,45600,US,100,US,M,Data Analyst / BI
3452,2024,SE,FT,Data Engineer,146000,USD,146000,US,0,US,M,Data Engineering & Architecture
3453,2022,SE,FT,Data Engineer,231250,USD,231250,US,100,US,M,Data Engineering & Architecture
3454,2023,SE,FT,Data Analyst,132000,USD,132000,US,100,US,M,Data Analyst / BI
3455,2022,MI,FT,ML Engineer,148500,USD,148500,US,100,US,L,Machine Learning / Ai
3456,2023,MI,FT,AI Engineer,180000,USD,180000,US,0,US,M,Machine Learning / Ai
3457,2024,SE,FT,Data Science,150000,USD,150000,US,100,US,M,Data Scientist
3458,2023,SE,FT,Data Engineer,232000,USD,232000,US,0,US,M,Data Engineering & Architecture
3459,2024,SE,FT,Data Engineer,154000,USD,154000,US,0,US,M,Data Engineering & Architecture
3460,2023,SE,FT,Head of Data,258500,USD,258500,US,100,US,M,Data Analyst / BI
3461,2023,MI,FT,Machine Learning Engineer,158200,USD,158200,US,0,US,M,Machine Learning / Ai
3462,2024,MI,FT,Data Engineer,126600,USD,126600,US,0,US,M,Data Engineering & Architecture
3463,2023,SE,FT,Data Scientist,148750,USD,148750,US,0,US,M,Data Scientist
3464,2023,SE,FT,Data Engineer,72000,EUR,77737,ES,100,ES,M,Data Engineering & Architecture
3465,2024,SE,FT,Machine Learning Scientist,250000,USD,250000,US,100,US,M,Machine Learning / Ai
3466,2022,SE,FT,Applied Scientist,196000,USD,196000,US,100,US,M,Data Analyst / BI
3467,2024,SE,FT,Data Science Consultant,112000,USD,112000,US,0,US,M,Data Scientist
3468,2023,SE,FT,Data Scientist,80000,USD,80000,US,100,US,M,Data Scientist
3469,2024,MI,FT,Data Integration Specialist,54000,USD,54000,US,0,US,M,Data Engineering & Architecture
3470,2024,SE,FT,Data Scientist,248600,USD,248600,US,0,US,M,Data Scientist
3471,2023,MI,FT,Machine Learning Engineer,250000,USD,250000,US,0,US,M,Machine Learning / Ai
3472,2023,SE,FT,Machine Learning Engineer,158000,USD,158000,US,100,US,M,Machine Learning / Ai
3473,2024,SE,FT,Business Intelligence Engineer,147600,USD,147600,US,0,US,M,Data Analyst / BI
3474,2023,EN,FT,Data Analyst,23000,GBP,28299,GB,0,GB,M,Data Analyst / BI
3475,2023,SE,FT,Research Engineer,240000,USD,240000,US,0,US,M,Research / Computational
3476,2023,SE,FT,Data Integration Specialist,3000000,INR,36483,IN,50,IN,L,Data Engineering & Architecture
3477,2022,SE,FT,Data Scientist,190000,USD,190000,US,0,US,M,Data Scientist
3478,2024,SE,FT,Research Scientist,192700,USD,192700,US,0,US,M,Research / Computational
3479,2023,SE,FT,Data Analyst,171000,USD,171000,US,0,US,M,Data Analyst / BI
3480,2024,MI,FT,Business Intelligence Developer,87800,USD,87800,US,0,US,M,Data Analyst / BI
3481,2024,MI,FT,Data Engineer,112000,USD,112000,US,0,US,M,Data Engineering & Architecture
3482,2023,SE,FT,Machine Learning Engineer,151600,USD,151600,US,0,US,M,Machine Learning / Ai
3483,2023,SE,FT,AI Engineer,220000,USD,220000,US,0,US,M,Machine Learning / Ai
3484,2022,MI,FT,Research Engineer,100000,EUR,105066,GB,50,GB,S,Research / Computational
3485,2023,MI,FT,Data Scientist,85000,USD,85000,US,0,US,M,Data Scientist
3486,2023,SE,FT,AI Architect,146900,USD,146900,US,100,US,M,Machine Learning / Ai
3487,2022,MI,FT,Data Scientist,50000,EUR,52533,FR,100,FR,M,Data Scientist
3488,2023,MI,FT,Research Engineer,120000,USD,120000,US,100,US,M,Research / Computational
3489,2023,SE,FT,Data Science Manager,328000,USD,328000,US,0,US,M,Data Scientist
3490,2024,SE,FT,Data Scientist,157500,USD,157500,US,0,US,M,Data Scientist
3491,2022,SE,FT,Machine Learning Engineer,202900,USD,202900,US,100,US,L,Machine Learning / Ai
3492,2024,EN,FT,Data Analyst,80000,USD,80000,US,100,US,M,Data Analyst / BI
3493,2024,SE,FT,Data Scientist,146900,USD,146900,US,0,US,M,Data Scientist
3494,2024,MI,FT,Data Scientist,119200,USD,119200,US,100,US,M,Data Scientist
3495,2023,SE,FT,BI Developer,106500,USD,106500,US,0,US,M,Data Analyst / BI
3496,2024,MI,FT,Data Scientist,212000,USD,212000,US,0,US,M,Data Scientist
3497,2023,SE,FT,Data Architect,221800,USD,221800,US,100,US,M,Data Engineering & Architecture
3498,2023,SE,FT,Analytics Engineer,97750,USD,97750,US,0,US,M,Data Analyst / BI
3499,2024,SE,FT,Data Scientist,314100,USD,314100,US,0,US,M,Data Scientist
3500,2023,SE,FT,Data Engineer,112700,GBP,138666,GB,0,GB,M,Data Engineering & Architecture
3501,2023,SE,FT,Research Engineer,141100,USD,141100,US,0,US,M,Research / Computational
3502,2024,MI,FT,Data Scientist,165000,USD,165000,US,0,US,M,Data Scientist
3503,2024,SE,FT,Machine Learning Engineer,120000,USD,120000,US,100,US,M,Machine Learning / Ai
3504,2023,SE,FT,Data Analyst,148700,USD,148700,US,0,US,M,Data Analyst / BI
3505,2024,MI,FT,Data Engineer,184000,USD,184000,US,0,US,M,Data Engineering & Architecture
3506,2023,EN,FT,Financial Data Analyst,56500,USD,56500,US,50,US,L,Data Analyst / BI
3507,2024,SE,FT,Data Engineer,108500,USD,108500,US,0,US,M,Data Engineering & Architecture
3508,2021,SE,FL,Machine Learning Developer,60000,USD,60000,NG,100,NG,M,Machine Learning / Ai
3509,2024,SE,FT,Machine Learning Engineer,189360,USD,189360,US,100,US,M,Machine Learning / Ai
3510,2023,SE,FT,Data Manager,68000,USD,68000,US,0,US,M,Data Analyst / BI
3511,2023,SE,FT,Data Analyst,144100,USD,144100,US,100,US,M,Data Analyst / BI
3512,2024,MI,FT,Business Intelligence Analyst,100000,USD,100000,US,0,US,M,Data Analyst / BI
3513,2023,EN,FT,Data Analyst,60000,USD,60000,US,100,US,M,Data Analyst / BI
3514,2024,MI,FT,Data Scientist,120000,USD,120000,US,100,US,M,Data Scientist
3515,2023,MI,FT,Machine Learning Engineer,237400,USD,237400,US,0,US,M,Machine Learning / Ai
3516,2023,EN,FT,Business Intelligence Analyst,100000,USD,100000,US,0,US,M,Data Analyst / BI
3517,2023,SE,FT,NLP Engineer,235000,USD,235000,US,0,US,M,Machine Learning / Ai
3518,2024,MI,FT,Data Scientist,105000,USD,105000,US,0,US,M,Data Scientist
3519,2024,MI,FT,Data Engineer,37200,GBP,46500,GB,0,GB,M,Data Engineering & Architecture
3520,2024,MI,FT,Data Analyst,160000,USD,160000,US,100,US,M,Data Analyst / BI
3521,2024,SE,FT,Machine Learning Engineer,309000,USD,309000,US,0,US,M,Machine Learning / Ai
3522,2023,SE,FT,AI Engineer,60000,EUR,64781,ES,100,ES,M,Machine Learning / Ai
3523,2023,SE,FT,Data Scientist,231000,USD,231000,US,100,US,M,Data Scientist
3524,2023,SE,FT,Data Architect,126300,USD,126300,US,0,US,M,Data Engineering & Architecture
3525,2023,MI,FT,Data Engineer,50000,GBP,61520,GB,100,GB,M,Data Engineering & Architecture
3526,2023,MI,FT,Data Manager,127000,USD,127000,US,100,US,M,Data Analyst / BI
3527,2024,MI,FT,Data Scientist,203500,USD,203500,US,100,US,M,Data Scientist
3528,2023,SE,FT,Data Analyst,204500,USD,204500,US,0,US,M,Data Analyst / BI
3529,2024,SE,FT,Data Scientist,138500,USD,138500,CA,100,CA,M,Data Scientist
3530,2023,MI,FT,Data Scientist,130000,CAD,96313,CA,100,CA,S,Data Scientist
3531,2023,SE,FT,Data Management Specialist,110000,USD,110000,US,0,US,M,Data Analyst / BI
3532,2024,SE,FT,Data Scientist,144000,USD,144000,US,0,US,M,Data Scientist
3533,2023,SE,FT,Research Analyst,87400,USD,87400,US,0,US,M,Research / Computational
3534,2024,SE,FT,Machine Learning Engineer,290000,USD,290000,US,0,US,M,Machine Learning / Ai
3535,2023,SE,FT,Data Engineer,152375,USD,152375,US,0,US,M,Data Engineering & Architecture
3536,2023,SE,FT,Data Analyst,48000,EUR,51824,ES,0,ES,M,Data Analyst / BI
3537,2022,SE,FT,ML Engineer,195400,USD,195400,US,100,US,L,Machine Learning / Ai
3538,2023,SE,FT,Machine Learning Engineer,184700,USD,184700,US,0,US,M,Machine Learning / Ai
3539,2024,SE,FT,Data Scientist,139500,USD,139500,US,0,US,M,Data Scientist
3540,2024,MI,FT,Data Analyst,72500,USD,72500,US,0,US,M,Data Analyst / BI
3541,2023,SE,FT,Data Analyst,140130,USD,140130,US,0,US,M,Data Analyst / BI
3542,2022,EN,FT,Data Scientist,50000,USD,50000,US,50,DE,M,Data Scientist
3543,2023,SE,FT,Data Scientist,239748,USD,239748,US,0,US,M,Data Scientist
3544,2023,SE,FT,AI Engineer,83900,USD,83900,US,0,US,M,Machine Learning / Ai
3545,2024,SE,FT,Business Intelligence Engineer,79600,USD,79600,US,0,US,L,Data Analyst / BI
3546,2023,SE,FT,Data Scientist,201000,USD,201000,US,0,US,M,Data Scientist
3547,2023,EN,FT,Data Engineer,125000,USD,125000,US,0,US,M,Data Engineering & Architecture
3548,2024,SE,FT,ML Engineer,93300,USD,93300,US,0,US,M,Machine Learning / Ai
3549,2023,SE,FT,Analytics Engineer,115000,USD,115000,US,0,US,M,Data Analyst / BI
3550,2023,SE,FT,Business Intelligence Engineer,118200,USD,118200,US,100,US,M,Data Analyst / BI
3551,2024,SE,FT,Data Scientist,115000,USD,115000,US,0,US,M,Data Scientist
3552,2024,MI,FT,Data Engineer,148000,USD,148000,US,0,US,M,Data Engineering & Architecture
3553,2023,MI,FT,Data Engineer,148000,USD,148000,US,0,US,M,Data Engineering & Architecture
3554,2023,SE,FT,Data Analyst,168000,USD,168000,CA,0,CA,M,Data Analyst / BI
3555,2023,MI,FT,Data Manager,130000,USD,130000,US,0,US,M,Data Analyst / BI
3556,2024,SE,FT,Data Engineer,198000,USD,198000,US,0,US,M,Data Engineering & Architecture
3557,2023,SE,FT,Applied Scientist,215000,USD,215000,US,0,US,M,Data Analyst / BI
3558,2024,EX,FT,Data Engineer,191857,USD,191857,US,0,US,M,Data Engineering & Architecture
3559,2023,SE,FT,Data Analytics Lead,84000,USD,84000,US,0,US,M,Data Analyst / BI
3560,2023,SE,FT,Machine Learning Infrastructure Engineer,65000,GBP,79976,GB,100,GB,M,Machine Learning / Ai
3561,2024,EN,FT,Data Analyst,75000,USD,75000,US,0,US,M,Data Analyst / BI
3562,2023,SE,FT,Data Scientist,111967,USD,111967,US,100,US,M,Data Scientist
3563,2022,SE,FT,Machine Learning Engineer,200000,USD,200000,US,100,US,L,Machine Learning / Ai
3564,2022,MI,FT,Analytics Engineer,85000,USD,85000,US,100,US,M,Data Analyst / BI
3565,2022,SE,FT,Data Science Manager,120000,USD,120000,US,0,US,M,Data Scientist
3566,2023,MI,FT,Data Engineer,100000,USD,100000,US,100,US,M,Data Engineering & Architecture
3567,2024,MI,FT,Machine Learning Engineer,120000,EUR,133333,DE,0,DE,M,Machine Learning / Ai
3568,2024,SE,FT,Research Engineer,440000,USD,440000,US,0,US,M,Research / Computational
3569,2022,SE,FT,Data Engineer,150000,USD,150000,US,0,US,M,Data Engineering & Architecture
3570,2023,SE,FT,Business Intelligence Engineer,84600,USD,84600,US,100,US,M,Data Analyst / BI
3571,2024,EN,FT,Data Analyst,64900,USD,64900,US,100,US,M,Data Analyst / BI
3572,2024,MI,FT,Analytics Engineer,78000,USD,78000,US,0,US,M,Data Analyst / BI
3573,2023,MI,FT,Data Analyst,54000,USD,54000,US,100,US,M,Data Analyst / BI
3574,2023,MI,FT,Data Scientist,35000,USD,35000,IN,0,IN,L,Data Scientist
3575,2024,MI,FT,Data Engineer,68000,USD,68000,US,100,US,M,Data Engineering & Architecture
3576,2023,SE,FT,Data Scientist,189100,USD,189100,US,0,US,M,Data Scientist
3577,2023,MI,FT,Data Scientist,75000,USD,75000,US,0,US,M,Data Scientist
3578,2023,EN,FT,Data Scientist,149800,USD,149800,US,0,US,M,Data Scientist
3579,2023,MI,FT,Data Analyst,73100,USD,73100,US,0,US,M,Data Analyst / BI
3580,2024,EX,FT,Data Engineer,225000,USD,225000,US,0,US,M,Data Engineering & Architecture
3581,2024,SE,FT,Data Operations Specialist,121500,USD,121500,US,0,US,M,Data Analyst / BI
3582,2023,MI,FT,Data Science Consultant,100000,USD,100000,US,100,US,M,Data Scientist
3583,2024,MI,FT,Data Engineer,170000,USD,170000,US,0,US,M,Data Engineering & Architecture
3584,2023,SE,FT,Data Architect,210000,USD,210000,US,100,US,M,Data Engineering & Architecture
3585,2023,SE,FT,Data Science Practitioner,122600,USD,122600,US,0,US,M,Data Scientist
3586,2024,SE,FT,Data Scientist,244800,USD,244800,US,0,US,M,Data Scientist
3587,2023,MI,FT,Data Scientist,169000,USD,169000,US,0,US,M,Data Scientist
3588,2024,SE,FT,Research Analyst,94600,USD,94600,US,0,US,M,Research / Computational
3589,2024,MI,FT,Data Manager,130000,USD,130000,US,0,US,M,Data Analyst / BI
3590,2023,SE,FT,Data Engineer,121700,USD,121700,US,100,US,M,Data Engineering & Architecture
3591,2023,SE,FT,Data Science Manager,255000,USD,255000,US,0,US,M,Data Scientist
3592,2023,EN,FT,Data Analyst,94035,USD,94035,US,100,US,M,Data Analyst / BI
3593,2023,SE,FT,Data Analyst,94000,USD,94000,US,0,US,M,Data Analyst / BI
3594,2023,SE,FT,Data Scientist,82365,USD,82365,US,0,US,M,Data Scientist
3595,2022,SE,FT,Analytics Engineer,122500,USD,122500,US,100,US,M,Data Analyst / BI
3596,2024,SE,FT,Data Modeler,130000,USD,130000,US,100,US,M,Data Engineering & Architecture
3597,2023,SE,FT,Research Scientist,142200,USD,142200,US,0,US,M,Research / Computational
3598,2023,EN,FT,Research Engineer,98000,USD,98000,US,0,US,M,Research / Computational
3599,2024,MI,FT,Data Scientist,146000,USD,146000,CA,0,CA,M,Data Scientist
3600,2024,SE,FT,Data Manager,95300,USD,95300,US,100,US,M,Data Analyst / BI
3601,2024,MI,FT,Data Science,170000,USD,170000,US,0,US,M,Data Scientist
3602,2022,SE,FT,Data Scientist,130240,USD,130240,US,0,US,M,Data Scientist
3603,2023,SE,FT,Research Engineer,253000,USD,253000,US,100,US,M,Research / Computational
3604,2024,SE,FT,Data Analytics Lead,166000,USD,166000,US,0,US,M,Data Analyst / BI
3605,2024,MI,FT,Data Scientist,168000,USD,168000,US,0,US,M,Data Scientist
3606,2024,SE,FT,Business Intelligence Manager,85000,GBP,106250,GB,0,GB,M,Data Analyst / BI
3607,2023,SE,FT,Data Scientist,173175,USD,173175,CA,100,CA,M,Data Scientist
3608,2023,SE,FT,Data Analyst,74178,USD,74178,US,0,US,M,Data Analyst / BI
3609,2024,SE,FT,Data Analyst,160000,USD,160000,US,0,US,M,Data Analyst / BI
3610,2022,MI,FT,Data Analyst,65000,USD,65000,US,0,US,M,Data Analyst / BI
3611,2023,SE,FT,Data Engineer,123600,USD,123600,US,100,US,M,Data Engineering & Architecture
3612,2023,SE,FT,Data Scientist,110250,USD,110250,US,0,US,M,Data Scientist
3613,2022,SE,FT,Data Scientist,101570,USD,101570,US,100,US,M,Data Scientist
3614,2022,EN,FT,Data Manager,77300,USD,77300,US,100,US,M,Data Analyst / BI
3615,2024,SE,FT,Machine Learning Engineer,296400,USD,296400,US,0,US,M,Machine Learning / Ai
3616,2023,SE,FT,Analytics Engineer,231250,USD,231250,US,100,US,M,Data Analyst / BI
3617,2023,SE,FT,Data Engineer,113750,USD,113750,US,0,US,M,Data Engineering & Architecture
3618,2023,EX,FT,Data Engineer,204500,USD,204500,US,0,US,M,Data Engineering & Architecture
3619,2024,EN,FT,Applied Scientist,166000,USD,166000,US,100,US,M,Data Analyst / BI
3620,2023,SE,FT,BI Analyst,125000,USD,125000,US,0,US,M,Data Analyst / BI
3621,2023,SE,FT,Data Engineer,247300,USD,247300,US,100,US,M,Data Engineering & Architecture
3622,2024,SE,FT,Data Architect,381500,USD,381500,US,0,US,M,Data Engineering & Architecture
3623,2023,SE,FT,Data Science Consultant,1000000,THB,29301,TH,50,TH,M,Data Scientist
3624,2023,SE,FT,Analytics Engineer,200000,USD,200000,US,100,US,L,Data Analyst / BI
3625,2022,SE,FT,Data Architect,102100,USD,102100,US,0,US,M,Data Engineering & Architecture
3626,2023,EN,FT,Business Intelligence Analyst,65000,USD,65000,US,0,US,M,Data Analyst / BI
3627,2023,SE,FT,Research Engineer,170112,USD,170112,US,0,US,M,Research / Computational
3628,2024,MI,FT,Data Specialist,100000,USD,100000,US,0,US,M,Data Analyst / BI
3629,2024,EN,FT,Data Analyst,73756,USD,73756,US,0,US,M,Data Analyst / BI
3630,2023,SE,FT,ML Engineer,170000,AUD,114979,AU,100,AU,L,Machine Learning / Ai
3631,2023,SE,FT,Machine Learning Engineer,176100,USD,176100,US,0,US,L,Machine Learning / Ai
3632,2023,MI,FT,Data Developer,130000,USD,130000,US,100,US,M,Data Analyst / BI
3633,2024,EN,FT,Data Scientist,82915,USD,82915,US,0,US,M,Data Scientist
3634,2023,MI,FT,Data Engineer,90000,GBP,110736,GB,100,GB,M,Data Engineering & Architecture
3635,2024,SE,FT,Machine Learning Engineer,212000,USD,212000,EG,0,EG,M,Machine Learning / Ai
3636,2024,MI,FT,Data Analyst,165500,USD,165500,US,100,US,M,Data Analyst / BI
3637,2023,EN,FT,Data Scientist,101400,BRL,19910,BR,100,BR,L,Data Scientist
3638,2024,MI,FT,Business Intelligence Engineer,186846,USD,186846,US,0,US,M,Data Analyst / BI
3639,2023,MI,FT,Research Scientist,238000,USD,238000,US,0,US,M,Research / Computational
3640,2024,MI,FT,Machine Learning Engineer,125100,USD,125100,US,0,US,M,Machine Learning / Ai
3641,2024,SE,FT,Machine Learning Engineer,303400,USD,303400,US,100,US,M,Machine Learning / Ai
3642,2024,SE,FT,Data Analyst,200200,USD,200200,US,0,US,M,Data Analyst / BI
3643,2023,MI,FT,Data Analyst,95000,USD,95000,US,0,US,M,Data Analyst / BI
3644,2024,SE,FT,AI Architect,99750,USD,99750,US,100,US,M,Machine Learning / Ai
3645,2024,MI,FT,Data Scientist,123800,USD,123800,US,100,US,M,Data Scientist
3646,2022,SE,FT,Analytics Engineer,250000,USD,250000,US,0,US,M,Data Analyst / BI
3647,2024,SE,FT,Business Intelligence,172800,USD,172800,US,0,US,M,Data Analyst / BI
3648,2023,SE,FT,Data Scientist,86700,USD,86700,US,0,US,L,Data Scientist
3649,2023,SE,FT,Data Scientist,122900,USD,122900,US,0,US,L,Data Scientist
3650,2022,SE,FT,ETL Developer,146200,USD,146200,US,100,US,M,Data Engineering & Architecture
3651,2024,EN,FT,Data Analyst,140000,USD,140000,US,0,US,M,Data Analyst / BI
3652,2024,SE,FT,Data Engineer,131414,USD,131414,US,100,US,M,Data Engineering & Architecture
3653,2022,SE,FT,Machine Learning Engineer,185000,USD,185000,MX,100,MX,M,Machine Learning / Ai
3654,2023,EN,FT,Data Analyst,86000,USD,86000,US,0,US,M,Data Analyst / BI
3655,2024,MI,FT,ML Ops Engineer,114800,USD,114800,US,0,US,M,Machine Learning / Ai
3656,2023,SE,FT,Data Scientist,159375,USD,159375,US,100,US,M,Data Scientist
3657,2024,SE,FT,AI Engineer,180000,USD,180000,US,0,US,M,Machine Learning / Ai
3658,2024,SE,FT,Data Analyst,120000,USD,120000,US,0,US,M,Data Analyst / BI
3659,2022,SE,FT,Data Scientist,51000,USD,51000,US,100,US,M,Data Scientist
3660,2023,SE,FT,BI Analyst,112655,USD,112655,US,100,US,M,Data Analyst / BI
3661,2022,MI,FT,Data Engineer,260000,USD,260000,US,0,US,M,Data Engineering & Architecture
3662,2024,MI,FT,Data Science,86000,USD,86000,US,0,US,M,Data Scientist
3663,2023,SE,FT,Computer Vision Engineer,184590,USD,184590,US,0,US,M,Machine Learning / Ai
3664,2024,MI,FT,Data Engineer,308000,USD,308000,US,0,US,M,Data Engineering & Architecture
3665,2023,MI,FT,Data Engineer,155000,USD,155000,US,0,US,M,Data Engineering & Architecture
3666,2023,SE,FT,Data Engineer,190100,USD,190100,US,100,US,M,Data Engineering & Architecture
3667,2023,SE,FT,Data Scientist,191000,USD,191000,US,100,US,M,Data Scientist
3668,2023,SE,FT,Research Scientist,374000,USD,374000,US,0,US,M,Research / Computational
3669,2023,SE,FT,BI Developer,135000,USD,135000,US,100,US,M,Data Analyst / BI
3670,2024,SE,FT,AI Engineer,95325,USD,95325,US,0,US,M,Machine Learning / Ai
3671,2023,SE,FT,Data Analyst,106000,USD,106000,US,0,US,M,Data Analyst / BI
3672,2023,MI,FT,Business Intelligence Specialist,68274,USD,68274,US,0,US,M,Data Analyst / BI
3673,2023,SE,FT,Data Engineer,72000,USD,72000,US,100,US,M,Data Engineering & Architecture
3674,2023,SE,FT,Research Scientist,345000,USD,345000,US,0,US,M,Research / Computational
3675,2023,SE,FT,Data Visualization Engineer,83900,USD,83900,US,0,US,M,Data Analyst / BI
3676,2024,SE,FT,Research Scientist,164000,USD,164000,US,100,US,M,Research / Computational
3677,2023,SE,FT,Data Engineer,136600,USD,136600,US,100,US,M,Data Engineering & Architecture
3678,2023,SE,FT,Data Analyst,74400,USD,74400,US,0,US,M,Data Analyst / BI
3679,2023,SE,FT,Data Analyst,122000,USD,122000,US,100,US,M,Data Analyst / BI
3680,2023,SE,FT,Data Scientist,235000,USD,235000,US,100,US,M,Data Scientist
3681,2023,SE,FT,Research Engineer,156400,USD,156400,US,100,US,M,Research / Computational
3682,2023,MI,FT,Machine Learning Engineer,219000,USD,219000,US,50,US,L,Machine Learning / Ai
3683,2024,SE,FT,Data Analyst,83576,USD,83576,US,0,US,M,Data Analyst / BI
3684,2023,SE,FT,Data Analyst,104300,USD,104300,US,0,US,L,Data Analyst / BI
3685,2024,SE,FT,Machine Learning Engineer,92000,USD,92000,AR,100,AR,M,Machine Learning / Ai
3686,2023,SE,FT,Data Engineer,112200,USD,112200,US,0,US,M,Data Engineering & Architecture
3687,2023,SE,FT,Data Infrastructure Engineer,143000,USD,143000,US,100,US,M,Data Engineering & Architecture
3688,2023,MI,FT,Data Engineer,129300,USD,129300,US,0,US,M,Data Engineering & Architecture
3689,2024,MI,FT,Data Engineer,118400,USD,118400,US,0,US,M,Data Engineering & Architecture
3690,2023,MI,FT,ML Engineer,180000,USD,180000,US,0,US,M,Machine Learning / Ai
3691,2024,MI,FT,Data Scientist,42507,GBP,53133,GB,0,GB,M,Data Scientist
3692,2023,SE,FT,Data Scientist,140000,GBP,172256,GB,100,GB,M,Data Scientist
3693,2023,MI,FT,AI Engineer,120000,USD,120000,US,0,US,M,Machine Learning / Ai
3694,2023,SE,FT,Machine Learning Scientist,157250,USD,157250,US,100,US,M,Machine Learning / Ai
3695,2024,EN,FT,Machine Learning Engineer,162240,USD,162240,US,0,US,M,Machine Learning / Ai
3696,2023,SE,FT,Analytics Engineer,179820,USD,179820,US,0,US,M,Data Analyst / BI
3697,2023,EX,FT,Data Engineer,220000,USD,220000,US,0,US,M,Data Engineering & Architecture
3698,2024,SE,FT,Data Scientist,55000,GBP,68750,US,0,US,M,Data Scientist
3699,2024,SE,FT,Data Scientist,225000,USD,225000,US,0,US,M,Data Scientist
3700,2023,EX,FT,Director of Data Science,353200,USD,353200,US,0,US,M,Data Scientist
3701,2022,SE,FT,Data Engineer,132100,USD,132100,US,100,US,L,Data Engineering & Architecture
3702,2023,SE,FT,Data Scientist,168800,USD,168800,US,100,US,M,Data Scientist
3703,2023,MI,FT,Data Engineer,114000,USD,114000,US,0,US,M,Data Engineering & Architecture
3704,2024,MI,FT,Applied Scientist,170000,USD,170000,US,0,US,M,Data Analyst / BI
3705,2023,SE,FT,Machine Learning Engineer,280000,USD,280000,US,0,US,M,Machine Learning / Ai
3706,2023,SE,FT,Research Engineer,155850,USD,155850,US,0,US,M,Research / Computational
3707,2023,SE,FT,Machine Learning Scientist,157250,USD,157250,US,0,US,M,Machine Learning / Ai
3708,2024,MI,FT,Analytics Engineer,100000,USD,100000,US,0,US,M,Data Analyst / BI
3709,2024,MI,FT,Data Engineer,36620,GBP,45775,GB,0,GB,M,Data Engineering & Architecture
3710,2024,MI,FT,Data Engineer,235000,USD,235000,US,0,US,M,Data Engineering & Architecture
3711,2024,MI,FT,Data Engineer,148100,USD,148100,US,100,US,M,Data Engineering & Architecture
3712,2023,SE,FT,Data Engineer,123906,USD,123906,US,0,US,M,Data Engineering & Architecture
3713,2024,SE,FT,ML Engineer,167200,USD,167200,US,0,US,M,Machine Learning / Ai
3714,2023,MI,FT,Machine Learning Engineer,110000,USD,110000,US,100,US,L,Machine Learning / Ai
3715,2024,MI,FT,Data Engineer,116200,USD,116200,US,0,US,M,Data Engineering & Architecture
3716,2023,SE,FT,Data Engineer,65000,USD,65000,US,100,US,M,Data Engineering & Architecture
3717,2024,SE,FT,Machine Learning Engineer,190400,USD,190400,US,0,US,M,Machine Learning / Ai
3718,2023,SE,FT,MLOps Engineer,247300,USD,247300,US,0,US,M,DevOps / MLOps
3719,2023,MI,FT,Research Scientist,200000,USD,200000,US,0,US,M,Research / Computational
3720,2023,SE,FT,Research Scientist,136000,USD,136000,US,0,US,M,Research / Computational
3721,2023,SE,FT,Machine Learning Engineer,205318,USD,205318,US,100,US,M,Machine Learning / Ai
3722,2024,SE,FT,Data Architect,81800,USD,81800,US,0,US,M,Data Engineering & Architecture
3723,2024,SE,FT,Data Science,133200,USD,133200,US,0,US,M,Data Scientist
3724,2023,MI,FT,Data Scientist,108560,USD,108560,US,0,US,M,Data Scientist
3725,2024,MI,FT,Data Analyst,81200,USD,81200,US,0,US,M,Data Analyst / BI
3726,2022,SE,FT,Data Analyst,70000,GBP,86193,GB,0,GB,M,Data Analyst / BI
3727,2023,MI,FT,Business Intelligence Analyst,153800,USD,153800,US,100,US,M,Data Analyst / BI
3728,2024,SE,FT,Data Scientist,273500,USD,273500,US,0,US,M,Data Scientist
3729,2023,MI,FT,Data Engineer,146000,USD,146000,US,0,US,M,Data Engineering & Architecture
3730,2023,SE,FT,Data Analyst,85500,USD,85500,US,0,US,M,Data Analyst / BI
3731,2024,SE,FT,Data Analyst,82000,USD,82000,US,0,US,M,Data Analyst / BI
3732,2024,SE,FT,Business Intelligence Developer,147500,USD,147500,US,100,US,M,Data Analyst / BI
3733,2023,MI,FT,Research Scientist,102000,USD,102000,US,0,US,M,Research / Computational
3734,2023,EX,FT,Head of Data,329500,USD,329500,US,0,US,M,Data Analyst / BI
3735,2023,SE,FT,Machine Learning Engineer,218000,USD,218000,US,100,US,M,Machine Learning / Ai
3736,2024,SE,FT,Business Intelligence,134900,USD,134900,US,0,US,M,Data Analyst / BI
3737,2022,MI,FT,Business Data Analyst,1440000,INR,18314,IN,50,IN,L,Data Analyst / BI
3738,2023,EX,FT,Data Engineer,135000,USD,135000,US,0,US,M,Data Engineering & Architecture
3739,2024,SE,FT,Data Developer,71000,USD,71000,CA,0,CA,M,Data Analyst / BI
3740,2022,SE,FT,Data Analyst,68400,USD,68400,US,100,US,M,Data Analyst / BI
3741,2023,MI,FT,AI Scientist,54000,USD,54000,KR,0,KR,S,Machine Learning / Ai
3742,2024,SE,FT,Data Engineer,168600,USD,168600,US,100,US,M,Data Engineering & Architecture
3743,2024,EX,FT,Data Science Engineer,160000,USD,160000,US,0,US,M,Data Scientist
3744,2024,SE,FT,Research Scientist,144600,USD,144600,US,0,US,M,Research / Computational
3745,2022,MI,FT,Data Engineer,75000,USD,75000,US,100,US,M,Data Engineering & Architecture
3746,2024,EX,FT,Data Engineer,314000,USD,314000,CA,100,CA,M,Data Engineering & Architecture
3747,2023,SE,FT,Data Engineer,124500,USD,124500,US,0,US,M,Data Engineering & Architecture
3748,2024,MI,FT,Data Scientist,179000,USD,179000,US,0,US,M,Data Scientist
3749,2023,SE,FT,Data Scientist,187000,USD,187000,US,0,US,M,Data Scientist
3750,2023,MI,FT,Data Engineer,123500,USD,123500,US,0,US,M,Data Engineering & Architecture
3751,2023,SE,FT,Data Scientist,143250,USD,143250,US,0,US,M,Data Scientist
3752,2024,SE,FT,Data Engineer,194500,USD,194500,US,0,US,M,Data Engineering & Architecture
3753,2024,MI,FT,Research Engineer,73000,USD,73000,US,0,US,M,Research / Computational
3754,2022,SE,FT,Data Scientist,136000,USD,136000,US,100,US,M,Data Scientist
3755,2023,MI,FT,BI Developer,80000,USD,80000,US,100,US,M,Data Analyst / BI
3756,2023,SE,FT,Research Scientist,132500,USD,132500,US,0,US,M,Research / Computational
3757,2023,SE,FT,Data Scientist,203649,USD,203649,US,100,US,M,Data Scientist
3758,2023,SE,FT,Research Scientist,125000,USD,125000,US,0,US,M,Research / Computational
3759,2023,SE,FT,Analytics Engineer,145000,USD,145000,US,0,US,M,Data Analyst / BI
3760,2023,SE,FT,Data Lead,350000,USD,350000,US,0,US,M,Data Analyst / BI
3761,2023,SE,FT,Data Scientist,153600,USD,153600,US,0,US,M,Data Scientist
3762,2024,SE,FT,Machine Learning Engineer,220600,USD,220600,US,0,US,M,Machine Learning / Ai
3763,2023,SE,FT,Business Intelligence Engineer,165600,USD,165600,US,0,US,L,Data Analyst / BI
3764,2023,MI,FT,Data Scientist,72700,USD,72700,US,0,US,M,Data Scientist
3765,2024,SE,FT,Data Science,180000,USD,180000,US,0,US,M,Data Scientist
3766,2023,SE,FT,Data Scientist,145900,USD,145900,US,0,US,M,Data Scientist
3767,2023,SE,FT,Business Intelligence Developer,66825,USD,66825,US,0,US,M,Data Analyst / BI
3768,2024,SE,FT,Research Scientist,321000,USD,321000,US,100,US,M,Research / Computational
3769,2023,SE,FT,Data Engineer,172900,USD,172900,US,0,US,M,Data Engineering & Architecture
3770,2024,MI,FT,Data Analyst,154000,USD,154000,US,0,US,M,Data Analyst / BI
3771,2024,SE,FT,Data Engineer,95000,USD,95000,US,100,US,M,Data Engineering & Architecture
3772,2023,SE,FT,ML Engineer,202353,USD,202353,US,0,US,M,Machine Learning / Ai
3773,2024,SE,FT,Machine Learning Engineer,145400,USD,145400,US,0,US,M,Machine Learning / Ai
3774,2024,MI,FT,Data Science,46203,GBP,57753,GB,0,GB,M,Data Scientist
3775,2024,MI,FT,Analytics Engineer,148000,USD,148000,US,100,US,M,Data Analyst / BI
3776,2022,SE,FT,AI Scientist,125000,USD,125000,CO,100,CO,L,Machine Learning / Ai
3777,2023,EX,FT,Data Engineer,234000,USD,234000,US,0,US,M,Data Engineering & Architecture
3778,2024,EN,FT,Data Analyst,47500,USD,47500,US,0,US,M,Data Analyst / BI
3779,2023,EX,FT,Data Engineer,174500,USD,174500,US,100,US,M,Data Engineering & Architecture
3780,2023,SE,FT,Data Analyst,94400,USD,94400,US,100,US,M,Data Analyst / BI
3781,2024,EN,FT,Data Analyst,87400,USD,87400,US,0,US,M,Data Analyst / BI
3782,2023,SE,FT,Data Engineer,253200,USD,253200,US,0,US,M,Data Engineering & Architecture
3783,2022,MI,FT,Research Scientist,120000,EUR,126080,DE,0,DE,S,Research / Computational
3784,2023,SE,FT,Business Intelligence Developer,138000,USD,138000,US,0,US,M,Data Analyst / BI
3785,2023,MI,FT,ML Engineer,235000,USD,235000,US,0,US,M,Machine Learning / Ai
3786,2022,SE,FT,Data Analyst,89200,USD,89200,US,100,US,M,Data Analyst / BI
3787,2022,SE,FT,Data Engineer,161000,USD,161000,US,100,US,M,Data Engineering & Architecture
3788,2024,EN,FT,Data Integration Engineer,135000,USD,135000,US,100,US,M,Data Engineering & Architecture
3789,2023,SE,FT,Data Engineer,168400,USD,168400,US,0,US,M,Data Engineering & Architecture
3790,2023,SE,FT,Data Analyst,72000,USD,72000,US,100,US,M,Data Analyst / BI
3791,2024,SE,FT,Data Developer,130000,USD,130000,US,100,US,M,Data Analyst / BI
3792,2023,SE,FT,Machine Learning Engineer,152022,USD,152022,US,0,US,M,Machine Learning / Ai
3793,2023,MI,FT,Machine Learning Research Engineer,60000,GBP,73824,GB,0,GB,L,Research / Computational
3794,2023,SE,FT,Data Analyst,94770,USD,94770,US,100,US,M,Data Analyst / BI
3795,2023,SE,FT,Research Engineer,168000,USD,168000,US,0,US,M,Research / Computational
3796,2023,SE,FT,Data Operations Analyst,82000,USD,82000,US,0,US,M,Data Analyst / BI
3797,2024,MI,FT,Data Science,80000,USD,80000,US,100,US,M,Data Scientist
3798,2023,SE,FT,Data Scientist,172000,USD,172000,US,100,US,M,Data Scientist
3799,2024,SE,FT,Data Scientist,71250,USD,71250,US,0,US,M,Data Scientist
3800,2022,SE,FT,Data Scientist,175000,USD,175000,US,0,US,M,Data Scientist
3801,2024,SE,FT,Data Scientist,234700,USD,234700,US,0,US,M,Data Scientist
3802,2023,SE,FT,Data Scientist,101500,USD,101500,US,0,US,M,Data Scientist
3803,2022,SE,FT,Data Scientist,208000,USD,208000,US,100,US,M,Data Scientist
3804,2024,SE,FT,Machine Learning Engineer,250900,USD,250900,US,0,US,M,Machine Learning / Ai
3805,2024,SE,FT,Data Analyst,86146,EUR,95717,NL,100,NL,M,Data Analyst / BI
3806,2024,SE,FT,Data Scientist,54000,GBP,67500,US,0,US,M,Data Scientist
3807,2024,SE,FT,Research Engineer,300000,USD,300000,GB,0,GB,M,Research / Computational
3808,2024,MI,FT,BI Developer,106100,USD,106100,US,0,US,M,Data Analyst / BI
3809,2024,SE,FT,Data Scientist,157850,USD,157850,US,100,US,M,Data Scientist
3810,2023,MI,FT,Machine Learning Engineer,130000,USD,130000,US,0,US,M,Machine Learning / Ai
3811,2024,MI,FT,Data Engineer,140900,USD,140900,US,100,US,M,Data Engineering & Architecture
3812,2024,MI,FT,Machine Learning Engineer,160000,USD,160000,US,100,US,M,Machine Learning / Ai
3813,2024,SE,FT,Analytics Engineer,165000,USD,165000,US,100,US,M,Data Analyst / BI
3814,2024,MI,FT,Analytics Engineer,116550,USD,116550,US,0,US,M,Data Analyst / BI
3815,2024,SE,FT,Data Engineer,95000,USD,95000,US,0,US,M,Data Engineering & Architecture
3816,2024,MI,FT,Data Analyst,80000,USD,80000,US,0,US,M,Data Analyst / BI
3817,2024,MI,FT,Analytics Engineer,117400,USD,117400,US,0,US,M,Data Analyst / BI
3818,2024,EN,FT,Business Intelligence Analyst,99000,USD,99000,US,0,US,M,Data Analyst / BI
3819,2023,SE,FT,Data Engineer,175308,USD,175308,US,0,US,M,Data Engineering & Architecture
3820,2023,SE,FT,Machine Learning Scientist,142200,USD,142200,CA,0,CA,M,Machine Learning / Ai
3821,2024,MI,FT,Data Scientist,93300,USD,93300,EG,0,EG,M,Data Scientist
3822,2022,EN,FT,Business Data Analyst,48000,USD,48000,US,50,US,L,Data Analyst / BI
3823,2024,SE,FT,Data Scientist,109400,USD,109400,US,0,US,M,Data Scientist
3824,2023,SE,FT,Machine Learning Engineer,119250,USD,119250,US,0,US,M,Machine Learning / Ai
3825,2023,SE,FT,Data Science Manager,140100,USD,140100,US,0,US,L,Data Scientist
3826,2024,SE,FT,Research Analyst,70000,GBP,87500,GB,0,GB,M,Research / Computational
3827,2023,SE,FT,ML Engineer,247250,USD,247250,US,0,US,M,Machine Learning / Ai
3828,2023,SE,FT,Data Scientist,216100,USD,216100,US,0,US,M,Data Scientist
3829,2023,SE,FT,Machine Learning Infrastructure Engineer,180000,USD,180000,US,0,US,M,Machine Learning / Ai
3830,2023,EN,FT,Data Visualization Specialist,82800,USD,82800,US,0,US,M,Data Analyst / BI
3831,2024,SE,FT,Machine Learning Engineer,240000,USD,240000,US,100,US,M,Machine Learning / Ai
3832,2024,SE,FT,Data Scientist,238400,USD,238400,US,0,US,M,Data Scientist
3833,2022,MI,FT,Business Data Analyst,150000,USD,150000,US,100,US,L,Data Analyst / BI
3834,2023,SE,FT,ML Engineer,290000,USD,290000,US,100,US,M,Machine Learning / Ai
3835,2022,MI,FT,Machine Learning Researcher,100000,USD,100000,US,100,US,M,Research / Computational
3836,2024,SE,FT,Machine Learning Engineer,177300,USD,177300,US,100,US,M,Machine Learning / Ai
3837,2024,EN,FT,Data Operations Associate,51375,USD,51375,US,0,US,M,Data Analyst / BI
3838,2024,EN,FT,Machine Learning Research Engineer,105000,CAD,80769,CA,50,CA,M,Research / Computational
3839,2024,EX,FT,Machine Learning Engineer,290000,USD,290000,US,0,US,M,Machine Learning / Ai
3840,2023,EN,FT,Data Engineer,48000,USD,48000,US,100,US,M,Data Engineering & Architecture
3841,2023,SE,FT,Business Intelligence Analyst,115600,USD,115600,US,0,US,M,Data Analyst / BI
3842,2023,SE,FT,Data Scientist,125000,USD,125000,US,0,US,M,Data Scientist
3843,2024,MI,FT,Data Scientist,88995,USD,88995,AU,0,AU,M,Data Scientist
3844,2023,SE,FT,Data Visualization Engineer,170200,USD,170200,US,0,US,M,Data Analyst / BI
3845,2024,MI,FT,Encounter Data Management Professional,47700,USD,47700,US,0,US,M,Data Analyst / BI
3846,2024,EX,FT,Data Analyst,175000,USD,175000,US,0,US,M,Data Analyst / BI
3847,2022,SE,FT,Applied Scientist,230000,USD,230000,US,100,US,M,Data Analyst / BI
3848,2023,SE,FT,Research Engineer,107100,USD,107100,US,0,US,M,Research / Computational
3849,2022,SE,FT,Data Analyst,99750,USD,99750,US,100,US,M,Data Analyst / BI
3850,2024,SE,FT,Data Scientist,218000,USD,218000,US,0,US,M,Data Scientist
3851,2024,SE,FT,Data Scientist,172000,USD,172000,US,0,US,M,Data Scientist
3852,2022,SE,FT,Data Architect,180000,USD,180000,US,100,US,M,Data Engineering & Architecture
3853,2023,SE,FT,Data Scientist,215625,USD,215625,US,100,US,M,Data Scientist
3854,2023,EX,FT,Data Lead,230000,USD,230000,US,0,US,M,Data Analyst / BI
3855,2023,MI,FT,Data Analyst,105000,USD,105000,US,100,US,M,Data Analyst / BI
3856,2023,MI,FT,Data Analyst,80000,GBP,98432,GB,0,GB,M,Data Analyst / BI
3857,2024,SE,FT,Data Scientist,161900,USD,161900,US,0,US,M,Data Scientist
3858,2023,SE,FT,Data Analyst,120350,USD,120350,US,100,US,M,Data Analyst / BI
3859,2023,SE,FT,Data Analyst,110000,USD,110000,US,0,US,M,Data Analyst / BI
3860,2022,SE,FT,Data Engineer,50000,USD,50000,US,100,US,M,Data Engineering & Architecture
3861,2023,SE,FT,Data Engineer,225300,USD,225300,US,0,US,M,Data Engineering & Architecture
3862,2023,SE,FT,BI Analyst,360000,TRY,18381,TR,100,TR,L,Data Analyst / BI
3863,2024,EX,FT,Head of Data,210000,USD,210000,US,0,US,M,Data Analyst / BI
3864,2022,SE,FT,Data Analyst,123648,USD,123648,US,0,US,M,Data Analyst / BI
3865,2022,SE,FT,Data Engineer,160000,USD,160000,US,0,US,M,Data Engineering & Architecture
3866,2023,SE,FT,Machine Learning Scientist,105500,USD,105500,US,0,US,M,Machine Learning / Ai
3867,2024,SE,FT,Data Scientist,245000,USD,245000,US,0,US,M,Data Scientist
3868,2023,SE,FT,Business Intelligence Engineer,78800,USD,78800,US,0,US,M,Data Analyst / BI
3869,2023,SE,FT,ETL Developer,129100,USD,129100,US,0,US,M,Data Engineering & Architecture
3870,2023,SE,FT,Machine Learning Engineer,190000,USD,190000,US,0,US,M,Machine Learning / Ai
3871,2023,SE,FT,Lead Machine Learning Engineer,115000,USD,115000,MD,100,IL,S,Machine Learning / Ai
3872,2023,SE,FT,Data Architect,215000,USD,215000,US,100,US,M,Data Engineering & Architecture
3873,2023,MI,FT,Data Scientist,90000,GBP,110736,GB,0,GB,M,Data Scientist
3874,2024,SE,FT,Data Science Consultant,80000,USD,80000,US,0,US,M,Data Scientist
3875,2024,MI,FT,Research Scientist,195200,USD,195200,US,0,US,L,Research / Computational
3876,2024,SE,FT,Data Architect,135000,CAD,103846,CA,100,CA,M,Data Engineering & Architecture
3877,2023,MI,FT,Business Intelligence Engineer,65800,USD,65800,US,0,US,L,Data Analyst / BI
3878,2023,MI,FT,Data Science,223600,USD,223600,US,0,US,L,Data Scientist
3879,2024,EX,FT,Machine Learning Engineer,232000,USD,232000,US,0,US,M,Machine Learning / Ai
3880,2023,EX,FT,Data Engineer,145000,USD,145000,US,0,US,M,Data Engineering & Architecture
3881,2024,MI,FT,BI Developer,80420,USD,80420,US,0,US,M,Data Analyst / BI
3882,2023,SE,FT,Data Scientist,187200,USD,187200,US,100,US,M,Data Scientist
3883,2024,MI,FT,Research Engineer,96800,USD,96800,US,0,US,M,Research / Computational
3884,2023,MI,FT,Data Engineer,154000,USD,154000,US,0,US,M,Data Engineering & Architecture
3885,2024,EN,FT,Data Analyst,195500,USD,195500,US,0,US,M,Data Analyst / BI
3886,2022,EN,FT,Machine Learning Engineer,140250,USD,140250,US,0,US,M,Machine Learning / Ai
3887,2023,EN,FT,BI Data Analyst,25000,USD,25000,UA,100,NL,M,Data Analyst / BI
3888,2023,SE,FT,Data Scientist,189750,USD,189750,US,100,US,M,Data Scientist
3889,2023,MI,FT,Data Developer,100000,USD,100000,US,0,US,M,Data Analyst / BI
3890,2023,SE,FT,Data Scientist,122000,USD,122000,US,0,US,M,Data Scientist
3891,2023,SE,FT,Machine Learning Scientist,165750,USD,165750,US,100,US,M,Machine Learning / Ai
3892,2023,MI,FT,Data Engineer,186600,USD,186600,US,100,US,M,Data Engineering & Architecture
3893,2024,MI,FT,Data Scientist,150000,USD,150000,US,0,US,M,Data Scientist
3894,2023,SE,FT,Data Analyst,134000,USD,134000,US,100,US,M,Data Analyst / BI
3895,2023,SE,FT,Machine Learning Scientist,240000,USD,240000,US,0,US,M,Machine Learning / Ai
3896,2023,SE,FT,Data Analyst,175000,USD,175000,CA,100,CA,M,Data Analyst / BI
3897,2024,MI,FT,Data Scientist,68088,USD,68088,US,0,US,M,Data Scientist
3898,2023,MI,FT,Data Scientist,165000,USD,165000,US,0,US,M,Data Scientist
3899,2023,SE,FT,Machine Learning Engineer,153090,USD,153090,US,0,US,M,Machine Learning / Ai
3900,2024,SE,FT,Data Scientist,146800,USD,146800,US,0,US,M,Data Scientist
3901,2024,SE,FT,Data Scientist,110000,USD,110000,CA,0,CA,M,Data Scientist
3902,2023,MI,FT,Research Scientist,280000,USD,280000,GB,50,GB,L,Research / Computational
3903,2023,SE,FT,Research Scientist,197500,USD,197500,US,0,US,M,Research / Computational
3904,2023,MI,FT,Business Intelligence Specialist,109238,USD,109238,US,0,US,M,Data Analyst / BI
3905,2022,EN,FT,Machine Learning Developer,40000,USD,40000,PK,100,AU,M,Machine Learning / Ai
3906,2024,SE,FT,Data Engineer,172200,USD,172200,US,100,US,M,Data Engineering & Architecture
3907,2024,MI,FT,Data Engineer,103977,USD,103977,US,0,US,M,Data Engineering & Architecture
3908,2024,SE,FT,Data Architect,123000,USD,123000,US,0,US,M,Data Engineering & Architecture
3909,2023,SE,FT,Data Analyst,98000,USD,98000,US,100,US,M,Data Analyst / BI
3910,2023,SE,FT,Machine Learning Engineer,210600,USD,210600,GB,100,GB,M,Machine Learning / Ai
3911,2024,MI,FT,Data Scientist,116000,USD,116000,US,0,US,M,Data Scientist
3912,2024,SE,FT,Data Scientist,160700,USD,160700,US,100,US,M,Data Scientist
3913,2024,MI,FT,Business Intelligence,140000,USD,140000,US,100,US,M,Data Analyst / BI
3914,2024,SE,FT,Analytics Engineer,111648,USD,111648,US,100,US,M,Data Analyst / BI
3915,2023,SE,FT,Data Engineer,196000,USD,196000,US,0,US,M,Data Engineering & Architecture
3916,2024,SE,FT,Data Architect,186000,USD,186000,US,0,US,M,Data Engineering & Architecture
3917,2023,MI,FT,Research Scientist,185000,USD,185000,US,0,US,M,Research / Computational
3918,2024,SE,FT,Machine Learning Engineer,234300,USD,234300,US,0,US,M,Machine Learning / Ai
3919,2024,SE,FT,AI Engineer,276000,USD,276000,US,0,US,M,Machine Learning / Ai
3920,2023,MI,FT,Data Engineer,150000,USD,150000,US,100,US,M,Data Engineering & Architecture
3921,2022,SE,FT,Data Analyst,119000,USD,119000,US,0,US,M,Data Analyst / BI
3922,2023,MI,FT,Data Architect,150000,USD,150000,US,100,US,M,Data Engineering & Architecture
3923,2023,EX,FT,Data Engineer,125000,USD,125000,US,0,US,M,Data Engineering & Architecture
3924,2023,SE,FT,Data Analyst,180180,USD,180180,US,0,US,M,Data Analyst / BI
3925,2024,MI,FT,Analytics Engineer,92000,GBP,115000,GB,100,GB,M,Data Analyst / BI
3926,2023,EN,FT,Data Scientist,80000,USD,80000,US,0,US,M,Data Scientist
3927,2024,EN,FT,Data Analyst,40000,USD,40000,BR,0,BR,M,Data Analyst / BI
3928,2024,EN,FT,Data Analyst,88800,USD,88800,US,0,US,M,Data Analyst / BI
3929,2024,MI,FT,ETL Developer,120000,USD,120000,US,0,US,M,Data Engineering & Architecture
3930,2023,SE,FT,Prompt Engineer,184000,USD,184000,US,0,US,M,Machine Learning / Ai
3931,2024,MI,FT,Analytics Engineer,97300,USD,97300,US,0,US,M,Data Analyst / BI
3932,2023,SE,FT,Data Architect,175000,USD,175000,US,0,US,M,Data Engineering & Architecture
3933,2023,SE,FT,Data Scientist,278700,USD,278700,US,0,US,M,Data Scientist
3934,2024,MI,FT,Business Intelligence Analyst,226844,USD,226844,US,0,US,M,Data Analyst / BI
3935,2023,SE,FT,Data Engineer,68400,USD,68400,US,0,US,M,Data Engineering & Architecture
3936,2024,SE,FT,Data Engineer,132000,USD,132000,US,100,US,M,Data Engineering & Architecture
3937,2024,EN,FT,Data Analyst,150000,USD,150000,US,100,US,M,Data Analyst / BI
3938,2023,SE,FT,Data Operations Analyst,77000,USD,77000,GB,0,GB,M,Data Analyst / BI
3939,2023,SE,FT,Data Analyst,175000,USD,175000,US,0,US,M,Data Analyst / BI
3940,2023,SE,FT,Machine Learning Engineer,241300,USD,241300,US,0,US,M,Machine Learning / Ai
3941,2023,MI,FT,Research Scientist,150000,USD,150000,US,0,US,M,Research / Computational
3942,2024,SE,FT,Business Intelligence Analyst,74000,GBP,92500,GB,0,GB,M,Data Analyst / BI
3943,2024,SE,FT,Data Scientist,220000,USD,220000,US,100,US,M,Data Scientist
3944,2024,MI,FT,Business Intelligence Developer,92000,USD,92000,US,0,US,M,Data Analyst / BI
3945,2024,SE,FT,Machine Learning Engineer,216700,USD,216700,US,0,US,M,Machine Learning / Ai
3946,2024,MI,FT,Data Manager,81500,USD,81500,US,0,US,M,Data Analyst / BI
3947,2023,SE,FT,Analytics Engineer,181500,USD,181500,US,0,US,M,Data Analyst / BI
3948,2022,MI,FT,Machine Learning Engineer,121000,AUD,83864,AU,100,AU,L,Machine Learning / Ai
3949,2023,MI,FT,Machine Learning Scientist,125000,USD,125000,US,0,US,M,Machine Learning / Ai
3950,2024,MI,FT,Data Scientist,153700,USD,153700,US,100,US,M,Data Scientist
3951,2023,SE,FT,Analytics Engineer,130000,USD,130000,US,0,US,M,Data Analyst / BI
3952,2023,MI,FT,Data Engineer,198900,USD,198900,US,0,US,M,Data Engineering & Architecture
3953,2024,MI,FT,Data Engineer,220000,USD,220000,US,100,US,M,Data Engineering & Architecture
3954,2023,MI,FT,Data Developer,72409,USD,72409,US,100,US,M,Data Analyst / BI
3955,2024,SE,FT,Data Scientist,106875,USD,106875,US,0,US,M,Data Scientist
3956,2024,SE,FT,Data Science,170000,USD,170000,US,0,US,M,Data Scientist
3957,2024,SE,FT,ML Engineer,230797,USD,230797,US,100,US,M,Machine Learning / Ai
3958,2023,SE,FT,Machine Learning Engineer,184000,USD,184000,US,100,US,M,Machine Learning / Ai
3959,2024,SE,FT,Data Scientist,101763,USD,101763,CA,0,CA,M,Data Scientist
3960,2024,SE,FT,Data Scientist,119700,USD,119700,US,0,US,M,Data Scientist
3961,2023,SE,FT,Machine Learning Engineer,163000,USD,163000,US,0,US,M,Machine Learning / Ai
3962,2024,SE,FT,Data Scientist,71000,USD,71000,US,0,US,M,Data Scientist
3963,2024,SE,FT,Research Engineer,62000,USD,62000,US,0,US,M,Research / Computational
3964,2023,EX,FT,Head of Data,110000,GBP,135344,GB,100,GB,M,Data Analyst / BI
3965,2023,SE,FT,Data Engineer,103000,USD,103000,US,0,US,M,Data Engineering & Architecture
3966,2023,MI,FT,Data Engineer,97000,USD,97000,US,0,US,M,Data Engineering & Architecture
3967,2022,SE,FT,Data Engineer,130500,USD,130500,US,0,US,M,Data Engineering & Architecture
3968,2023,SE,FT,Data Engineer,156400,USD,156400,US,100,US,M,Data Engineering & Architecture
3969,2024,SE,FT,Prompt Engineer,177961,USD,177961,US,0,US,M,Machine Learning / Ai
3970,2022,EN,FT,Analytics Engineer,130000,USD,130000,US,50,US,L,Data Analyst / BI
3971,2024,SE,FT,Data Engineer,175000,USD,175000,US,100,US,M,Data Engineering & Architecture
3972,2024,MI,FT,Data Engineer,93000,USD,93000,US,0,US,M,Data Engineering & Architecture
3973,2023,MI,FT,Data Strategist,85000,USD,85000,US,0,US,M,Data Analyst / BI
3974,2023,SE,FT,Data Scientist,198300,USD,198300,US,100,US,M,Data Scientist
3975,2023,MI,FT,Machine Learning Engineer,140000,USD,140000,US,100,US,M,Machine Learning / Ai
3976,2023,EN,FT,Data Engineer,60000,USD,60000,US,0,US,M,Data Engineering & Architecture
3977,2024,SE,FT,AI Engineer,195000,USD,195000,US,100,US,M,Machine Learning / Ai
3978,2023,SE,FT,Analytics Engineer,214000,USD,214000,GB,0,GB,M,Data Analyst / BI
3979,2023,SE,FT,Data Scientist,186000,USD,186000,US,0,US,M,Data Scientist
3980,2023,SE,FT,Data Specialist,72000,USD,72000,US,0,US,M,Data Analyst / BI
3981,2023,MI,FT,Data Quality Analyst,70000,USD,70000,US,0,US,M,Data Analyst / BI
3982,2024,MI,FT,Research Scientist,239600,USD,239600,US,100,US,M,Research / Computational
3983,2023,SE,FT,Analytics Engineer,289800,USD,289800,GB,0,GB,M,Data Analyst / BI
3984,2023,EX,FT,Data Engineer,80000,GBP,98432,GB,0,GB,M,Data Engineering & Architecture
3985,2024,SE,FT,Data Engineer,190000,USD,190000,AU,0,AU,M,Data Engineering & Architecture
3986,2023,SE,FT,Data Scientist,206000,USD,206000,US,0,US,M,Data Scientist
3987,2023,EX,FT,Data Engineer,200000,USD,200000,US,100,US,M,Data Engineering & Architecture
3988,2022,MI,FT,Data Specialist,135000,USD,135000,US,0,US,M,Data Analyst / BI
3989,2024,SE,FT,Data Engineer,250000,USD,250000,US,0,US,M,Data Engineering & Architecture
3990,2023,SE,FT,Machine Learning Engineer,204500,USD,204500,US,100,US,M,Machine Learning / Ai
3991,2024,MI,FT,Data Analyst,138000,USD,138000,US,0,US,M,Data Analyst / BI
3992,2023,SE,FT,Data Engineer,285000,USD,285000,US,0,US,M,Data Engineering & Architecture
3993,2023,MI,FT,Machine Learning Researcher,150000,USD,150000,US,100,US,M,Research / Computational
3994,2024,SE,FT,Data Scientist,93300,USD,93300,US,0,US,M,Data Scientist
3995,2023,SE,FT,Analytics Engineer,155000,USD,155000,US,0,US,M,Data Analyst / BI
3996,2023,SE,FT,Data Analyst,93919,USD,93919,US,100,US,M,Data Analyst / BI
3997,2023,SE,FT,Data Analyst,126500,USD,126500,US,100,US,M,Data Analyst / BI
3998,2024,MI,FT,Data Engineer,93500,USD,93500,US,0,US,M,Data Engineering & Architecture
3999,2024,EX,FT,Data Science Director,212000,USD,212000,US,0,US,M,Data Scientist
4000,2023,MI,FT,Machine Learning Engineer,120000,GBP,147648,GB,0,GB,M,Machine Learning / Ai
4001,2023,SE,FT,Data Engineer,204000,USD,204000,US,0,US,M,Data Engineering & Architecture
4002,2023,EX,FT,Data Engineer,286000,USD,286000,US,100,US,M,Data Engineering & Architecture
4003,2023,SE,FT,Data Scientist,317070,USD,317070,US,0,US,M,Data Scientist
4004,2022,EN,FT,Data Scientist,168000,USD,168000,US,100,US,M,Data Scientist
4005,2023,SE,FT,Data Engineer,141600,USD,141600,US,0,US,M,Data Engineering & Architecture
4006,2023,EN,FT,Data Analyst,90000,USD,90000,US,0,US,M,Data Analyst / BI
4007,2022,MI,FT,Data Scientist,120000,AUD,83171,AU,0,AU,L,Data Scientist
4008,2023,EN,FT,Data Manager,149800,USD,149800,US,0,US,M,Data Analyst / BI
4009,2023,SE,FT,Data Scientist,139500,USD,139500,US,0,US,M,Data Scientist
4010,2022,SE,FT,ETL Developer,124270,USD,124270,US,100,US,M,Data Engineering & Architecture
4011,2023,MI,FT,Analytics Engineer,190000,USD,190000,CA,100,CA,M,Data Analyst / BI
4012,2024,SE,FT,Machine Learning Scientist,90000,USD,90000,US,0,US,M,Machine Learning / Ai
4013,2023,SE,FT,Machine Learning Engineer,113400,USD,113400,US,100,US,M,Machine Learning / Ai
4014,2024,SE,FT,Data Scientist,191027,USD,191027,US,0,US,M,Data Scientist
4015,2023,SE,FT,Business Intelligence Analyst,132320,USD,132320,US,100,US,M,Data Analyst / BI
4016,2023,SE,FT,Data Scientist,172500,USD,172500,US,0,US,M,Data Scientist
4017,2023,MI,FT,Data Analyst,50000,USD,50000,US,0,US,M,Data Analyst / BI
4018,2024,SE,FT,Data Analytics Lead,205400,USD,205400,US,0,US,M,Data Analyst / BI
4019,2024,SE,FT,Data Scientist,100000,USD,100000,US,0,US,M,Data Scientist
4020,2024,SE,FT,Data Architect,139800,USD,139800,US,0,US,M,Data Engineering & Architecture
4021,2023,SE,FT,Data Engineer,134500,USD,134500,US,0,US,M,Data Engineering & Architecture
4022,2024,MI,FT,Data Scientist,94400,USD,94400,US,0,US,M,Data Scientist
4023,2024,MI,FT,Data Engineer,70000,GBP,87500,GB,0,GB,M,Data Engineering & Architecture
4024,2024,MI,FT,Business Intelligence Analyst,181280,USD,181280,US,0,US,M,Data Analyst / BI
4025,2024,MI,FT,Data Engineer,105000,USD,105000,US,0,US,M,Data Engineering & Architecture
4026,2023,SE,FT,AI Engineer,242000,USD,242000,US,0,US,M,Machine Learning / Ai
4027,2024,EN,FT,Data Analyst,77000,USD,77000,US,100,US,M,Data Analyst / BI
4028,2024,MI,FT,Big Data Developer,117000,USD,117000,US,0,US,L,Data Engineering & Architecture
4029,2023,MI,FT,Research Scientist,162170,USD,162170,US,100,US,M,Research / Computational
4030,2023,SE,FT,Research Engineer,80000,EUR,86374,DE,100,DE,S,Research / Computational
4031,2024,SE,FT,Computational Biologist,215000,CAD,165384,CA,0,CA,M,Research / Computational
4032,2023,SE,FT,Machine Learning Engineer,234000,USD,234000,US,100,US,M,Machine Learning / Ai
4033,2024,SE,FT,Data Scientist,253430,USD,253430,US,0,US,M,Data Scientist
4034,2024,MI,FT,Data Science,81500,USD,81500,US,0,US,M,Data Scientist
4035,2022,SE,FT,Data Analyst,175000,USD,175000,US,100,US,M,Data Analyst / BI
4036,2022,SE,FT,Data Scientist,93800,USD,93800,US,0,US,M,Data Scientist
4037,2023,MI,FT,Analytics Engineer,91260,USD,91260,US,0,US,M,Data Analyst / BI
4038,2023,MI,FT,Data Scientist,110000,GBP,135344,GB,0,GB,M,Data Scientist
4039,2024,MI,FT,Data Engineer,80800,USD,80800,US,0,US,M,Data Engineering & Architecture
4040,2024,SE,FT,Machine Learning Engineer,146100,USD,146100,US,100,US,M,Machine Learning / Ai
4041,2023,SE,FT,Data Scientist,195000,USD,195000,US,0,US,M,Data Scientist
4042,2023,MI,FT,Research Engineer,85445,USD,85445,US,0,US,M,Research / Computational
4043,2023,SE,FT,Data Engineer,210000,USD,210000,CA,100,CA,M,Data Engineering & Architecture
4044,2023,MI,FT,Data Analyst,46500,USD,46500,US,0,US,M,Data Analyst / BI
4045,2023,SE,FT,AI Engineer,180500,USD,180500,US,100,US,M,Machine Learning / Ai
4046,2024,MI,FT,Data Engineer,120000,USD,120000,US,0,US,M,Data Engineering & Architecture
4047,2024,SE,FT,Data Analyst,84870,USD,84870,US,0,US,M,Data Analyst / BI
4048,2023,MI,FT,Data Scientist,138510,USD,138510,US,0,US,M,Data Scientist
4049,2023,EN,FT,Data Analyst,81500,USD,81500,US,100,US,M,Data Analyst / BI
4050,2022,MI,FT,Data Engineer,118000,USD,118000,US,100,US,M,Data Engineering & Architecture
4051,2024,SE,FT,Business Intelligence Engineer,145000,USD,145000,US,0,US,M,Data Analyst / BI
4052,2023,SE,FT,Data Strategist,86000,USD,86000,US,0,US,M,Data Analyst / BI
4053,2023,SE,FT,Data Architect,184000,USD,184000,US,0,US,M,Data Engineering & Architecture
4054,2023,EN,FT,Data Engineer,73900,USD,73900,US,0,US,M,Data Engineering & Architecture
4055,2024,SE,FT,Data Scientist,45000,GBP,56250,GB,0,GB,M,Data Scientist
4056,2022,SE,FT,Data Scientist,205000,USD,205000,US,100,US,M,Data Scientist
4057,2024,SE,FT,Business Intelligence Lead,144300,USD,144300,US,100,US,M,Data Analyst / BI
4058,2023,SE,FT,Data Engineer,150600,USD,150600,US,100,US,M,Data Engineering & Architecture
4059,2023,MI,FT,Data Scientist,310000,USD,310000,US,0,US,M,Data Scientist
4060,2023,SE,FT,Research Engineer,177700,USD,177700,US,0,US,M,Research / Computational
4061,2024,SE,FT,Data Architect,146000,USD,146000,US,0,US,M,Data Engineering & Architecture
4062,2023,SE,FT,Data Engineer,123700,USD,123700,US,0,US,L,Data Engineering & Architecture
4063,2024,MI,FT,Cloud Database Engineer,106000,USD,106000,US,0,US,M,Data Engineering & Architecture
4064,2023,EX,FT,Director of Data Science,225000,USD,225000,US,100,US,M,Data Scientist
4065,2024,EX,FT,Business Intelligence,176900,USD,176900,US,0,US,M,Data Analyst / BI
4066,2024,MI,FT,Cloud Database Engineer,82000,USD,82000,US,100,US,M,Data Engineering & Architecture
4067,2023,MI,FT,Data Analyst,75000,USD,75000,US,100,US,M,Data Analyst / BI
4068,2023,EN,FT,AI Scientist,20000,USD,20000,TR,100,TR,S,Machine Learning / Ai
4069,2024,MI,FT,Data Scientist,130000,USD,130000,US,0,US,M,Data Scientist
4070,2024,SE,FT,Data Scientist,127300,USD,127300,US,0,US,L,Data Scientist
4071,2024,MI,FT,Data Analyst,68000,USD,68000,US,0,US,M,Data Analyst / BI
4072,2023,EN,FT,Data Manager,85600,USD,85600,US,0,US,M,Data Analyst / BI
4073,2023,MI,FT,ML Engineer,300000,USD,300000,AU,0,AU,M,Machine Learning / Ai
4074,2024,SE,FT,Research Analyst,152400,USD,152400,US,100,US,M,Research / Computational
4075,2024,MI,FT,Machine Learning Engineer,250900,USD,250900,US,0,US,M,Machine Learning / Ai
4076,2023,SE,FT,Machine Learning Engineer,172800,USD,172800,US,0,US,M,Machine Learning / Ai
4077,2023,SE,FT,Analytics Engineer,208500,USD,208500,US,0,US,M,Data Analyst / BI
4078,2022,MI,FT,Data Analyst,35000,GBP,43096,GB,0,GB,M,Data Analyst / BI
4079,2022,EX,FT,Head of Machine Learning,6000000,INR,76309,IN,50,IN,L,Machine Learning / Ai
4080,2024,MI,FT,AI Engineer,166000,USD,166000,US,0,US,M,Machine Learning / Ai
4081,2024,MI,FT,Data Engineer,80000,USD,80000,US,100,US,M,Data Engineering & Architecture
4082,2024,SE,FT,Machine Learning Scientist,132000,USD,132000,US,0,US,M,Machine Learning / Ai
4083,2023,SE,FT,Business Intelligence Analyst,79700,USD,79700,US,0,US,M,Data Analyst / BI
4084,2024,MI,FT,Business Intelligence Developer,70650,USD,70650,US,0,US,M,Data Analyst / BI
4085,2023,EN,FT,Data Analyst,65000,USD,65000,US,0,US,M,Data Analyst / BI
4086,2024,SE,FT,Data Architect,119250,USD,119250,US,100,US,M,Data Engineering & Architecture
4087,2023,SE,FT,Machine Learning Engineer,240000,USD,240000,GB,0,GB,M,Machine Learning / Ai
4088,2024,SE,FT,Data Product Manager,170000,USD,170000,US,0,US,M,Data Analyst / BI
4089,2023,MI,FT,AI Engineer,33063,GBP,40680,GB,0,GB,M,Machine Learning / Ai
4090,2024,MI,FT,Research Scientist,81500,USD,81500,US,100,US,M,Research / Computational
4091,2022,SE,FT,Data Scientist,50000,USD,50000,US,100,US,M,Data Scientist
4092,2023,MI,FT,Machine Learning Engineer,48000,USD,48000,VN,100,VN,M,Machine Learning / Ai
4093,2023,EX,FT,Head of Machine Learning,330000,USD,330000,US,0,US,M,Machine Learning / Ai
4094,2024,SE,FT,Analytics Engineer,259900,USD,259900,CA,100,CA,M,Data Analyst / BI
4095,2024,SE,FT,Data Scientist,720000,USD,720000,US,0,US,M,Data Scientist
4096,2024,MI,FT,Data Analyst,150000,USD,150000,US,0,US,M,Data Analyst / BI
4097,2023,SE,FT,Business Intelligence Engineer,139000,USD,139000,US,0,US,M,Data Analyst / BI
4098,2024,SE,FT,Data Scientist,139000,USD,139000,US,0,US,M,Data Scientist
4099,2023,SE,FT,Applied Scientist,164000,USD,164000,US,0,US,M,Data Analyst / BI
4100,2024,MI,FT,Data Science Engineer,135000,USD,135000,US,100,US,M,Data Scientist
4101,2023,SE,FT,Data Scientist,167000,USD,167000,US,0,US,M,Data Scientist
4102,2024,EX,FT,AI Engineer,150000,USD,150000,US,0,US,M,Machine Learning / Ai
4103,2023,SE,FT,Data Analyst,146200,USD,146200,US,0,US,M,Data Analyst / BI
4104,2024,MI,FT,Data Analytics Consultant,94625,USD,94625,US,100,US,M,Data Analyst / BI
4105,2023,MI,FT,Data Engineer,143000,USD,143000,US,0,US,M,Data Engineering & Architecture
4106,2022,SE,FT,Data Science Manager,206000,USD,206000,US,100,US,M,Data Scientist
4107,2023,EX,FT,Data Manager,72000,USD,72000,MX,100,MX,S,Data Analyst / BI
4108,2024,EX,FT,Data Engineer,204500,USD,204500,US,0,US,M,Data Engineering & Architecture
4109,2024,SE,FT,Data Scientist,240000,USD,240000,US,100,US,M,Data Scientist
4110,2024,SE,FT,Robotics Software Engineer,240000,USD,240000,US,0,US,M,Machine Learning / Ai
4111,2022,EX,FT,Data Engineer,187200,USD,187200,US,100,US,M,Data Engineering & Architecture
4112,2023,SE,FT,Research Scientist,124100,USD,124100,US,0,US,L,Research / Computational
4113,2024,SE,FT,Research Engineer,240000,USD,240000,US,0,US,M,Research / Computational
4114,2023,SE,FT,Data Scientist,146600,USD,146600,US,0,US,M,Data Scientist
4115,2023,SE,FT,Data Analyst,133000,USD,133000,US,100,US,M,Data Analyst / BI
4116,2024,MI,FT,Data Science Manager,240000,USD,240000,US,0,US,M,Data Scientist
4117,2023,SE,FT,Data Analyst,103200,USD,103200,US,0,US,M,Data Analyst / BI
4118,2024,SE,FT,Research Scientist,360000,USD,360000,US,0,US,M,Research / Computational
4119,2023,SE,FT,Data Manager,82500,USD,82500,US,100,US,M,Data Analyst / BI
4120,2023,SE,FT,ML Engineer,192000,USD,192000,US,100,US,M,Machine Learning / Ai
4121,2024,MI,FT,Data Specialist,88000,USD,88000,US,0,US,M,Data Analyst / BI
4122,2023,SE,FT,Machine Learning Engineer,192000,USD,192000,US,100,US,M,Machine Learning / Ai
4123,2023,SE,FT,Data Modeler,100000,USD,100000,US,0,US,M,Data Engineering & Architecture
4124,2023,MI,FT,Data Engineer,136000,USD,136000,US,100,US,M,Data Engineering & Architecture
4125,2023,SE,FT,Computer Vision Engineer,235000,USD,235000,US,0,US,M,Machine Learning / Ai
4126,2023,SE,FT,Data Modeler,160000,USD,160000,US,0,US,M,Data Engineering & Architecture
4127,2024,SE,FT,Machine Learning Engineer,195000,USD,195000,US,100,US,M,Machine Learning / Ai
4128,2023,SE,FT,Machine Learning Infrastructure Engineer,145000,USD,145000,US,0,US,M,Machine Learning / Ai
4129,2022,EX,FT,Director of Data Science,250000,CAD,192037,CA,50,CA,L,Data Scientist
4130,2024,SE,FT,Research Scientist,202350,USD,202350,US,0,US,M,Research / Computational
4131,2022,SE,FT,Data Engineer,154600,USD,154600,US,100,US,M,Data Engineering & Architecture
4132,2024,EX,FT,Data Science,326000,USD,326000,US,100,US,M,Data Scientist
4133,2023,MI,FT,Business Intelligence Analyst,62500,USD,62500,US,100,US,M,Data Analyst / BI
4134,2023,SE,FT,Data Scientist,124600,USD,124600,US,0,US,M,Data Scientist
4135,2023,SE,FT,NLP Engineer,135000,USD,135000,US,0,US,M,Machine Learning / Ai
4136,2024,MI,FT,Machine Learning Engineer,220000,USD,220000,US,0,US,M,Machine Learning / Ai
4137,2024,MI,FT,Data Scientist,103000,USD,103000,US,100,US,M,Data Scientist
4138,2023,SE,FT,ML Engineer,336300,USD,336300,US,0,US,M,Machine Learning / Ai
4139,2024,SE,FT,Data Analyst,59923,USD,59923,US,0,US,M,Data Analyst / BI
4140,2023,SE,FT,Data Scientist,187415,USD,187415,US,0,US,M,Data Scientist
4141,2024,SE,FT,Machine Learning Engineer,233840,USD,233840,US,0,US,M,Machine Learning / Ai
4142,2024,MI,FT,Machine Learning Engineer,185800,USD,185800,US,100,US,M,Machine Learning / Ai
4143,2023,EN,FT,Machine Learning Engineer,47840,USD,47840,US,0,US,M,Machine Learning / Ai
4144,2024,SE,FT,Data Scientist,146000,USD,146000,US,0,US,M,Data Scientist
4145,2023,SE,FT,Data Scientist,115000,USD,115000,CA,100,CA,M,Data Scientist
4146,2023,SE,FT,Data Science Engineer,140000,USD,140000,US,0,US,M,Data Scientist
4147,2023,MI,FT,Data Engineer,205600,USD,205600,US,0,US,L,Data Engineering & Architecture
4148,2023,SE,FT,Machine Learning Engineer,242921,USD,242921,US,0,US,M,Machine Learning / Ai
4149,2023,SE,FT,Applied Scientist,126100,USD,126100,US,0,US,L,Data Analyst / BI
4150,2023,SE,FT,Data Engineer,106500,USD,106500,US,0,US,M,Data Engineering & Architecture
4151,2022,EX,FT,Data Engineer,260000,USD,260000,US,100,US,M,Data Engineering & Architecture
4152,2023,EX,FT,Data Analyst,125000,USD,125000,US,100,US,M,Data Analyst / BI
4153,2023,MI,FT,Data Modeller,90000,GBP,110736,GB,0,GB,M,Data Analyst / BI
4154,2024,SE,FT,Data Engineer,104000,USD,104000,US,0,US,M,Data Engineering & Architecture
4155,2023,SE,FT,Data Quality Analyst,95000,USD,95000,US,0,US,M,Data Analyst / BI
4156,2023,SE,FT,Analytics Engineer,108320,USD,108320,US,100,US,M,Data Analyst / BI
4157,2022,MI,FT,Data Engineer,170000,USD,170000,US,0,US,M,Data Engineering & Architecture
4158,2023,SE,FT,Data Architect,134000,USD,134000,US,0,US,M,Data Engineering & Architecture
4159,2023,SE,FT,Business Intelligence Engineer,247500,USD,247500,US,0,US,M,Data Analyst / BI
4160,2023,SE,FT,Data Scientist,142436,USD,142436,GB,0,GB,M,Data Scientist
4161,2023,SE,FT,Data Architect,160000,USD,160000,US,100,US,M,Data Engineering & Architecture
4162,2024,SE,FT,Data Scientist,240000,USD,240000,FR,0,FR,M,Data Scientist
4163,2024,SE,FT,Data Scientist,125000,USD,125000,US,100,US,M,Data Scientist
4164,2023,MI,FT,Machine Learning Engineer,95000,USD,95000,PT,100,PT,M,Machine Learning / Ai
4165,2024,EN,FT,Data Scientist,154800,USD,154800,US,0,US,M,Data Scientist
4166,2024,EN,PT,Applied Scientist,151260,USD,151260,US,0,US,L,Data Analyst / BI
4167,2023,EX,FT,Data Engineer,136000,USD,136000,US,100,US,M,Data Engineering & Architecture
4168,2023,SE,FT,Machine Learning Infrastructure Engineer,165400,USD,165400,GB,0,GB,M,Machine Learning / Ai
4169,2020,EN,FT,Data Analyst,20000,EUR,22809,PT,100,PT,M,Data Analyst / BI
4170,2023,SE,FT,Data Engineer,260000,USD,260000,US,0,US,M,Data Engineering & Architecture
4171,2023,SE,FT,NLP Engineer,275000,USD,275000,US,0,US,M,Machine Learning / Ai
4172,2022,MI,FT,Data Scientist,90000,EUR,94560,FR,100,FR,M,Data Scientist
4173,2023,EN,FT,AI Research Engineer,2000000,INR,24322,IN,100,CH,L,Research / Computational
4174,2023,SE,FT,Data Engineer,147100,USD,147100,US,0,US,M,Data Engineering & Architecture
4175,2024,EX,FT,Data Engineer,258500,USD,258500,US,0,US,M,Data Engineering & Architecture
4176,2024,MI,FT,Machine Learning Scientist,140000,USD,140000,US,0,US,M,Machine Learning / Ai
4177,2024,SE,FT,Data Engineer,215000,USD,215000,US,0,US,M,Data Engineering & Architecture
4178,2023,EN,FT,Data Scientist,130000,USD,130000,US,0,US,M,Data Scientist
4179,2024,SE,FT,Research Scientist,180000,USD,180000,US,100,US,M,Research / Computational
4180,2024,SE,FT,Data Scientist,136500,USD,136500,US,100,US,M,Data Scientist
4181,2023,MI,FT,Data Scientist,145000,USD,145000,US,100,US,M,Data Scientist
4182,2023,SE,FT,Machine Learning Engineer,284310,USD,284310,US,0,US,M,Machine Learning / Ai
4183,2024,MI,FT,BI Developer,43626,GBP,54532,GB,0,GB,M,Data Analyst / BI
4184,2022,MI,FT,Data Analyst,40000,EUR,42026,ES,100,ES,M,Data Analyst / BI
4185,2024,MI,FT,Data Analyst,134500,USD,134500,US,0,US,M,Data Analyst / BI
4186,2023,MI,FT,Data Analyst,90000,USD,90000,US,100,US,M,Data Analyst / BI
4187,2023,SE,FT,Machine Learning Engineer,90000,USD,90000,CO,0,CO,M,Machine Learning / Ai
4188,2023,SE,FT,Data Engineer,124935,USD,124935,ZA,0,ZA,M,Data Engineering & Architecture
4189,2024,SE,FT,Research Scientist,164300,USD,164300,US,0,US,M,Research / Computational
4190,2022,EN,FT,Machine Learning Scientist,80000,USD,80000,CA,50,US,S,Machine Learning / Ai
4191,2024,MI,FT,Data Science,190000,USD,190000,US,0,US,M,Data Scientist
4192,2024,SE,FT,Data Engineer,140000,USD,140000,US,0,US,M,Data Engineering & Architecture
4193,2023,SE,FT,Data Scientist,60000,EUR,64781,ES,0,ES,M,Data Scientist
4194,2024,EN,FT,Data Analyst,55000,USD,55000,US,0,US,M,Data Analyst / BI
4195,2022,MI,FT,Data Scientist,70000,EUR,73546,NL,50,NL,L,Data Scientist
4196,2023,MI,FT,Research Engineer,300000,USD,300000,US,0,US,M,Research / Computational
4197,2023,SE,FT,Business Intelligence Engineer,180000,USD,180000,US,0,US,M,Data Analyst / BI
4198,2023,MI,FT,Data Analyst,109000,USD,109000,US,0,US,M,Data Analyst / BI
4199,2024,SE,FT,Data Engineer,175000,USD,175000,US,0,US,M,Data Engineering & Architecture
4200,2024,SE,FT,Analytics Engineer,130000,USD,130000,US,100,US,M,Data Analyst / BI
4201,2023,SE,FT,Machine Learning Scientist,204500,USD,204500,CA,0,CA,M,Machine Learning / Ai
4202,2024,EN,FT,Data Engineer,110000,USD,110000,US,0,US,M,Data Engineering & Architecture
4203,2023,SE,FT,Data Scientist,297300,USD,297300,US,100,US,M,Data Scientist
4204,2023,SE,FT,Data Scientist,167560,USD,167560,US,100,US,M,Data Scientist
4205,2023,MI,FT,Data Scientist,145000,USD,145000,US,0,US,M,Data Scientist
4206,2023,SE,FT,Data Engineer,100000,USD,100000,US,100,US,M,Data Engineering & Architecture
4207,2023,MI,FT,Data Analyst,126000,USD,126000,US,0,US,M,Data Analyst / BI
4208,2023,SE,FT,AI Engineer,212000,USD,212000,US,0,US,M,Machine Learning / Ai
4209,2024,MI,FT,Data Analyst,79645,USD,79645,US,100,US,M,Data Analyst / BI
4210,2024,SE,FT,Data Management Specialist,116500,USD,116500,US,0,US,M,Data Analyst / BI
4211,2023,SE,FT,Data Scientist,239000,USD,239000,US,0,US,L,Data Scientist
4212,2024,MI,FT,Data Scientist,172200,USD,172200,US,100,US,M,Data Scientist
4213,2023,SE,FT,Data Analyst,36000,EUR,38868,EE,0,EE,M,Data Analyst / BI
4214,2024,SE,FT,Machine Learning Engineer,220067,USD,220067,US,100,US,M,Machine Learning / Ai
4215,2023,SE,FT,ML Engineer,208450,USD,208450,US,0,US,M,Machine Learning / Ai
4216,2023,MI,FT,Business Intelligence Analyst,119000,USD,119000,US,0,US,M,Data Analyst / BI
4217,2023,SE,FT,Data Analyst,105000,USD,105000,US,100,US,M,Data Analyst / BI
4218,2023,SE,FT,Machine Learning Engineer,311000,USD,311000,US,0,US,M,Machine Learning / Ai
4219,2023,MI,FT,Data Analytics Lead,85000,GBP,104584,GB,0,GB,M,Data Analyst / BI
4220,2023,SE,FT,Data Analyst,142000,USD,142000,US,100,US,M,Data Analyst / BI
4221,2023,SE,FT,Data Engineer,192000,USD,192000,US,0,US,M,Data Engineering & Architecture
4222,2023,MI,FT,Data Strategist,115500,USD,115500,US,0,US,M,Data Analyst / BI
4223,2023,SE,FT,Data Scientist,38000,EUR,41027,ES,0,ES,M,Data Scientist
4224,2023,MI,FT,Data Engineer,150000,USD,150000,US,0,US,M,Data Engineering & Architecture
4225,2024,SE,FT,Machine Learning Engineer,257000,USD,257000,US,0,US,M,Machine Learning / Ai
4226,2023,SE,FT,Data Science Lead,170000,USD,170000,US,0,US,M,Data Scientist
4227,2023,SE,FT,Data Scientist,207500,USD,207500,US,100,US,M,Data Scientist
4228,2024,SE,FT,Data Scientist,206000,USD,206000,US,0,US,M,Data Scientist
4229,2024,MI,FT,Data Science,243500,USD,243500,US,0,US,M,Data Scientist
4230,2024,SE,FT,Data Scientist,50000,EUR,55555,FR,100,FR,M,Data Scientist
4231,2023,MI,FT,Data Engineer,85300,USD,85300,CA,0,CA,M,Data Engineering & Architecture
4232,2023,MI,CT,Business Data Analyst,35000,USD,35000,PH,100,US,M,Data Analyst / BI
4233,2024,SE,FT,Machine Learning Scientist,84500,USD,84500,US,0,US,M,Machine Learning / Ai
4234,2023,SE,FT,Data Scientist,134000,USD,134000,US,0,US,M,Data Scientist
4235,2024,EX,FT,Head of Data,290000,USD,290000,US,100,US,M,Data Analyst / BI
4236,2023,SE,FT,Applied Scientist,220000,USD,220000,US,0,US,M,Data Analyst / BI
4237,2023,EN,FT,Data Scientist,50000,USD,50000,IN,100,US,M,Data Scientist
4238,2023,EN,FT,Data Analyst,48000,USD,48000,US,0,US,M,Data Analyst / BI
4239,2024,SE,FT,Machine Learning Engineer,215000,CAD,165384,CA,0,CA,M,Machine Learning / Ai
4240,2024,SE,FT,Research Scientist,214000,USD,214000,US,100,US,M,Research / Computational
4241,2024,SE,FT,Data Engineer,185800,USD,185800,US,100,US,M,Data Engineering & Architecture
4242,2023,SE,FT,Data Architect,94000,USD,94000,US,0,US,M,Data Engineering & Architecture
4243,2023,MI,FT,Machine Learning Engineer,149094,USD,149094,US,0,US,M,Machine Learning / Ai
4244,2023,SE,FT,ML Engineer,152000,USD,152000,US,0,US,M,Machine Learning / Ai
4245,2024,MI,FT,AI Engineer,151000,USD,151000,US,0,US,M,Machine Learning / Ai
4246,2023,SE,FT,Machine Learning Infrastructure Engineer,70000,EUR,75577,FR,100,FR,M,Machine Learning / Ai
4247,2024,SE,FT,Machine Learning Engineer,153000,USD,153000,US,0,US,M,Machine Learning / Ai
4248,2022,EN,FT,AI Scientist,30000,EUR,31520,PT,100,ES,M,Machine Learning / Ai
